graph,num_threads,lousta-t,raksta-t,loufro-t,rakfro-t,hybfro-t,lousta-t1,raksta-t1,loufro-t1,rakfro-t1,hybfro-t1,lousta-m,raksta-m,loufro-m,rakfro-m,hybfro-m
all,1,29764.6894,9545.290232,1776.301476,679.7869187,706.3258463,29764.6894,9545.290232,1776.301476,679.7869187,706.3258463,0.9325329871,0.7639476409,0.9331740127,0.8074487805,0.9329705984
all,2,17888.71945,5830.886094,1252.076718,411.9085088,428.0995075,29764.6894,9545.290232,1776.301476,679.7869187,706.3258463,0.931999561,0.7630564422,0.9331732034,0.8074320673,0.9329703035
all,4,10372.18992,3119.203243,863.8168032,231.8779586,236.6940266,29764.6894,9545.290232,1776.301476,679.7869187,706.3258463,0.9331133662,0.7770450196,0.9331710333,0.8074280866,0.9329687926
all,8,6312.881345,1724.901701,533.4500691,161.020259,153.4477304,29764.6894,9545.290232,1776.301476,679.7869187,706.3258463,0.9329329996,0.7781179444,0.9331699523,0.8074130631,0.9329653623
all,16,4166.012198,1068.705591,410.0486784,105.7861609,101.9216197,29764.6894,9545.290232,1776.301476,679.7869187,706.3258463,0.9330636522,0.7851314594,0.9331689988,0.8074115786,0.932965243
all,32,3279.258282,800.8965153,358.9413598,90.11981926,81.9572588,29764.6894,9545.290232,1776.301476,679.7869187,706.3258463,0.9334863258,0.8405826342,0.9331662322,0.807416632,0.9329637965
all,64,3085.26171,740.8530093,343.3533319,77.74119266,73.45778839,29764.6894,9545.290232,1776.301476,679.7869187,706.3258463,0.9330477775,0.8372471478,0.9331636517,0.8074102458,0.9329581091
all,128,3362.496458,790.9485529,402.9893068,96.16599034,84.63410826,29764.6894,9545.290232,1776.301476,679.7869187,706.3258463,0.9327584355,0.8314364898,0.933155225,0.8074009276,0.9329599158