graph,order,size,batch_deletions_size,batch_insertions_size,batch_size,batch_fraction,seqstal-t,seqstar-t,seqstars-t,ompstal-t,ompstar-t,ompstars-t,ompfrol-t,ompfror-t,ompfrors-t,ompfrolr-t,ompfrolrs-t,seqstal-m,seqstar-m,seqstars-m,ompstal-m,ompstar-m,ompstars-m,ompfrol-m,ompfror-m,ompfrors-m,ompfrolr-m,ompfrolrs-m
all,28534303.84,465074601,0,465.074601,465.074601,0.000001,48796.77475,16175.05892,9818.792479,14247.60606,1392.784979,915.7247967,236.252355,21.24676808,18.5589435,14.57035658,12.22646436,0.9329497703,0.7857367691,0.7642710413,0.9384145452,0.8280411455,0.8485758598,0.9348386468,0.8228696903,0.8419766692,0.9385203769,0.9385134541
all,28534303.84,465074601,0,4650.74601,4650.74601,0.00001,49298.29872,16195.80523,9858.87968,14324.98977,1234.478352,832.493399,213.5233112,25.53554303,22.90436666,16.28065523,14.69366375,0.9329466768,0.7857359751,0.764263772,0.9382463485,0.8306677628,0.8469172852,0.9348303042,0.8228129101,0.8419022537,0.9384463172,0.9384450962
all,28534303.84,465074601,0,46507.4601,46507.4601,0.0001,49627.53106,16357.50008,9909.233133,14227.31473,1264.392551,838.4425976,220.4278349,34.8875309,29.68763513,23.16444551,22.76531469,0.9328797013,0.7857325447,0.7642023856,0.938201848,0.8249148211,0.8451408501,0.934746753,0.8227382119,0.8417646014,0.9383456046,0.9383459722
all,28534303.84,465074601,0,465074.601,465074.601,0.001,50850.07709,17329.19811,10628.04574,13695.27996,1295.202147,852.6271415,254.6427477,52.11376119,51.38299469,48.5108869,47.88715326,0.9320532753,0.7856367099,0.7635414746,0.9372929238,0.8313266773,0.8450392266,0.9339269402,0.8220924673,0.8410191541,0.9375355519,0.9375378846
all,28534303.84,465074601,0,4650746.01,4650746.01,0.01,66280.24084,25462.85111,15799.09403,14785.79587,1563.422874,1068.268215,405.5716237,156.4502354,152.4233672,130.9901766,132.0853423,0.9233647043,0.7834861037,0.7561425477,0.9280061642,0.823477745,0.8368150282,0.9255045478,0.8151398941,0.8336623274,0.9293442174,0.9293383154
all,28534303.84,465074601,0,46507460.1,46507460.1,0.1,130497.8729,55380.28437,35396.57662,21394.57308,3033.66321,2389.657807,750.2649774,1071.592356,850.2364384,667.5329894,657.7681598,0.8464254952,0.6847002258,0.6406081383,0.850325669,0.7283123313,0.7490388855,0.8504084466,0.7494429975,0.7649814453,0.8536619162,0.8537184541