graph,num_threads,lousta-t,raksta-t,loufro-t,rakfro-t,hybfro-t,lousta-t1,raksta-t1,loufro-t1,rakfro-t1,hybfro-t1
all,1,78766.39375,15492.675,1781.09375,1404.125,1399.21875,78766.39375,15492.675,1781.09375,1404.125,1399.21875
all,2,50568.76875,9676.04375,1165.14375,814.38125,786.06875,78766.39375,15492.675,1781.09375,1404.125,1399.21875
all,4,28747.7,5730.8875,732.225,452.85,470.15,78766.39375,15492.675,1781.09375,1404.125,1399.21875
all,8,16324,3288.51875,568.54375,243.73125,260.0875,78766.39375,15492.675,1781.09375,1404.125,1399.21875
all,16,10767.15,2207.86875,424.125,151.525,153.5125,78766.39375,15492.675,1781.09375,1404.125,1399.21875
all,32,8619.31875,1698.23125,373.2375,113,106.8,78766.39375,15492.675,1781.09375,1404.125,1399.21875
all,64,7393.59375,1400.73125,344.925,106.40625,99.75,78766.39375,15492.675,1781.09375,1404.125,1399.21875