graph,batch_deletions_fraction,batch_insertions_fraction,batch_fraction,lousta-t,raksta-t,loufro-t,rakfro-t,hybfro-t,lousta-m,raksta-m,loufro-m,rakfro-m,hybfro-m
all,0.00000005,0.00000005,0.0000001,3210.048935,750.1732478,310.3957973,16.61651852,13.02544128,0.9342476657,0.8302838909,0.9345355835,0.8427848053,0.9345355826
all,0.0000005,0.0000005,0.000001,2973.616309,755.7632988,292.8040556,18.35400981,16.40115592,0.9339867217,0.8345255932,0.9345367001,0.8427847661,0.9345366271
all,0.000005,0.000005,0.00001,3007.569323,751.1487901,300.6229569,30.95412585,27.32646614,0.933703298,0.8301801385,0.9345436392,0.8428842067,0.9344799837
all,0.00005,0.00005,0.0001,3065.05845,736.6271415,311.1293257,44.04396676,42.44558947,0.9342458543,0.8366012954,0.9345866174,0.8430989283,0.9344237383
all,0.0005,0.0005,0.001,3030.913336,743.9344152,328.9201668,82.56129325,67.26803474,0.9338344837,0.8399295621,0.9343256933,0.8430257838,0.9341039932
all,0.005,0.005,0.01,3447.140899,857.8865135,431.5705123,230.7523453,211.6131548,0.9296279012,0.8370927012,0.9304729436,0.8403660601,0.9300593196
all,0.05,0.05,0.1,6194.824328,1584.458381,1010.044187,1172.277762,1029.743843,0.8938025117,0.8008740632,0.8919584461,0.8111238457,0.8909671012