graph,batch_deletions_fraction,batch_insertions_fraction,batch_fraction,lousta-t,raksta-t,loufro-t,rakfro-t,hybfro-t,lousta-m,raksta-m,loufro-m,rakfro-m,hybfro-m
all,0.00000005,0.00000005,0.0000001,7559.6,1407.25625,246.825,33.04375,27.6875,0.9059888388,0.7360958231,0.9048452946,0.7782772991,0.9048452945
all,0.0000005,0.0000005,0.000001,7518.1125,1464.175,229.73125,38.05,38.20625,0.9055074162,0.7861502703,0.904841729,0.7782746274,0.9048131728
all,0.000005,0.000005,0.00001,7334.63125,1445.075,254.7125,53.95,57.48125,0.9055175888,0.7673834737,0.9047882253,0.7783041665,0.9047750277
all,0.00005,0.00005,0.0001,7316,1309.59375,265.80625,66.24375,70.23125,0.9058081353,0.7763424433,0.9047103465,0.7784316726,0.9046806229
all,0.0005,0.0005,0.001,7264.30625,1351.40625,338.09375,111.24375,103.975,0.9045906059,0.7702053953,0.9043713914,0.7778603694,0.9043233741
all,0.005,0.005,0.01,7609.9375,1479.25,844.36875,251.00625,232.06875,0.9019099528,0.7802025816,0.9010440363,0.7751323878,0.9004010132
all,0.05,0.05,0.1,10820.44375,2399.65625,1461.2375,827.56875,799.01875,0.8711314559,0.7315065576,0.8634740223,0.747204924,0.8622158368