graph,order,size,batch_deletions_size,batch_insertions_size,batch_size,batch_fraction,ompstal-t,ompstar-t,ompstars-t,ompfrol-t,ompfror-t,ompfrors-t,ompfrolr-t,ompfrolrs-t,ompstal-m,ompstar-m,ompstars-m,ompfrol-m,ompfror-m,ompfrors-m,ompfrolr-m,ompfrolrs-m
all,28534303.84,465074601,23.25373005,23.25373005,46.5074601,0.0000001,41116.4,2182.687692,1547.327692,381.5046154,33.09384615,33.22,28.40769231,22.27230769,0.9382093462,0.8238959432,0.8437161653,0.9316573294,0.8324761185,0.838745355,0.9383130338,0.9383137378
all,28534303.84,465074601,232.5373005,232.5373005,465.074601,0.000001,38894.95538,1787.166154,1339.990769,332.8830769,37.27846154,38.01846154,34.27692308,30.48307692,0.9384448065,0.8309739867,0.8474990237,0.9317598257,0.832615532,0.8388802485,0.9384138772,0.938409496
all,28534303.84,465074601,2325.373005,2325.373005,4650.74601,0.00001,38916.61231,1648.550769,1214.321538,337.9046154,58,61.36461538,59.72307692,53.76769231,0.93811147,0.8248464418,0.8475032683,0.9317368243,0.8326067241,0.8385605728,0.9383330095,0.9383353271
all,28534303.84,465074601,23253.73005,23253.73005,46507.4601,0.0001,40423.08923,1663.438462,1162.056923,361.3507692,80.56,80.64923077,73.37384615,70.99846154,0.9377198555,0.8256223591,0.8449622972,0.9315131007,0.8323042292,0.8378449998,0.93807599,0.9380635789
all,28534303.84,465074601,232537.3005,232537.3005,465074.601,0.001,42002.99385,1713.846154,1194.509231,395.3723077,137.6184615,136.08,117.5323077,106.1969231,0.9365398322,0.827211653,0.8448120559,0.930961897,0.8315921037,0.8367125672,0.9374702644,0.9374480596
all,28534303.84,465074601,2325373.005,2325373.005,4650746.01,0.01,45820.59385,1804.404615,1367.127692,575.8184615,392.3969231,417.5892308,371.6430769,361.2630769,0.9150810057,0.8258596246,0.8323009127,0.926731537,0.8273312461,0.8200427226,0.9319133271,0.9317929216
all,28534303.84,465074601,23253730.05,23253730.05,46507460.1,0.1,61665.03077,3277.270769,2922.247692,8825.207692,2767.481538,2742.516923,2410.418462,2331.143077,0.870944608,0.7810343313,0.7936982757,0.880943408,0.7907046122,0.781321763,0.886846529,0.8868394305