graph,order,size,batch_deletions_size,batch_insertions_size,batch_size,batch_fraction,seqsta-t,ompsta-t,ompnai-t,ompdel-t,ompfro-t,seqsta-m,ompsta-m,ompnai-m,ompdel-m,ompfro-m
all,28534303.84,465074601,0,4.65074601,4.65074601,0.00000001,61603.55688,17303.28475,785.7218426,397.3756535,346.0205723,0.9420546918,0.944900603,0.9425588098,0.9423866193,0.942377335
all,28534303.84,465074601,0,46.5074601,46.5074601,0.0000001,48164.79058,14626.69382,507.9119843,319.7791431,229.6322594,0.9329514098,0.9384838572,0.9335653853,0.9334849868,0.9334218008
all,28534303.84,465074601,0,465.074601,465.074601,0.000001,48218.19029,14049.63666,473.9869521,357.2848417,219.7582915,0.9329513524,0.9382932015,0.9335719281,0.9335737879,0.9334209688
all,28534303.84,465074601,0,4650.74601,4650.74601,0.00001,48447.66984,14031.80462,459.1150037,422.7919899,211.6196294,0.932944641,0.9386661182,0.9335668258,0.9335725265,0.9334126317
all,28534303.84,465074601,0,46507.4601,46507.4601,0.0001,48981.10099,14088.79895,466.2582306,452.4775349,227.1593051,0.9328556735,0.9383063229,0.9334897868,0.9334851325,0.9333293305
all,28534303.84,465074601,0,465074.601,465074.601,0.001,50957.05453,13235.37356,463.5322871,459.345785,246.2249952,0.931997629,0.9370822722,0.9327475287,0.9327460284,0.9325962092
all,28534303.84,465074601,0,4650746.01,4650746.01,0.01,66063.18936,14382.11387,583.4824152,553.4884498,391.2271546,0.9231586639,0.9278271762,0.924987992,0.9249957346,0.9248619762
all,28534303.84,465074601,0,46507460.1,46507460.1,0.1,131338.4173,20583.31764,827.7962711,810.7989522,736.1071089,0.8465055538,0.8501747566,0.8506196144,0.850610276,0.8505266631