graph,order,size,batch_deletions_size,batch_insertions_size,batch_size,batch_fraction,ompsta-t,ompnai-t,ompdel-t,ompfro-t,ompsta-m,ompnai-m,ompdel-m,ompfro-m
all,28534303.84,465074601,23.25373005,23.25373005,46.5074601,0.0000001,14264.40036,495.8198799,487.4813576,226.7474296,0.9382224206,0.9360476165,0.9360392014,0.9360162536
all,28534303.84,465074601,232.5373005,232.5373005,465.074601,0.000001,14296.01396,485.1203743,490.6906113,218.7350371,0.9385059397,0.9361197286,0.9361190522,0.936087425
all,28534303.84,465074601,2325.373005,2325.373005,4650.74601,0.00001,15351.48454,440.9077171,464.0863292,220.9610647,0.9381376313,0.936106026,0.9361066963,0.9360729936
all,28534303.84,465074601,23253.73005,23253.73005,46507.4601,0.0001,17965.12352,424.0428355,451.3847164,226.2972943,0.9380879271,0.9358697268,0.9358691355,0.9358360795
all,28534303.84,465074601,232537.3005,232537.3005,465074.601,0.001,18306.64286,433.2527141,588.7815204,256.8474197,0.9362679597,0.9353112291,0.9353111541,0.935280261
all,28534303.84,465074601,2325373.005,2325373.005,4650746.01,0.01,20781.1511,497.1781752,975.1273498,355.6264878,0.911308517,0.9311092951,0.9311105909,0.9310785413
all,28534303.84,465074601,23253730.05,23253730.05,46507460.1,0.1,26703.06493,963.4620169,2744.617185,1032.474432,0.8690503901,0.885070781,0.8849485246,0.884842249