graph,order,size,batch_deletions_size,batch_insertions_size,batch_size,batch_fraction,seqsta-t,ompsta-t,ompnai-t,ompdel-t,ompfro-t,seqsta-m,ompsta-m,ompnai-m,ompdel-m,ompfro-m
all,28534303.84,465074601,0,465.074601,465.074601,0.000001,48325.51632,14308.30315,505.7243942,384.8089827,229.4784821,0.9329556845,0.938044457,0.9350057508,0.9350052961,0.9349772334
all,28534303.84,465074601,0,4650.74601,4650.74601,0.00001,48144.91865,14218.64092,487.2673486,439.5711303,222.9350307,0.93294614,0.938586813,0.9349973586,0.9349967979,0.934968871
all,28534303.84,465074601,0,46507.4601,46507.4601,0.0001,48648.00927,13965.74609,456.741959,446.8902009,222.9749589,0.9328527468,0.9382771782,0.9349165993,0.9349168725,0.9348885438
all,28534303.84,465074601,0,465074.601,465074.601,0.001,50568.68923,13157.80915,457.1726635,458.3946954,250.0921601,0.9320382338,0.9370508291,0.9340798593,0.9340801395,0.9340523459
all,28534303.84,465074601,0,4650746.01,4650746.01,0.01,66430.26978,14189.93005,564.5442766,546.9374422,370.7272879,0.9232781693,0.9281064533,0.9258800867,0.9258801112,0.9258589652
all,28534303.84,465074601,0,46507460.1,46507460.1,0.1,131720.6147,20852.74843,803.4984597,810.99983,720.7950777,0.8462707421,0.8504101768,0.8502661327,0.8502587738,0.8502546242