graph,order,size,batch_deletions_size,batch_insertions_size,batch_size,batch_fraction,seqsta-t,ompsta-t,ompnai-t,ompdel-t,ompfro-t,seqsta-m,ompsta-m,ompnai-m,ompdel-m,ompfro-m
all,28534303.84,465074601,46.5074601,46.5074601,46.5074601,0.0000001,48531.64069,14719.61743,507.8313301,308.3116274,222.9682005,0.9329694794,0.9383338569,0.9346400805,0.9345956938,0.9345591748
all,28534303.84,465074601,465.074601,465.074601,465.074601,0.000001,49318.92576,14496.2918,482.2410719,354.2881848,217.6442838,0.9330384022,0.9383392268,0.934712779,0.934713208,0.9346269955
all,28534303.84,465074601,4650.74601,4650.74601,4650.74601,0.00001,51582.47291,16047.51804,459.4880779,410.0871133,217.9971013,0.9330897473,0.9383901718,0.9346397074,0.9346427609,0.934552299
all,28534303.84,465074601,46507.4601,46507.4601,46507.4601,0.0001,52874.36687,16698.84238,455.3880961,440.594013,227.6259871,0.9328977578,0.9376045374,0.9345108574,0.9345081737,0.934420671
all,28534303.84,465074601,465074.601,465074.601,465074.601,0.001,58080.79577,16421.75606,456.925292,451.5699464,254.4220444,0.9323874765,0.9368148023,0.9341195021,0.9341187716,0.9340335428
all,28534303.84,465074601,4650746.01,4650746.01,4650746.01,0.01,79225.99819,18751.03211,543.3155706,518.3084758,360.9806082,0.9270644444,0.9258414345,0.9301604593,0.9301644797,0.9301686537
all,28534303.84,465074601,46507460.1,46507460.1,46507460.1,0.1,130068.362,25664.36731,700.6087979,680.526475,595.2458282,0.8903422404,0.8885752504,0.8923084017,0.892302268,0.8922545205
