graph,batch_deletions_fraction,batch_insertions_fraction,batch_fraction,lousta-t,lounai-t,loudel-t,loufro-t,lousta-m,lounai-m,loudel-m,loufro-m
all,0.00000005,0.00000005,0.0000001,3224.275557,552.9289194,755.3778981,303.976287,0.9334664642,0.9342552833,0.9337329226,0.9333692123
all,0.0000005,0.0000005,0.000001,3078.061559,498.4344656,792.1499906,296.8920107,0.9340093076,0.9342545758,0.9341998466,0.9333691433
all,0.000005,0.000005,0.00001,2964.300466,477.7795326,814.1418442,302.4769084,0.934221545,0.9342496394,0.9342402994,0.9333757852
all,0.00005,0.00005,0.0001,2880.084274,457.1350175,802.9259799,295.8432655,0.9335490088,0.9342077951,0.9342083097,0.9334302555
all,0.0005,0.0005,0.001,2900.028874,444.9563274,839.8445173,304.4492886,0.933661229,0.9337930076,0.9337930703,0.9331627914
all,0.005,0.005,0.01,3393.038126,473.0063694,1035.969962,392.5635244,0.9294725183,0.929695864,0.9296963158,0.9292868959
all,0.05,0.05,0.1,6019.092855,837.0119115,2462.266527,899.7022033,0.8931185334,0.8910085299,0.891008438,0.8908677563