graph,batch_deletions_fraction,batch_insertions_fraction,batch_fraction,lousta-t,lounai-t,loudel-t,loufro-t,lousta-m,lounai-m,loudel-m,loufro-m
all,0.00000005,0.00000005,0.0000001,3748.706109,200.7293443,185.3006672,13.90369381,0.9061132597,0.9071421161,0.9071416528,0.9060024361
all,0.0000005,0.0000005,0.000001,3625.648343,206.2648534,204.3519871,16.15464233,0.9052790736,0.907142566,0.907142002,0.9060046352
all,0.000005,0.000005,0.00001,3671.677454,196.402896,204.4925013,27.70616978,0.9055883041,0.9071375167,0.9071376385,0.9060147601
all,0.00005,0.00005,0.0001,3639.739426,187.429676,213.39306,44.00600085,0.9063826222,0.9070980334,0.9070977215,0.9060515261
all,0.0005,0.0005,0.001,3573.003682,234.4039913,283.9998865,79.43729065,0.9045624919,0.9066972979,0.9066974673,0.9058198679
all,0.005,0.005,0.01,3719.634495,301.0484988,447.0468267,203.5918602,0.9013215792,0.9027287121,0.9027291072,0.9021150109
all,0.05,0.05,0.1,5566.668168,1230.404104,1707.448986,1177.845352,0.870480201,0.8648573811,0.8648582165,0.8644157224