graph,order,size,batch_deletions_size,batch_insertions_size,batch_size,batch_fraction,seqsta-t,seqstas-t,ompsta-t,ompstas-t,ompnai-t,ompnais-t,ompdel-t,ompdels-t,ompfro-t,ompfros-t,seqsta-m,seqstas-m,ompsta-m,ompstas-m,ompnai-m,ompnais-m,ompdel-m,ompdels-m,ompfro-m,ompfros-m
all,28534303.84,465074601,46.5074601,46.5074601,46.5074601,0.0000001,23479.45385,17239.98538,2149.220769,1480.630769,793.1284615,467.1961538,129.8815385,113.1623077,22.73923077,23.98230769,0.7857574554,0.7643194243,0.8276654258,0.8468604003,0.8327642955,0.8427554113,0.8258216618,0.8423126721,0.8258302945,0.8422806118
all,28534303.84,465074601,465.074601,465.074601,465.074601,0.000001,23431.14923,17191.60538,1863.761538,1359.209231,738.6053846,428.2053846,157.8069231,148.7723077,32.04,31.50384615,0.7858144562,0.7643492355,0.8236528815,0.8451232735,0.8328397751,0.8428263933,0.8258386914,0.8424064342,0.8259059715,0.8423676808
all,28534303.84,465074601,4650.74601,4650.74601,4650.74601,0.00001,23523.00769,17257.76538,1927.893077,1374.283846,729.7507692,440.4153846,197.84,209.0792308,44.70538462,46.37538462,0.785738449,0.7641973195,0.8300846951,0.8471374996,0.8328095427,0.842752925,0.8257097506,0.8421514809,0.825826282,0.8422787069
all,28534303.84,465074601,46507.4601,46507.4601,46507.4601,0.0001,23485.50308,17245.19385,1960.654615,1312.053077,698.2638462,432.3615385,237.8823077,244.2330769,60.52230769,62.62615385,0.7832961002,0.7639440013,0.8267008051,0.8443897216,0.8326785405,0.8425629356,0.8255302683,0.8421033333,0.8255489009,0.8420098821
all,28534303.84,465074601,465074.601,465074.601,465074.601,0.001,24643.07077,18285.23538,1879.908462,1381.866923,709.6253846,450.3792308,282.8815385,289.4676923,97.47846154,94.86153846,0.7807787787,0.7630854253,0.8246131882,0.8409389438,0.8323904653,0.8419046675,0.8250369472,0.8415477789,0.8249783566,0.8414465644
all,28534303.84,465074601,4650746.01,4650746.01,4650746.01,0.01,31927.52846,25086.97923,2319.013077,1636.218462,817.5161538,533.0792308,422.41,408.9546154,257.8992308,245.5,0.7878667395,0.7582477254,0.8246676851,0.836539575,0.8309970139,0.8380623673,0.8213742451,0.8377608199,0.8215733914,0.8377679583
all,28534303.84,465074601,46507460.1,46507460.1,46507460.1,0.1,59566.06538,46638.91077,3402.870769,3119.337692,1492.928462,1330.414615,1362.823846,1283.899231,1258.833846,1196.946923,0.7388008523,0.7006490129,0.7883159392,0.7925046797,0.8014964401,0.8052823754,0.7921579838,0.8050754818,0.7918022461,0.8050012698