graph,batch_deletions_fraction,batch_insertions_fraction,batch_fraction,raksta-t,raknai-t,rakdel-t,rakfro-t,raksta-m,raknai-m,rakdel-m,rakfro-m
all,0.00000005,0.00000005,0.0000001,710.3351886,211.9338236,68.75959352,7.105465388,0.7834764028,0.7248984266,0.7245616832,0.7244671062
all,0.0000005,0.0000005,0.000001,680.7139531,207.6610772,89.45274293,8.464813476,0.774372413,0.7248943803,0.7246864491,0.7244686534
all,0.000005,0.000005,0.00001,648.7939207,183.1364167,89.98069218,12.35692455,0.7763999317,0.7248977596,0.7246727654,0.7244710281
all,0.00005,0.00005,0.0001,659.417378,181.1436752,100.0273088,21.14654769,0.7623972289,0.7248693534,0.7246478989,0.7243104747
all,0.0005,0.0005,0.001,664.0754049,180.6348738,140.127124,32.45021044,0.7772459692,0.7246158435,0.7244540825,0.7240797778
all,0.005,0.005,0.01,710.0222893,203.7636706,288.3945722,85.8385402,0.7683664184,0.7221172861,0.721989219,0.7217606844
all,0.05,0.05,0.1,1034.75977,356.3059271,863.8862717,323.8926693,0.7467914921,0.6982387329,0.6981510529,0.69812185