graph,order,size,batch_deletions_size,batch_insertions_size,batch_size,batch_fraction,seqsta-t,seqstas-t,ompsta-t,ompstas-t,ompnai-t,ompnais-t,ompdel-t,ompdels-t,ompfro-t,ompfros-t,seqsta-m,seqstas-m,ompsta-m,ompstas-m,ompnai-m,ompnais-m,ompdel-m,ompdels-m,ompfro-m,ompfros-m
all,28534303.84,465074601,0,465.074601,465.074601,0.000001,15457.26712,9412.669353,1394.654963,945.0614804,456.5348751,287.992287,86.54625389,85.56060596,14.6879435,14.93593319,0.7857368725,0.7642705249,0.8256037948,0.8451600138,0.8321305472,0.8443867857,0.8252013191,0.8438124093,0.8252838398,0.8439078288
all,28534303.84,465074601,0,4650.74601,4650.74601,0.00001,15299.46107,9318.574156,1278.162154,851.2534986,408.4166068,268.0929598,106.2754878,109.2323754,17.09661948,16.35169925,0.7857360315,0.7642647258,0.8239670296,0.8461398789,0.8321240086,0.8443774559,0.8250733378,0.8437421421,0.8252394246,0.8438580706
all,28534303.84,465074601,0,46507.4601,46507.4601,0.0001,15633.32358,9538.607133,1285.663869,832.0506588,416.5949571,267.2255083,121.2927277,125.0437592,27.63689672,26.32500792,0.7857259644,0.7641984933,0.8257376366,0.8453901563,0.8320871447,0.8443077768,0.8250029812,0.8437288522,0.8251109218,0.8437190216
all,28534303.84,465074601,0,465074.601,465074.601,0.001,16674.64506,10269.96804,1347.438009,861.8963527,413.8650203,264.6045576,161.31843,174.1944814,50.07422075,50.01303181,0.7856418926,0.7635495933,0.8269814671,0.8432379613,0.8317153741,0.843542616,0.8243246189,0.8430876294,0.8243970312,0.8430338064
all,28534303.84,465074601,0,4650746.01,4650746.01,0.01,23940.77542,14974.99198,1602.950841,1097.495484,520.5157945,334.4532383,277.2928486,272.8345455,164.9489557,149.5376145,0.7833373991,0.7557418325,0.8261380402,0.8356243804,0.8271689221,0.8360483226,0.8174009204,0.8357325584,0.8173728188,0.8356498496
all,28534303.84,465074601,0,46507460.1,46507460.1,0.1,50970.15288,32571.15213,3029.361188,2320.908603,1398.392083,965.3440599,1193.477055,922.2539604,1078.082483,842.104086,0.6776204502,0.6382776289,0.7362866832,0.7484102929,0.7596311888,0.7668794674,0.7521859667,0.7667260459,0.7509076896,0.766644566