graph,order,size,batch_deletions_size,batch_insertions_size,batch_size,batch_fraction,ompsta-t,ompstas-t,ompnai-t,ompnais-t,ompdel-t,ompdels-t,ompfro-t,ompfros-t,ompsta-m,ompstas-m,ompnai-m,ompnais-m,ompdel-m,ompdels-m,ompfro-m,ompfros-m
all,28534303.84,465074601,23.25373005,23.25373005,46.5074601,0.0000001,1589.262161,1011.767482,487.1250416,307.4251066,453.3249345,444.1296236,14.3697876,16.21476022,0.8230170182,0.8443958303,0.8268924463,0.8433938187,0.8200965332,0.8430544839,0.8200914544,0.8430376206
all,28534303.84,465074601,232.5373005,232.5373005,465.074601,0.000001,1322.349025,864.586496,434.7399814,263.0569569,476.0203328,493.6638194,18.47707162,18.35490072,0.8278380263,0.8434035601,0.8270007586,0.843513456,0.8202103512,0.8430741132,0.8202106051,0.8431629115
all,28534303.84,465074601,2325.373005,2325.373005,4650.74601,0.00001,1309.150225,813.2739895,408.4437484,248.961538,531.0241025,532.3308845,31.21743572,30.53443721,0.8229361027,0.8457062588,0.8270224028,0.8434938024,0.8200897919,0.8430448212,0.8202162894,0.8431307803
all,28534303.84,465074601,23253.73005,23253.73005,46507.4601,0.0001,1290.616154,820.6123266,409.1258479,252.396607,555.6889052,556.61964,46.96448606,45.47176771,0.8276076348,0.8457125831,0.8268127026,0.8432143374,0.8198314055,0.8428602476,0.8198722762,0.8428301213
all,28534303.84,465074601,232537.3005,232537.3005,465074.601,0.001,1322.107613,845.3709034,415.2291737,255.7235763,594.5749041,614.0998843,73.04110727,73.42447905,0.8261850129,0.8453001958,0.8263349723,0.8422438382,0.8190517307,0.8419214216,0.8191121394,0.8418977075
all,28534303.84,465074601,2325373.005,2325373.005,4650746.01,0.01,1511.593271,980.9242169,481.4673346,288.1051492,813.8469175,826.5921624,218.6874584,211.823856,0.8220448715,0.8310879749,0.8243045897,0.8376663583,0.8146133848,0.8373678774,0.814685467,0.8374249994
all,28534303.84,465074601,23253730.05,23253730.05,46507460.1,0.1,2517.703175,1925.074078,1109.485249,729.9458191,2368.935747,2168.674338,1424.064256,1299.775362,0.781135497,0.7918244049,0.7880598948,0.7986598719,0.778661429,0.7984633873,0.7774966798,0.7983155286