graph,batch_deletions_size,batch_insertions_size,batch_fraction,raksta-t,raknai-t,rakdel-t,rakfro-t,raksta-m,raknai-m,rakdel-m,rakfro-m
all,0.00000005,0.00000005,0.0000001,853.2300799,304.8701176,415.851471,13.22547802,0.8258627073,0.8376282371,0.8367485735,0.8364957126
all,0.0000005,0.0000005,0.000001,779.9357095,260.062157,436.1798695,16.38228996,0.8327745984,0.8376264149,0.8366019163,0.8365064571
all,0.000005,0.000005,0.00001,744.87161,245.6561607,477.5331788,26.0816865,0.8255911834,0.8376255886,0.8367310628,0.8365317784
all,0.00005,0.00005,0.0001,735.2161689,247.0106252,499.3634374,39.0724035,0.8205342072,0.8375910886,0.8370460887,0.8367054183
all,0.0005,0.0005,0.001,802.9073325,266.8444359,593.514592,69.35895669,0.8260759374,0.8372698504,0.8370034788,0.8364951464
all,0.005,0.005,0.01,867.9493201,303.5040863,848.8314658,214.8450128,0.830298555,0.8340668744,0.8339615707,0.8335768403
all,0.05,0.05,0.1,1437.600755,586.4587092,2101.580649,1158.665784,0.8021430923,0.8033062278,0.8032561466,0.8032206469