graph,order,size,batch_deletions_size,batch_insertions_size,batch_size,batch_fraction,num_threads,seqsta-s,ompsta-s,ompnai-s,ompdel-s,ompfro-s,seqsta-m,ompsta-m,ompnai-m,ompdel-m,ompfro-m
indochina-2004,7.41E+06,3.41E+08,0.00E+00,3.41E+05,3.41E+05,1.00E-03,1,1,1,1,1,1,0.9481107388,0.9481107388,0.945981893,0.945981893,0.9459781672
indochina-2004,7.41E+06,3.41E+08,0.00E+00,3.41E+05,3.41E+05,1.00E-03,2,1,1.522282042,1.606901661,1.643603247,1.774285578,0.9481107388,0.9479362868,0.9459819818,0.9459819818,0.945978256
indochina-2004,7.41E+06,3.41E+08,0.00E+00,3.41E+05,3.41E+05,1.00E-03,4,1,2.18650236,2.464878436,2.497372382,2.773112366,0.9481107388,0.9480353184,0.945981895,0.945981895,0.945978258
indochina-2004,7.41E+06,3.41E+08,0.00E+00,3.41E+05,3.41E+05,1.00E-03,8,1,2.08753826,3.196949443,3.439837044,4.000750509,0.9481107388,0.9480041764,0.945981895,0.9459818962,0.945978169
indochina-2004,7.41E+06,3.41E+08,0.00E+00,3.41E+05,3.41E+05,1.00E-03,16,1,2.780993814,4.300779269,4.485296908,5.027620587,0.9481107388,0.9480180304,0.945981893,0.945981893,0.9459781672
indochina-2004,7.41E+06,3.41E+08,0.00E+00,3.41E+05,3.41E+05,1.00E-03,32,1,3.187821649,4.518287071,4.675103816,5.616345575,0.9481107388,0.9479451276,0.945981893,0.9459818954,0.9459781672
indochina-2004,7.41E+06,3.41E+08,0.00E+00,3.41E+05,3.41E+05,1.00E-03,64,1,3.198967124,4.520257827,4.500237937,5.218151308,0.9481107388,0.9476162872,0.945981985,0.9459818962,0.945978169
indochina-2004,7.41E+06,3.41E+08,0.00E+00,3.41E+05,3.41E+05,1.00E-03,128,1,2.894528422,3.93200118,4.163056876,3.791789452,0.9481107388,0.9467228166,0.9459798078,0.9459798068,0.9459781684