graph,order,size,batch_deletions_size,batch_insertions_size,batch_size,batch_fraction,seqsta-t,seqstas-t,ompsta-t,ompstas-t,ompnai-t,ompnais-t,ompdel-t,ompdels-t,ompfro-t,ompfros-t,seqsta-m,seqstas-m,ompsta-m,ompstas-m,ompnai-m,ompnais-m,ompdel-m,ompdels-m,ompfro-m,ompfros-m
arabic-2005,22744080,1209320581,0,12,12,0.000000009922927128,15194.82,14627.08,899.72,899.8,248.64,275.72,46.34,51.82,7.2,6.06,0.962202049,0.953936333,0.9563753354,0.954753811,0.9577889946,0.9564761188,0.9560322802,0.9546421552,0.956005681,0.954638236
arabic-2005,22744080,1209320581,0,120,120,0.00000009922927128,15166.52,14620.66,835.14,822.46,241.72,241.34,80.2,95.7,8.38,8.54,0.9622019652,0.953936235,0.9557750526,0.954728864,0.957789247,0.9564752132,0.9560416448,0.9546624516,0.9560056294,0.9546381926
arabic-2005,22744080,1209320581,0,1208,1208,0.0000009989079976,15293.8,14750.42,654.32,621.14,209.56,204.22,121.48,111.68,9.16,9.14,0.962200984,0.953935404,0.9559599446,0.9549839446,0.957783827,0.9564721718,0.9561758554,0.9547281298,0.9560051196,0.9546380312
arabic-2005,22744080,1209320581,0,12090,12090,0.000009997349082,15289.38,14819.16,629.4,631.56,213.72,199.62,175.4,160.16,18.24,14.12,0.962192245,0.9539354442,0.9567261086,0.9550939072,0.9577766958,0.9564636956,0.95640838,0.954910441,0.956023433,0.954639602
arabic-2005,22744080,1209320581,0,120900,120900,0.00009997349082,15597.4,15064.16,612.12,614.1,198,199.3,189.62,183.48,31.96,30.88,0.9621033956,0.9538684348,0.9557804356,0.9544207506,0.9576892602,0.9563798254,0.9568515034,0.9554238688,0.9560989112,0.9546374694
arabic-2005,22744080,1209320581,0,1209000,1209000,0.0009997349082,17402.62,16829.2,678.58,652.28,213.68,215.08,214.32,212.76,59.08,66.24,0.9612124338,0.9533318784,0.9556047092,0.953998444,0.9568335938,0.9555219672,0.9566336932,0.955299004,0.9556002792,0.9541549444
arabic-2005,22744080,1209320581,0,12090000,12090000,0.009997349082,29092.56,28748.48,994.52,937.44,338.92,279.34,316.9,306.58,206.58,180.82,0.952689057,0.944829934,0.9469154678,0.9458001148,0.948329922,0.9470353498,0.9483218424,0.9470290596,0.9478220086,0.9464723324
arabic-2005,22744080,1209320581,0,120900000,120900000,0.09997349082,76952.14,73955.82,3587.76,3954.76,1797.1,1824.56,1725.64,1618.52,1651.92,1692.72,0.8772475326,0.841556412,0.8702031904,0.8692902822,0.8717656488,0.8705993696,0.8717646212,0.8705995288,0.8717629584,0.8705959322