graph,order,size,batch_deletions_size,batch_insertions_size,batch_size,batch_fraction,seqsta-t,seqstas-t,ompsta-t,ompstas-t,ompnai-t,ompnais-t,ompdel-t,ompdels-t,ompfro-t,ompfros-t,seqsta-m,seqstas-m,ompsta-m,ompstas-m,ompnai-m,ompnais-m,ompdel-m,ompdels-m,ompfro-m,ompfros-m
arabic-2005,22744080,1209320581,0,1208,1208,0.0000009989079976,15214.52,14639.44,747.32,711.9,235.42,242.18,125.26,131.78,9.8,7.16,0.9622010964,0.9539356464,0.955833302,0.954975899,0.9584450246,0.9564911632,0.9567580602,0.9547644094,0.9565125436,0.95467204
arabic-2005,22744080,1209320581,0,12090,12090,0.000009997349082,15183.24,14751.34,703.24,635.44,223.04,215.66,186.56,186.64,25.48,14.66,0.9621924004,0.9539304076,0.9560017792,0.9545882116,0.9584354604,0.9564812086,0.9570425962,0.9549465148,0.9566194404,0.9546748274
arabic-2005,22744080,1209320581,0,120900,120900,0.00009997349082,15549.92,15035.5,678.46,633.08,206.62,212.08,208.94,191.04,31.22,29.36,0.9621068882,0.953839329,0.9553362742,0.9550144928,0.9583470444,0.95639677,0.9575123606,0.9554346744,0.956699117,0.9546592634
arabic-2005,22744080,1209320581,0,1209000,1209000,0.0009997349082,17538.92,17080.64,778.34,766.26,251.12,253.62,245.74,240.52,65.68,58.24,0.9612324176,0.9532129326,0.9551540484,0.9541448348,0.957489148,0.9555376256,0.9572999564,0.9553194306,0.9562173956,0.9541954572
arabic-2005,22744080,1209320581,0,12090000,12090000,0.009997349082,28439.64,28489.48,1324.4,1288.92,417.38,417.08,399.1,414.82,324.02,272.34,0.9526108854,0.9447480108,0.9460848146,0.9459921984,0.948984866,0.9470510686,0.9489771488,0.9470440242,0.948471423,0.9464995382
arabic-2005,22744080,1209320581,0,120900000,120900000,0.09997349082,78763.6,72577.84,4332.74,4359.66,2125.54,1994.6,2255.38,2210.64,2264.18,2077.14,0.8772102608,0.8275765672,0.8707151846,0.8697143462,0.8724255666,0.8706079888,0.8724260658,0.87060813,0.8724237844,0.870607112