graph,order,size,batch_deletions_size,batch_insertions_size,batch_size,batch_fraction,seqsta-t,seqstas-t,ompsta-t,ompstas-t,ompnai-t,ompnais-t,ompdel-t,ompdels-t,ompfro-t,ompfros-t,seqsta-m,seqstas-m,ompsta-m,ompstas-m,ompnai-m,ompnais-m,ompdel-m,ompdels-m,ompfro-m,ompfros-m
arabic-2005,22744080,1209320581,120,120,120,0.0000001,15215.71,14756.68,876.39,864.18,248.98,249.83,75.13,84.65,7.35,7.91,0.962203344,0.9539453111,0.9558938805,0.9545500646,0.9578692349,0.956423965,0.9560524857,0.9546459014,0.9560179072,0.9546223178
arabic-2005,22744080,1209320581,1208,1208,1208,0.000001,15281.9,14645.01,746.99,730.72,242.75,242.36,128.53,114.6,12.09,10.8,0.9622413524,0.9540047991,0.9557285155,0.954827805,0.9579485564,0.9564987874,0.9563702271,0.9548678552,0.9561251158,0.9546997699
arabic-2005,22744080,1209320581,12090,12090,12090,0.00001,15280.06,14697.65,680.18,674.55,236.62,216.99,178.48,171.41,21.98,18.51,0.9621623121,0.953970287,0.9560896702,0.955222314,0.9581065516,0.9565949143,0.9568667605,0.9552588084,0.9563207957,0.9548674139
arabic-2005,22744080,1209320581,120900,120900,120900,0.0001,15298.51,14795.96,645.44,620.5,208.88,206.69,202.97,203.07,35.66,40.11,0.9618249708,0.9535066598,0.9551482367,0.9539547679,0.9578455147,0.9563403339,0.9571547653,0.9556285009,0.9561698858,0.9546847413
arabic-2005,22744080,1209320581,1209000,1209000,1209000,0.001,16610.66,16208.98,683.13,674.08,228.66,220.56,215.46,215.92,68.6,67.5,0.960389841,0.9525250559,0.9541291128,0.9531322333,0.9568744775,0.9554077764,0.9566669346,0.9552039429,0.9555427402,0.9540325424
arabic-2005,22744080,1209320581,12090000,12090000,12090000,0.01,24320.54,23986.17,890.68,859.77,297.49,268.52,293.4,287.33,188.05,170.78,0.9533366767,0.9462610619,0.9471485816,0.9469623048,0.9521756591,0.9511342539,0.9521534039,0.9511111631,0.9516046218,0.9504628183
arabic-2005,22744080,1209320581,120900000,120900000,120900000,0.1,52498.13,50843.98,2277.29,2435.26,1060.41,1064.88,1012.05,950.75,971.32,991.87,0.9192501297,0.8973312453,0.9125744371,0.9114855993,0.9153368914,0.9142442134,0.9153359472,0.9142440268,0.9152725192,0.9141025613