graph,order,size,batch_deletions_size,batch_insertions_size,batch_size,batch_fraction,ompsta-t,ompstas-t,ompnai-t,ompnais-t,ompdel-t,ompdels-t,ompfro-t,ompfros-t,ompsta-m,ompstas-m,ompnai-m,ompnais-m,ompdel-m,ompdels-m,ompfro-m,ompfros-m
arabic-2005,22744080,1209320581,60,60,120,0.0000001,867.1,843.1,235.22,241.9,359.86,365.54,10.46,10.64,0.956372571,0.9543991176,0.9583362506,0.956986277,0.9564993616,0.955150081,0.9563742908,0.9551564088
arabic-2005,22744080,1209320581,604,604,1208,0.000001,597,619.84,226.06,230.48,396.1,397.96,14.6,13.38,0.9562610416,0.9546232098,0.9585131972,0.9571246838,0.956942587,0.9554347974,0.9565587168,0.9552772026
arabic-2005,22744080,1209320581,6046,6046,12092,0.00001,588.12,589.7,214.84,195.64,445.76,448.38,26.9,26.16,0.9564108676,0.9546800682,0.9588820354,0.9574517478,0.9577459746,0.9561707806,0.9570172644,0.9556624588
arabic-2005,22744080,1209320581,60470,60470,120940,0.0001,579.42,609.22,198.66,194.94,463.68,480,38.38,41.3,0.9561571714,0.9546875464,0.9586560294,0.9571462618,0.9580940178,0.9566401652,0.9569900062,0.95551705
arabic-2005,22744080,1209320581,604700,604700,1209400,0.001,563.38,545.16,181.62,180.16,515.52,497.08,94.96,82.12,0.9533263316,0.9520447864,0.9570734762,0.9555649088,0.956914609,0.9554250308,0.9557859726,0.9542323558
arabic-2005,22744080,1209320581,6047000,6047000,12094000,0.01,760.58,755.64,252.7,244.38,772.28,807,324.74,324,0.944461597,0.9450484114,0.9508000738,0.949973964,0.950788436,0.9499652492,0.9502970318,0.9493873336
arabic-2005,22744080,1209320581,60470000,60470000,120940000,0.1,2754.6,2634.66,1140.82,1146.18,2921.38,2779.34,2687.32,2691.08,0.9025172118,0.9021217556,0.9054066196,0.9052622308,0.9054157268,0.9052599106,0.905396647,0.9052524314