graph,order,size,batch_deletions_size,batch_insertions_size,batch_size,batch_fraction,seqsta-t,seqstas-t,ompsta-t,ompstas-t,ompnai-t,ompnais-t,ompdel-t,ompdels-t,ompfro-t,ompfros-t,seqsta-m,seqstas-m,ompsta-m,ompstas-m,ompnai-m,ompnais-m,ompdel-m,ompdels-m,ompfro-m,ompfros-m
asia_osm,11950757,25423206,0,24,24,0.0000009440194128,6192.84,607.24,690.8,91.3,615.66,48.78,4.3,8.72,8.5,8.62,0.7300939602,0.9536025556,0.7327499546,0.9402348792,0.7797336758,0.93943989,0.7326066068,0.9392039858,0.732606654,0.9392039858
asia_osm,11950757,25423206,0,254,254,0.000009990872119,6128.18,582.6,589,76.26,491.8,39.12,3.76,8.62,6.28,3.6,0.7301409434,0.953591734,0.7330172278,0.9394219684,0.77977121,0.9394314224,0.7326029682,0.9391956146,0.73260237,0.939195583
asia_osm,11950757,25423206,0,2542,2542,0.00009998738947,6061.2,589.28,559.12,69.94,485.62,42.32,3.42,5.76,5.46,4.48,0.7305899438,0.9534876426,0.7332509444,0.93934165,0.7800205252,0.9393477948,0.7325644794,0.9391121972,0.7325619154,0.939111678
asia_osm,11950757,25423206,0,25420,25420,0.0009998738947,6241.86,608.62,507.66,84.74,466.18,29.3,5.64,13.5,4.38,5.74,0.7348994178,0.952440194,0.7377064176,0.9382813168,0.7826389812,0.938508322,0.7321794562,0.9382776366,0.7321447506,0.9382732506
asia_osm,11950757,25423206,0,254200,254200,0.009998738947,7834.66,765.02,653.96,91.9,639.68,40.12,23.7,31.48,12.94,14.8,0.7687262942,0.9424079212,0.7719865592,0.9273361258,0.8032830092,0.930204944,0.728232015,0.9300035892,0.7280029248,0.9299765934
asia_osm,11950757,25423206,0,2542000,2542000,0.09998738947,11627.52,2059.58,547.08,142.44,455.22,65.04,161.42,50.9,95.66,42.9,0.7486551168,0.8591621428,0.753112412,0.837293063,0.7736864502,0.8545780232,0.7130696142,0.8544920192,0.6965937504,0.8544118802