graph,batch_deletions_size,batch_insertions_size,batch_fraction,raksta-t,raknai-t,rakdel-t,rakfro-t,raksta-m,raknai-m,rakdel-m,rakfro-m
asia_osm,0.00000005,0.00000005,0.0000001,81.4,61.74,165.62,6.36,0.950527887,0.9505825172,0.950490621,0.950490621
asia_osm,0.0000005,0.0000005,0.000001,77.82,48.24,180.82,5.36,0.950480599,0.9505819824,0.9504901962,0.9504901962
asia_osm,0.000005,0.000005,0.00001,90.86,35.46,164.24,9.04,0.9505214198,0.9505778446,0.9504863576,0.9504863102
asia_osm,0.00005,0.00005,0.0001,76.4,35.58,169.02,7.82,0.9504175674,0.950537959,0.9504469288,0.9504462678
asia_osm,0.0005,0.0005,0.001,78.88,37.94,181.74,8.18,0.9498535314,0.9501417922,0.9500543178,0.9500503364
asia_osm,0.005,0.005,0.01,78.78,46.88,225.76,21.64,0.9439585274,0.9461978272,0.9461227984,0.9461078516
asia_osm,0.05,0.05,0.1,98.16,71.5,308.46,78.02,0.9017655098,0.9080905456,0.908050447,0.9080179964