graph,order,size,batch_deletions_size,batch_insertions_size,batch_size,batch_fraction,ompsta-t,ompstas-t,ompnai-t,ompnais-t,ompdel-t,ompdels-t,ompfro-t,ompfros-t,ompsta-m,ompstas-m,ompnai-m,ompnais-m,ompdel-m,ompdels-m,ompfro-m,ompfros-m
asia_osm,11950757,25423206,0,0,0,0.0000001,657.06,97.28,575.92,47.2,174.98,172.14,4.76,9.94,0.7328211954,0.9382204072,0.77975625,0.9405512818,0.732678084,0.940341196,0.732678084,0.940341196
asia_osm,11950757,25423206,12,12,24,0.000001,654.82,93.54,647.8,33.94,162.64,162.38,5.34,4.84,0.7328569392,0.9401364816,0.7797546946,0.940551179,0.7326779706,0.9403407632,0.7326779154,0.9403407474
asia_osm,11950757,25423206,126,126,252,0.00001,599.06,67.94,479.26,32.36,173.84,176.26,5.32,8.34,0.7328805446,0.9394551572,0.7797886318,0.9405478794,0.7326769918,0.9403366762,0.7326765826,0.9403366604
asia_osm,11950757,25423206,1270,1270,2540,0.0001,602.9,76.86,476.94,37.7,166.32,165.48,7.08,6.5,0.733216546,0.9391445642,0.7800216522,0.9405064126,0.732666115,0.9402957624,0.7326622288,0.9402954714
asia_osm,11950757,25423206,12710,12710,25420,0.001,592.36,86.54,531.68,33.84,180.08,183.3,8.78,11.84,0.7368533642,0.9381017782,0.7824563662,0.9400949812,0.732563761,0.9398878806,0.7325293414,0.939883702
asia_osm,11950757,25423206,127100,127100,254200,0.01,639.64,87.18,595.94,40.38,207.56,223.22,18.02,14.22,0.7670662472,0.9331302658,0.8026818232,0.9360108606,0.7314529748,0.935821306,0.7311328894,0.9357841884
asia_osm,11950757,25423206,1271000,1271000,2542000,0.1,447.98,147.2,355.82,45.54,373.46,287.42,78.42,69.4,0.7852788716,0.8844789412,0.808525095,0.8971472706,0.7269479734,0.8970436978,0.716710528,0.896190602