graph,batch_deletions_fraction,batch_insertions_fraction,batch_fraction,raksta-t,raknai-t,rakdel-t,rakfro-t,raksta-m,raknai-m,rakdel-m,rakfro-m
asia_osm,0.00000005,0.00000005,0.0000001,103.46,38.56,9.76,2.78,0.9505408424,0.950560066,0.950465385,0.950465385
asia_osm,0.0000005,0.0000005,0.000001,84.14,36.74,8.08,2.62,0.9505055888,0.9505599402,0.9504649916,0.9504649916
asia_osm,0.000005,0.000005,0.00001,69.76,26.42,6.52,3.22,0.9504730664,0.9505557548,0.9504611212,0.9504610742
asia_osm,0.00005,0.00005,0.0001,76.98,27.4,8.96,3.64,0.9504309988,0.950515792,0.9504219136,0.9504213156
asia_osm,0.0005,0.0005,0.001,64.6,24.38,17.64,3.68,0.949730991,0.950122037,0.9500317618,0.950027419
asia_osm,0.005,0.005,0.01,74.02,30.48,41.64,10.66,0.9439309766,0.946181125,0.9461041928,0.9460885694
asia_osm,0.05,0.05,0.1,97.36,38.78,95.9,31,0.9017396808,0.9080940708,0.9080460998,0.9080195592