graph,order,size,batch_deletions_size,batch_insertions_size,batch_size,batch_fraction,seqsta-t,seqstas-t,ompsta-t,ompstas-t,ompnai-t,ompnais-t,ompdel-t,ompdels-t,ompfro-t,ompfros-t,seqsta-m,seqstas-m,ompsta-m,ompstas-m,ompnai-m,ompnais-m,ompdel-m,ompdels-m,ompfro-m,ompfros-m
asia_osm,11950757,25423206,2,2,2,0.0000001,6194.82,586.03,691.17,107,654.41,44.35,4.73,4.79,5.46,4.96,0.7300889527,0.9536033345,0.7328100545,0.9396648462,0.7795630808,0.9403698861,0.7324097578,0.9401557339,0.7324097657,0.940155726
asia_osm,11950757,25423206,24,24,24,0.000001,6208.84,592.36,696.19,98.5,634.18,45.44,4.36,6.9,6.02,5.94,0.7300921809,0.9536029218,0.7327925153,0.9392680848,0.7795660109,0.9403692652,0.7324096711,0.9401553643,0.7324096398,0.9401553564
asia_osm,11950757,25423206,254,254,254,0.00001,6181.21,587.94,708.23,103.01,652.93,38.49,7.6,4.51,4.03,5.67,0.730129709,0.9535965109,0.7329104145,0.9392838051,0.7795893447,0.9403650023,0.7324085838,0.9401512738,0.7324084305,0.9401511951
asia_osm,11950757,25423206,2542,2542,2542,0.0001,6150.5,588.1,692.91,100.83,601.07,40.99,4.09,8.06,4.88,6.95,0.7304960629,0.9535336445,0.7332880668,0.9392766834,0.7798421157,0.940323569,0.732398543,0.9401104989,0.7323946055,0.9401099049
asia_osm,11950757,25423206,25420,25420,25420,0.001,6268.93,605.32,688.5,94.77,615.28,34.12,8.15,15.08,7.06,5.15,0.734105125,0.9529105983,0.736875116,0.9385521211,0.7822294893,0.9399146086,0.7322937522,0.9397045432,0.7322567263,0.93970018
asia_osm,11950757,25423206,254200,254200,254200,0.01,7220.7,703.49,743.49,102.54,656.29,37.98,18.54,33.83,8.02,7.05,0.7637404164,0.9470517361,0.7665418143,0.9331355049,0.8023027426,0.9358499754,0.731189057,0.935657145,0.7308853544,0.9356281325
asia_osm,11950757,25423206,2542000,2542000,2542000,0.1,8952.95,1507.07,571.05,149.55,420.56,51.12,117.29,49.01,71.26,36.7,0.7857525837,0.9017699234,0.7878201801,0.886009049,0.8104167446,0.8991545138,0.731893292,0.8990256429,0.7222210901,0.8988673331