graph,batch_deletions_fraction,batch_insertions_fraction,batch_fraction,raksta-t,raknai-t,rakdel-t,rakfro-t,raksta-m,raknai-m,rakdel-m,rakfro-m
com-LiveJournal,0.00000005,0.00000005,0.0000001,158.74,30.74,12.1,0.66,0.6127633172,0.6045755014,0.60444854,0.604321979
com-LiveJournal,0.0000005,0.0000005,0.000001,135.88,23.14,25.98,0.56,0.543447774,0.604571462,0.6051267638,0.60432148
com-LiveJournal,0.000005,0.000005,0.00001,101.74,16.72,18.16,0.54,0.5561763198,0.6045779734,0.6050021802,0.604316133
com-LiveJournal,0.00005,0.00005,0.0001,128.14,16.76,18.72,1.36,0.4465885554,0.604549597,0.6045545426,0.6042762558
com-LiveJournal,0.0005,0.0005,0.001,128.44,17.18,22.68,4.08,0.5749290096,0.6042933946,0.6042400098,0.6039597582
com-LiveJournal,0.005,0.005,0.01,128.14,20.6,46,12.52,0.5135976872,0.601779766,0.6017773876,0.6013483506
com-LiveJournal,0.05,0.05,0.1,185.88,54.94,182.84,57.32,0.5664630728,0.5796734284,0.579674951,0.5796369462