graph,batch_deletions_size,batch_insertions_size,batch_fraction,raksta-t,raknai-t,rakdel-t,rakfro-t,raksta-m,raknai-m,rakdel-m,rakfro-m
com-Orkut,0.00000005,0.00000005,0.0000001,549.24,79.68,88.52,1.56,0.3684515842,0.469049103,0.4686366228,0.4632355816
com-Orkut,0.0000005,0.0000005,0.000001,519.58,57.86,60.92,3.42,0.3927446368,0.4690476594,0.4686371894,0.4633734644
com-Orkut,0.000005,0.000005,0.00001,457.42,39.24,43.76,6.9,0.3760408996,0.4690482512,0.4687009984,0.4637032184
com-Orkut,0.00005,0.00005,0.0001,443.76,45.42,52.62,14.46,0.2794499682,0.4690243,0.4689796638,0.4659800152
com-Orkut,0.0005,0.0005,0.001,461.36,47.7,74.02,23.82,0.2780701942,0.4688098606,0.4688130114,0.4671627408
com-Orkut,0.005,0.005,0.01,541,74.94,222.94,78.18,0.3708871568,0.4667010934,0.4667113818,0.4660932994
com-Orkut,0.05,0.05,0.1,548.3,80.76,730.04,318.54,0.4421074596,0.4463973292,0.4463967574,0.4463751782