graph,order,size,batch_deletions_size,batch_insertions_size,batch_size,batch_fraction,seqsta-t,seqstas-t,ompsta-t,ompstas-t,ompnai-t,ompnais-t,ompdel-t,ompdels-t,ompfro-t,ompfros-t,seqsta-m,seqstas-m,ompsta-m,ompstas-m,ompnai-m,ompnais-m,ompdel-m,ompdels-m,ompfro-m,ompfros-m
com-Orkut,3072441,234370166,22,22,22,0.0000001,3825.02,3777.43,726.93,627.15,127.9,125.38,86.95,84.51,5.54,7.29,0.0057946127,-0.0000000273,0.588646786,0.596329206,0.5550635163,0.5838633122,0.55946227,0.5867172716,0.5596508574,0.5864534242
com-Orkut,3072441,234370166,234,234,234,0.000001,3867.37,3876.18,683.08,682.96,114.67,110.79,92.88,113.02,7.31,11,0.0057979626,-0.0000004874,0.5535823915,0.6049373205,0.5550640327,0.5838461073,0.5582477819,0.5862120158,0.5596269577,0.5865848684
com-Orkut,3072441,234370166,2342,2342,2342,0.00001,3961.34,3748.46,664.74,558.81,97.3,122.63,94.89,76.2,27.03,33.98,0.0058901898,-0.0000034458,0.5970964699,0.6090334069,0.5550960459,0.5838980849,0.5560366898,0.5828775055,0.5588515409,0.586109334
com-Orkut,3072441,234370166,23440,23440,23440,0.0001,4075.17,3680.39,696.62,502.58,94.81,78.84,80.66,88.47,45.23,47.14,0.0057851877,-0.0000299919,0.5910760559,0.5936563075,0.5551175791,0.5839294218,0.5547860146,0.583211572,0.556896624,0.5845870817
com-Orkut,3072441,234370166,234400,234400,234400,0.001,3763.52,3764.78,615.92,481.59,96.55,96.07,92,87.59,53.33,55.51,0.0075397659,-0.000273183,0.5757681775,0.55630039,0.5543326972,0.5831734891,0.5542913039,0.5831147278,0.5551821441,0.5837637524
com-Orkut,3072441,234370166,2344000,2344000,2344000,0.01,5053.01,4766.14,743.94,631.15,96.32,98.6,98.06,98.85,79.64,76.17,0.0980339271,-0.0013301219,0.5973460153,0.5808249519,0.5503355492,0.5782182384,0.5503348389,0.5782459437,0.5506812262,0.5786614254
com-Orkut,3072441,234370166,23440000,23440000,23440000,0.1,6535.94,5932.38,1030.29,831.04,142.23,119.54,115.33,112.77,127.44,133.07,0.0905520148,-0.0000767093,0.5680934078,0.4863754623,0.5333016957,0.5560937128,0.5333094218,0.5561035282,0.5332481428,0.5560458744