graph,batch_deletions_fraction,batch_insertions_fraction,batch_fraction,raksta-t,raknai-t,rakdel-t,rakfro-t,raksta-m,raknai-m,rakdel-m,rakfro-m
com-Orkut,0.00000005,0.00000005,0.0000001,447.54,49.46,51.96,0.7,0.4681382628,0.002013899,0.0048224306,0.004821837
com-Orkut,0.0000005,0.0000005,0.000001,392.06,45.08,46.32,0.58,0.4664955578,0.0019958038,0.0042265818,0.0048211486
com-Orkut,0.000005,0.000005,0.00001,453.04,37.64,39.5,1.3,0.4672578942,0.0020339118,0.002845723,0.004769605
com-Orkut,0.00005,0.00005,0.0001,414.84,46.3,49.3,6.04,0.4657133418,0.0020044774,0.0020625766,0.0033078878
com-Orkut,0.0005,0.0005,0.001,490.7,50.06,70.34,14.58,0.4584106204,0.0019886276,0.0020532162,0.0022873948
com-Orkut,0.005,0.005,0.01,505.74,56.18,172.14,34.1,0.466520502,0.0020086724,0.0019940682,0.002028077
com-Orkut,0.05,0.05,0.1,550.48,74.94,417.68,80.68,0.4409024442,0.0017820756,0.0017471698,0.0017816314