graph,order,size,batch_deletions_size,batch_insertions_size,batch_size,batch_fraction,seqsta-t,seqstas-t,ompsta-t,ompstas-t,ompnai-t,ompnais-t,ompdel-t,ompdels-t,ompfro-t,ompfros-t,seqsta-m,seqstas-m,ompsta-m,ompstas-m,ompnai-m,ompnais-m,ompdel-m,ompdels-m,ompfro-m,ompfros-m
com-LiveJournal,3997962,69362378,6,6,6,0.0000001,2109.15,1441.58,526.72,490.48,72.99,62.58,46.45,47.97,6.22,10.39,0.6082577975,0.0004705366,0.5733419682,0.5177370043,0.5736259993,0.4570553998,0.5805122406,0.4658747522,0.5807022922,0.4658340339
com-LiveJournal,3997962,69362378,68,68,68,0.000001,2258.21,1484.84,450.26,345.86,57.48,57.15,57.85,54.67,4.52,4.12,0.6082582477,0.0004703494,0.55575659,0.4856178122,0.5736287173,0.4570755243,0.5802493133,0.4658273109,0.5807032752,0.4658351368
com-LiveJournal,3997962,69362378,692,692,692,0.00001,2214.85,1463.29,509.69,343.04,60.21,50.65,56.38,57.55,3.78,2.51,0.6082759333,0.0004688797,0.5944266795,0.5101465902,0.5735996074,0.4570632705,0.5797991031,0.4652848808,0.5806987313,0.4658168363
com-LiveJournal,3997962,69362378,6936,6936,6936,0.0001,2190.16,1460.57,497.49,341.61,59.03,52.31,53.04,44.53,7.97,4.96,0.5791568587,0.0004522094,0.559995075,0.4945117959,0.5735206319,0.457040698,0.5779439006,0.4631742178,0.5805725355,0.465681923
com-LiveJournal,3997962,69362378,69360,69360,69360,0.001,2243.3,1606.19,469.07,324.44,51.83,48.29,49.08,44.67,16.1,8.65,0.5495320716,0.0003500202,0.5540719381,0.4973194112,0.5730383187,0.4565032474,0.5745336058,0.4587706397,0.5794318087,0.4644764854
com-LiveJournal,3997962,69362378,693600,693600,693600,0.01,2738.09,1773.05,492.76,359.66,95.84,59.37,88.04,54.52,35.66,24.62,0.5583461311,-0.0009529786,0.5408708093,0.4753528629,0.5649906278,0.4521501406,0.56505237,0.4523320122,0.5725273368,0.4575441611
com-LiveJournal,3997962,69362378,6936000,6936000,6936000,0.1,4230.85,2798.43,706.09,454.32,225.88,109.69,226.79,109.95,192.14,85.76,0.4256064701,-0.0024982958,0.5257324936,0.4395941199,0.5061698793,0.419256893,0.5061694768,0.4192751317,0.513491039,0.420248581