graph,order,size,batch_deletions_size,batch_insertions_size,batch_size,batch_fraction,seqsta-t,seqstas-t,ompsta-t,ompstas-t,ompnai-t,ompnais-t,ompdel-t,ompdels-t,ompfro-t,ompfros-t,seqsta-m,seqstas-m,ompsta-m,ompstas-m,ompnai-m,ompnais-m,ompdel-m,ompdels-m,ompfro-m,ompfros-m
com-LiveJournal,3997962,69362378,0,0,0,0,2040.74,1365.68,616.36,401.7,76.78,65.5,3.96,1.92,5.26,8.74,0.60825782,0.000470538,0.581318669,0.4941326078,0.6212920938,0.454505162,0.626265753,0.463014652,0.626265753,0.463014652
com-LiveJournal,3997962,69362378,0,6,6,0.00000008650222459,2102,1383.06,530.9,581.88,81.34,64.02,49.88,40.46,8.98,12.38,0.6082577518,0.000470538,0.5967988612,0.5387881654,0.6213484406,0.4545320804,0.6258323544,0.463047114,0.626265705,0.463014497
com-LiveJournal,3997962,69362378,0,68,68,0.0000009803585454,2222.1,1498.12,470.52,378.84,62.4,64.38,62.9,51.26,4.88,2.44,0.6082571358,0.000470538,0.585645439,0.496514218,0.62135365,0.4545620364,0.6253347728,0.4629916574,0.6262651918,0.4630139384
com-LiveJournal,3997962,69362378,0,692,692,0.000009976589903,2291.64,1498.42,486.6,335.94,57.74,48.34,53.24,50.2,2.62,2.74,0.6082683796,0.000470533,0.6057549256,0.5256729514,0.6213048598,0.4545570218,0.6249389946,0.4621226738,0.626248224,0.4629679112
com-LiveJournal,3997962,69362378,0,6936,6936,0.00009999657163,2256.74,1480.44,440.92,332.52,52.08,48.04,55.68,43.1,7.84,2.66,0.608190902,0.0004696146,0.5553464362,0.4936012334,0.6211914578,0.4545059158,0.6236853082,0.4597897186,0.6261978526,0.4628303274
com-LiveJournal,3997962,69362378,0,69360,69360,0.0009999657163,2210.82,1555.92,509.26,361,53.84,47.74,50.04,45.28,18.1,6.72,0.6075649732,0.0004585372,0.5712707012,0.5113556918,0.6206395754,0.4539786044,0.6209133178,0.455524247,0.6250121116,0.4613484288
com-LiveJournal,3997962,69362378,0,693600,693600,0.009999657163,2925.32,1878.14,507.04,384.54,127.28,59.78,120.92,58.16,37.86,17.56,0.607883906,0.0003448888,0.5257471956,0.4825759592,0.6085648232,0.4485881674,0.608380032,0.4486899928,0.6166912276,0.4526856366
com-LiveJournal,3997962,69362378,0,6936000,6936000,0.09999657163,5020.34,3312.36,885.52,517.32,329.34,159.92,331.14,153.48,322.94,112.68,0.3076149168,0.000010464,0.4626572804,0.4018506306,0.5075316236,0.3837943992,0.5075634996,0.3838001056,0.5081119722,0.3840250254