graph,batch_deletions_size,batch_insertions_size,batch_fraction,raksta-t,raknai-t,rakdel-t,rakfro-t,raksta-m,raknai-m,rakdel-m,rakfro-m
com-LiveJournal,0.00000005,0.00000005,0.0000001,188.34,36.34,37.06,2.22,0.5044486264,0.5368563786,0.5418977192,0.5444233596
com-LiveJournal,0.0000005,0.0000005,0.000001,168.38,34.96,28.72,2,0.5686597578,0.5368347654,0.5387860448,0.5444234894
com-LiveJournal,0.000005,0.000005,0.00001,146.44,25.72,39.46,1.84,0.4931797838,0.5368373064,0.5376124504,0.5444141456
com-LiveJournal,0.00005,0.00005,0.0001,112.42,19.9,20.74,3.3,0.5243590376,0.5368041226,0.5371847716,0.5442114744
com-LiveJournal,0.0005,0.0005,0.001,133.02,21.98,34.68,8.8,0.6006243396,0.5365999492,0.5365828064,0.541593178
com-LiveJournal,0.005,0.005,0.01,158.76,38.08,61.94,28.28,0.5997662542,0.5341828708,0.5341905638,0.5365054996
com-LiveJournal,0.05,0.05,0.1,214.94,74.52,205.24,160.18,0.5381267504,0.5007273024,0.5007145,0.5011083394