graph,order,size,batch_deletions_size,batch_insertions_size,batch_size,batch_fraction,ompsta-t,ompstas-t,ompnai-t,ompnais-t,ompdel-t,ompdels-t,ompfro-t,ompfros-t,ompsta-m,ompstas-m,ompnai-m,ompnais-m,ompdel-m,ompdels-m,ompfro-m,ompfros-m
com-Orkut,3072441,234370166,10,10,20,0.0000001,670.68,530.28,92.06,115.56,108.04,121.92,4.12,4.64,0.564797433,0.6022896578,0.5274843624,0.5829506072,0.5319685684,0.5868139548,0.5322578914,0.586898768
com-Orkut,3072441,234370166,116,116,232,0.000001,744.98,712.58,88.1,81.88,96.88,158.86,4.52,6.3,0.5747915628,0.5878333898,0.5275213822,0.5829712982,0.531140892,0.5848031498,0.532255626,0.5869061916
com-Orkut,3072441,234370166,1170,1170,2340,0.00001,651.02,582.76,82.92,82.92,109.4,123.58,11.94,33.62,0.5445521316,0.602398071,0.527501719,0.5829564644,0.528796559,0.5830701718,0.5318217752,0.58631552
com-Orkut,3072441,234370166,11720,11720,23440,0.0001,621.22,493.94,77.26,91.8,99.74,108.58,27.2,40.12,0.5722295284,0.5996320074,0.527585291,0.5829998066,0.5274242648,0.5827466188,0.5299817978,0.5853020298
com-Orkut,3072441,234370166,117200,117200,234400,0.001,595.4,494.46,75.36,105.28,99,140.26,45.22,61.98,0.5983648824,0.6058405818,0.527119594,0.5824058384,0.527126608,0.5824200644,0.52863925,0.583625345
com-Orkut,3072441,234370166,1172000,1172000,2344000,0.01,729.98,626.46,93.6,100.9,220.64,228.5,99.06,104.4,0.5808179822,0.5243629688,0.5195708194,0.5763378264,0.5195598704,0.5763084038,0.5203398148,0.5769173216
com-Orkut,3072441,234370166,11720000,11720000,23440000,0.1,752.22,726.74,205.8,108.94,787.84,695.3,538.26,373.66,0.5443958942,0.5108596588,0.4932402224,0.5522562106,0.4932234124,0.5522800462,0.4932495052,0.5522696092