graph,order,size,batch_deletions_size,batch_insertions_size,batch_size,batch_fraction,seqsta-t,seqstas-t,ompsta-t,ompstas-t,ompnai-t,ompnais-t,ompdel-t,ompdels-t,ompfro-t,ompfros-t,seqsta-m,seqstas-m,ompsta-m,ompstas-m,ompnai-m,ompnais-m,ompdel-m,ompdels-m,ompfro-m,ompfros-m
com-LiveJournal,3997962,69362378,0,68,68,0.0000009803585454,2120.62,1457.92,531.38,473.26,61.26,63,59.36,56.06,13.74,15.3,0.6082572624,0.000470538,0.5572695884,0.498369986,0.5251553944,0.4547840922,0.5360350522,0.463628852,0.5363306448,0.463712464
com-LiveJournal,3997962,69362378,0,692,692,0.000009976589903,2092.48,1385.74,531.26,372.62,54.02,60.22,50.94,48.74,2.94,2.22,0.6082519816,0.0004705216,0.5552529136,0.5019545052,0.5251135126,0.4547957046,0.5339599652,0.4632249976,0.5362013424,0.46369819
com-LiveJournal,3997962,69362378,0,6936,6936,0.00009999657163,2229.98,1578.98,461.74,295.6,53.6,57.3,47.62,48.2,10.88,8,0.6081965208,0.0004669052,0.5642189884,0.4930343848,0.5250917616,0.454774221,0.5312219128,0.4605860212,0.53577633,0.4635627492
com-LiveJournal,3997962,69362378,0,69360,69360,0.0009999657163,2439.82,1643.14,500.02,293.64,51.36,49.38,49.2,43.74,16.86,10.28,0.6075459218,0.0004621658,0.5825713204,0.4841958846,0.5244551074,0.454155321,0.5261906792,0.45583973,0.533487013,0.462006463
com-LiveJournal,3997962,69362378,0,693600,693600,0.009999657163,3206.48,2016.84,529.4,351.06,69.68,55.92,56.2,50.28,33.68,20.16,0.6015167666,0.0003354178,0.5833466452,0.4830497146,0.5164767654,0.448823661,0.5185605448,0.4488674574,0.5233258334,0.4530968884
com-LiveJournal,3997962,69362378,0,6936000,6936000,0.09999657163,5242.9,3251.24,841.34,549.98,237.5,164.18,230.6,157.32,221.02,113.74,0.3659420708,0.000018464,0.4682092942,0.4036424352,0.4234143454,0.3833063852,0.423343802,0.3832838604,0.4235116008,0.3835095042