graph,order,size,batch_deletions_size,batch_insertions_size,batch_size,batch_fraction,ompsta-t,ompstas-t,ompnai-t,ompnais-t,ompdel-t,ompdels-t,ompfro-t,ompfros-t,ompsta-m,ompstas-m,ompnai-m,ompnais-m,ompdel-m,ompdels-m,ompfro-m,ompfros-m
com-LiveJournal,3997962,69362378,2,2,4,0.0000001,561.06,370.92,91.58,75.5,54.54,37.22,7.72,11.48,0.537519653,0.4818141764,0.5201681848,0.4641799414,0.5290403352,0.4732250208,0.5290312124,0.4731838372
com-LiveJournal,3997962,69362378,34,34,68,0.000001,410.84,296.46,57.3,66.54,56.72,66.26,6.62,11.86,0.5860691204,0.479671207,0.5201263764,0.4641695594,0.528873054,0.473145807,0.529030332,0.4731821918
com-LiveJournal,3997962,69362378,346,346,692,0.00001,497.7,356.12,60,60.82,56.8,58.32,11.66,6.04,0.552588153,0.4993033706,0.5201188128,0.4641504066,0.527792832,0.4726545718,0.5290237808,0.4731774824
com-LiveJournal,3997962,69362378,3468,3468,6936,0.0001,468.06,344.56,60.9,52.1,59.12,51.82,16.36,15.86,0.591437122,0.5063128488,0.5199884994,0.4640338408,0.5259502184,0.4702053414,0.5286215428,0.4730105372
com-LiveJournal,3997962,69362378,34680,34680,69360,0.001,484.7,386.66,62.06,50.2,51.7,57.1,14.96,11.38,0.5567229164,0.5135427438,0.519614965,0.4635370766,0.5216285526,0.4656975246,0.5273868374,0.4716503164
com-LiveJournal,3997962,69362378,346800,346800,693600,0.01,406.06,318.5,53.72,46.38,79.98,89.56,38.94,35.82,0.5451368638,0.4763159382,0.5145452088,0.4588734606,0.514553134,0.4590013774,0.5197947584,0.4641837756
com-LiveJournal,3997962,69362378,3468000,3468000,6936000,0.1,562.44,487.4,207.76,131.44,324.3,282.76,273.44,197.3,0.4800528324,0.442643511,0.4443141716,0.4087185308,0.4442535228,0.4087384544,0.4480344134,0.409992664