graph,order,size,batch_deletions_size,batch_insertions_size,batch_size,batch_fraction,seqsta-t,seqstas-t,ompsta-t,ompstas-t,ompnai-t,ompnais-t,ompdel-t,ompdels-t,ompfro-t,ompfros-t,seqsta-m,seqstas-m,ompsta-m,ompstas-m,ompnai-m,ompnais-m,ompdel-m,ompdels-m,ompfro-m,ompfros-m
com-Orkut,3072441,234370166,0,234,234,0.0000009984205925,4038.6,3705.14,711.62,609.44,139.56,103.66,96.16,84.82,6.32,10.78,0.0057945306,0,0.5821369504,0.5971132612,0.590869945,0.610775447,0.5909395298,0.6118493822,0.5925034126,0.613531948
com-Orkut,3072441,234370166,0,2342,2342,0.000009992739434,3888.5,3829.26,593.32,564.16,79.04,83.82,106.24,104.78,16.9,27.44,0.0057944542,0,0.556948305,0.6052108398,0.5908478016,0.6107332434,0.5902779344,0.6103363094,0.5919610868,0.6129029788
com-Orkut,3072441,234370166,0,23440,23440,0.0001000127294,4154.32,3891.12,633.5,507.44,94.78,106.02,109.66,74.28,31.52,43.36,0.0057949568,0,0.5708570792,0.6037329132,0.5907780344,0.610703161,0.590245863,0.6103479912,0.5909494084,0.6115751836
com-Orkut,3072441,234370166,0,234400,234400,0.001000127294,4001.9,3897.66,636,490.08,75.8,91.46,101.18,82.16,55.82,64.06,0.005718391,0,0.5702588248,0.5920009108,0.5902728532,0.6101239642,0.5902729018,0.6100920592,0.590379164,0.6107546634
com-Orkut,3072441,234370166,0,2344000,2344000,0.01000127294,5131.7,5192.22,770.26,617.28,103.12,100.58,95.68,97.1,79.22,81.2,0.0035931342,0,0.5931376958,0.5860016122,0.584983133,0.6046734882,0.5849858914,0.6046578608,0.5851029968,0.60484623
com-Orkut,3072441,234370166,0,23440000,23440000,0.1000127294,7322.2,7203.46,862.08,690.2,234.66,124.9,244.6,107.5,217.06,122.62,0.0017298424,0,0.522409886,0.455096137,0.533929179,0.555126799,0.5339080048,0.5550896336,0.5338951844,0.5551120056