graph,order,size,batch_deletions_size,batch_insertions_size,batch_size,batch_fraction,seqsta-t,seqstas-t,ompsta-t,ompstas-t,ompnai-t,ompnais-t,ompdel-t,ompdels-t,ompfro-t,ompfros-t,seqsta-m,seqstas-m,ompsta-m,ompstas-m,ompnai-m,ompnais-m,ompdel-m,ompdels-m,ompfro-m,ompfros-m
europe_osm,50912018,108109320,0,108,108,0.0000009989888013,37154.36,3573.26,3353.44,464.7,2999.52,147.2,15.82,18.5,23.46,16.14,0.774612696,0.9433440568,0.7778856598,0.9271688636,0.8184390288,0.9280344926,0.7779245166,0.927873087,0.777924498,0.9278730722
europe_osm,50912018,108109320,0,1080,1080,0.000009989888013,36056.2,3565.02,3419.4,444.06,3113.9,194.92,30.56,18.28,18.58,17.2,0.7746352236,0.9433340454,0.7780482812,0.9272572578,0.8184579102,0.9280259122,0.777919195,0.9278648224,0.7779190802,0.9278648184
europe_osm,50912018,108109320,0,10810,10810,0.0000999913791,36273.96,3578.58,3849.14,495.9,3522.32,181.24,21.88,27.7,18.5,16.22,0.7748604614,0.9432320006,0.7782003044,0.9279273126,0.8185361306,0.9279429736,0.7778666352,0.9277821864,0.7778641488,0.9277819132
europe_osm,50912018,108109320,0,108100,108100,0.000999913791,36839.54,3662.38,3689.28,442.14,2903.5,162.78,37.34,64.16,23.48,30.5,0.7771063628,0.9422179236,0.7805327222,0.9264997468,0.8194048092,0.9271152118,0.7773397762,0.9269570128,0.7773178796,0.9269546324
europe_osm,50912018,108109320,0,1081000,1081000,0.00999913791,44156.84,4309.86,2876.56,475.86,2742.66,181.14,103.58,107.74,55.68,46.32,0.7938594494,0.9324789682,0.797503913,0.915785827,0.8239364828,0.9189178186,0.7720408822,0.918776763,0.7718935834,0.9187620514
europe_osm,50912018,108109320,0,10810000,10810000,0.0999913791,51205.36,9925.74,3143.76,787.1,2085.94,324.26,661.9,328.06,650.88,254.46,0.7401328104,0.8514200052,0.7383717128,0.8285150016,0.7617795264,0.8442765892,0.7265179954,0.8442131924,0.7268979072,0.8441640778