graph,order,size,batch_deletions_size,batch_insertions_size,batch_size,batch_fraction,seqsta-t,seqstas-t,ompsta-t,ompstas-t,ompnai-t,ompnais-t,ompdel-t,ompdels-t,ompfro-t,ompfros-t,seqsta-m,seqstas-m,ompsta-m,ompstas-m,ompnai-m,ompnais-m,ompdel-m,ompdels-m,ompfro-m,ompfros-m
europe_osm,50912018,108109320,0,0,0,0,36056.56,3542.94,3038.26,430.78,3201.68,181.66,20.9,21.56,20.76,23.54,0.774609981,0.943345217,0.7780022452,0.926731257,0.8183342868,0.9280161304,0.777797712,0.927857818,0.777797712,0.927857818
europe_osm,50912018,108109320,0,10,10,0.00000009249896309,36292.3,3640.14,2823.36,402.12,2896.98,186.5,19.12,21.96,24.18,26.46,0.7746104194,0.943345108,0.7779252406,0.9271357562,0.818326645,0.9280161818,0.7777976586,0.9278577356,0.7777976698,0.9278577356
europe_osm,50912018,108109320,0,108,108,0.0000009989888013,36664.32,3568.7,2540.54,428.66,2230.16,132.82,23.48,24.22,22.16,22.78,0.7746124962,0.9433440568,0.7777886544,0.9279550872,0.818331834,0.9280155734,0.7777971346,0.9278569018,0.777797116,0.9278568982
europe_osm,50912018,108109320,0,1080,1080,0.000009989888013,36097.62,3557.82,2641.3,354.04,2500.76,142.04,19.64,21.8,20.2,23.72,0.774633333,0.943333685,0.7779743308,0.9271113998,0.8183532028,0.9280070968,0.7777919288,0.9278486704,0.777791566,0.927848648
europe_osm,50912018,108109320,0,10810,10810,0.0000999913791,35758.42,3545.18,2437.06,354.42,2223.74,130.02,21.6,25.56,19.86,17.06,0.7748604912,0.9432317514,0.778221984,0.9268677266,0.8184361568,0.9279240194,0.7777390476,0.9277659036,0.7777367204,0.927765733
europe_osm,50912018,108109320,0,108100,108100,0.000999913791,36586,3733.56,2397.78,349.46,2165.72,146.14,38.46,77.78,25.6,21.7,0.7771192812,0.9422177206,0.780538725,0.9260184894,0.8193015136,0.9270964742,0.7772136932,0.9269410582,0.7771910832,0.9269388182
europe_osm,50912018,108109320,0,1081000,1081000,0.00999913791,43163,4287.16,2750.96,364.52,2271.16,160.84,98.56,153.84,48.02,71.84,0.7938554092,0.932479017,0.797380767,0.9155088914,0.8238574946,0.918899447,0.7719181394,0.9187613842,0.7717570444,0.9187465664
europe_osm,50912018,108109320,0,10810000,10810000,0.0999913791,49270.02,9953.16,1950.38,625.4,1300.54,269.72,438.54,270.2,329.02,199.64,0.7401459488,0.8514170764,0.7386279378,0.827014754,0.7617162268,0.8442602612,0.726423556,0.844197944,0.7268243552,0.844149105