graph,batch_deletions_size,batch_insertions_size,batch_fraction,raksta-t,raknai-t,rakdel-t,rakfro-t,raksta-m,raknai-m,rakdel-m,rakfro-m
europe_osm,0.00000005,0.00000005,0.0000001,441.42,245.46,658.62,27.88,0.940772992,0.9411802822,0.9407720612,0.9407720612
europe_osm,0.0000005,0.0000005,0.000001,350.18,147.44,641.26,25.56,0.940753658,0.941179916,0.9407716726,0.9407716618
europe_osm,0.000005,0.000005,0.00001,319.46,160.18,635.04,21.64,0.9407554484,0.9411760234,0.9407680282,0.9407679026
europe_osm,0.00005,0.00005,0.0001,348.64,153.52,649.94,22.92,0.9406935422,0.9411380998,0.940731177,0.940730041
europe_osm,0.0005,0.0005,0.001,451.24,185.52,746.82,33.3,0.9401592336,0.9407566484,0.9403597926,0.940349511
europe_osm,0.005,0.005,0.01,439.58,185.64,832.24,67.1,0.9350599776,0.9369608238,0.9366136208,0.9365631366
europe_osm,0.05,0.05,0.1,641.58,284.74,1130.22,333.96,0.8947473372,0.9001364186,0.899944304,0.8998181074