graph,order,size,batch_deletions_size,batch_insertions_size,batch_size,batch_fraction,seqsta-t,seqstas-t,ompsta-t,ompstas-t,ompnai-t,ompnais-t,ompdel-t,ompdels-t,ompfro-t,ompfros-t,seqsta-m,seqstas-m,ompsta-m,ompstas-m,ompnai-m,ompnais-m,ompdel-m,ompdels-m,ompfro-m,ompfros-m
europe_osm,50912018,108109320,10,10,10,0.0000001,36179.94,3588.86,2898.66,432.06,2959.19,194.61,21.52,21.92,22.91,22.74,0.7746102648,0.9433451509,0.7779559568,0.9274074627,0.8183717784,0.9283288433,0.7778562429,0.9281738066,0.7778562485,0.9281738066
europe_osm,50912018,108109320,108,108,108,0.000001,36487.92,3554.95,2473.21,391.71,2252.22,150.64,21.28,21.89,25.17,22.14,0.7746123765,0.9433445664,0.777876658,0.9276632809,0.8183730742,0.9283286541,0.7778560742,0.9281734009,0.7778560539,0.9281733955
europe_osm,50912018,108109320,1080,1080,1080,0.00001,36117.94,3562.77,2444.08,348.29,2276.93,150.21,19.54,21.6,20.27,21.39,0.7746315428,0.943338363,0.7780063759,0.9271167862,0.8183935716,0.9283243476,0.7778542995,0.928169426,0.7778539924,0.9281693983
europe_osm,50912018,108109320,10810,10810,10810,0.0001,35999.58,3549.83,2328.16,349.99,2111.65,123.49,21.14,26.01,19.27,18.09,0.7748304733,0.9432773358,0.7782510731,0.9271016521,0.8184901807,0.9282843242,0.7778350534,0.92812945,0.7778328064,0.9281291834
europe_osm,50912018,108109320,108100,108100,108100,0.001,36358.3,3659.17,2536.1,364.66,2261.11,147.24,32.06,58.14,24.85,20.79,0.776808839,0.9426744204,0.7802419033,0.9266604318,0.8195216508,0.9278831439,0.7776455168,0.9277296178,0.7776231361,0.9277271129
europe_osm,50912018,108109320,1081000,1081000,1081000,0.01,40419.31,4016.62,2603.07,362.78,2256.93,155,74.61,138.36,42.87,55.9,0.7927623425,0.9370041232,0.7961679237,0.9209468806,0.8271445823,0.9239108494,0.7757416676,0.9237691333,0.7755518501,0.9237473902
europe_osm,50912018,108109320,10810000,10810000,10810000,0.1,38571.56,7506.57,1800.85,522.17,1068.87,224.07,296.56,225.2,213.88,142.74,0.7764421166,0.8933357331,0.7774668155,0.8758288404,0.8011417911,0.8881287033,0.7601621123,0.8880350045,0.7594924526,0.887895188