graph,batch_deletions_fraction,batch_insertions_fraction,batch_fraction,raksta-t,raknai-t,rakdel-t,rakfro-t,raksta-m,raknai-m,rakdel-m,rakfro-m
europe_osm,0.00000005,0.00000005,0.0000001,510.05,184.25,45.65,17.35,0.9407512515,0.94117322,0.940764981,0.940764981
europe_osm,0.0000005,0.0000005,0.000001,441.5,134.45,37.4,21.45,0.9407591985,0.941172896,0.940764639,0.940764639
europe_osm,0.000005,0.000005,0.00001,465.9,164.25,44.65,20.25,0.940755513,0.941169335,0.940760939,0.940760717
europe_osm,0.00005,0.00005,0.0001,471.15,199.1,48.65,20.45,0.940697144,0.94113092,0.940723939,0.940722691
europe_osm,0.0005,0.0005,0.001,479.95,169.25,141.35,35.3,0.9401632815,0.9407510765,0.940352966,0.940343328
europe_osm,0.005,0.005,0.01,474.75,181.8,222.45,66.05,0.9350269395,0.9369534515,0.9366053665,0.9365542995
europe_osm,0.05,0.05,0.1,645.7,289.85,521.7,165.85,0.894742273,0.900141156,0.8999396195,0.899822337