graph,order,size,batch_deletions_size,batch_insertions_size,batch_size,batch_fraction,ompsta-t,ompstas-t,ompnai-t,ompnais-t,ompdel-t,ompdels-t,ompfro-t,ompfros-t,ompsta-m,ompstas-m,ompnai-m,ompnais-m,ompdel-m,ompdels-m,ompfro-m,ompfros-m
indochina-2004,7414866,341157189,16,16,32,0.0000001,815.74,801.28,271.6,268.16,107.62,113.24,3.76,4.1,0.9173023386,0.91536442,0.9169234988,0.9144412118,0.9155181696,0.912645746,0.915445968,0.91264425
indochina-2004,7414866,341157189,170,170,340,0.000001,773.84,744.54,263.44,262.44,136.32,135.46,3.4,3.46,0.9175011928,0.9133719162,0.9170105178,0.9145289112,0.91568047,0.9128037482,0.915586096,0.9127584242
indochina-2004,7414866,341157189,1704,1704,3408,0.00001,751.24,752.56,257.5,254.16,301.78,306.62,12.74,4.58,0.9174859046,0.9135498614,0.9170997906,0.9145770132,0.9160128822,0.9131597446,0.9156699862,0.9128233094
indochina-2004,7414866,341157189,17060,17060,34120,0.0001,741.5,736.16,258.62,254.16,352.94,351.76,21,13.66,0.9160803728,0.9120941002,0.9162375062,0.9135736482,0.9156131722,0.9129231168,0.914888522,0.911971916
indochina-2004,7414866,341157189,170600,170600,341200,0.001,749.28,741.96,253.66,259.6,374.44,369.52,29.44,19.72,0.9130234752,0.9102171068,0.9138454256,0.911216653,0.913574856,0.9110184244,0.9126883742,0.9100622848
indochina-2004,7414866,341157189,1706000,1706000,3412000,0.01,762.96,752.18,263.82,252.24,424.28,410.16,128.78,130.8,0.9077165424,0.906169481,0.9124470534,0.9102091122,0.9124136828,0.9101897568,0.9118395214,0.9095616648
indochina-2004,7414866,341157189,17060000,17060000,34120000,0.1,1287.58,1296.32,613.64,629.94,1163.52,1161.38,981.32,987.74,0.8653563024,0.8658488952,0.8687017374,0.8672489932,0.8687163508,0.867247001,0.868702868,0.8672429066