graph,order,size,batch_deletions_size,batch_insertions_size,batch_size,batch_fraction,seqsta-t,seqstas-t,ompsta-t,ompstas-t,ompnai-t,ompnais-t,ompdel-t,ompdels-t,ompfro-t,ompfros-t,seqsta-m,seqstas-m,ompsta-m,ompstas-m,ompnai-m,ompnais-m,ompdel-m,ompdels-m,ompfro-m,ompfros-m
indochina-2004,7414866,341157189,0,2,2,0.000000005862400279,4128.42,4057.6,871.12,840,274.9,285.86,3.54,3.68,2.56,2.8,0.920850289,0.915433174,0.9153600234,0.913850236,0.9162823538,0.9147816996,0.914718539,0.9129785012,0.914718536,0.9129785
indochina-2004,7414866,341157189,0,34,34,0.00000009966080474,4133.54,4000.32,816.82,801.74,264.98,272.22,18.54,19.4,2.68,2.16,0.920850207,0.9154330918,0.9154025752,0.913874574,0.9162839146,0.9147816784,0.914783863,0.912980542,0.9147184638,0.9129784174
indochina-2004,7414866,341157189,0,340,340,0.0000009966080474,4122.48,3996.6,836,874.14,278.98,272.94,121.66,130.92,4.78,4.46,0.9208494104,0.9154297396,0.9164968852,0.9145045902,0.916322523,0.9147809854,0.9149860858,0.9130263332,0.914723608,0.9129778006
indochina-2004,7414866,341157189,0,3410,3410,0.000009995392476,4160.18,4018.5,768.28,753.12,254.28,254.54,248.86,248.28,4.02,2.84,0.920841603,0.915424671,0.9157207306,0.9140056482,0.9162735224,0.9147734556,0.91508125,0.9132147604,0.914717857,0.9129825846
indochina-2004,7414866,341157189,0,34110,34110,0.00009998323676,4214.84,4082.74,753.1,741.6,255.36,254.28,250.48,250.34,11.16,6.36,0.9207663266,0.9153402142,0.9168094418,0.9146320462,0.9161863374,0.914695007,0.9153706658,0.9137000402,0.9147255294,0.913055579
indochina-2004,7414866,341157189,0,341200,341200,0.001000125488,4757.08,4568.14,778.22,786.94,263.42,263,267.06,260.22,19.88,23.88,0.919879902,0.9146049622,0.9143543126,0.9126066372,0.915402704,0.9139129982,0.9151038146,0.913603344,0.9141921434,0.9126044754
indochina-2004,7414866,341157189,0,3412000,3412000,0.01000125488,7796.64,7583.8,889.58,859.98,286.52,285.32,289.36,287.28,126.66,126.94,0.9120423766,0.907031121,0.9066610044,0.9044955828,0.907638234,0.9061787218,0.9076243478,0.9061603332,0.9070975084,0.9056072916
indochina-2004,7414866,341157189,0,34120000,34120000,0.1000125488,21164.3,19157.86,1442.54,1525.56,796.28,741.78,749.06,735.36,753.6,755.28,0.8424792336,0.8352744578,0.8364105086,0.8382668732,0.8377375984,0.8363787586,0.8377328882,0.836377915,0.8377316246,0.8363728742