graph,order,size,batch_deletions_size,batch_insertions_size,batch_size,batch_fraction,seqsta-t,seqstas-t,ompsta-t,ompstas-t,ompnai-t,ompnais-t,ompdel-t,ompdels-t,ompfro-t,ompfros-t,seqsta-m,seqstas-m,ompsta-m,ompstas-m,ompnai-m,ompnais-m,ompdel-m,ompdels-m,ompfro-m,ompfros-m
indochina-2004,7414866,341157189,0,340,340,0.0000009966080474,4219.64,4129.56,865.64,842.38,299.24,293.36,207.64,210.62,3.34,3.62,0.920849392,0.9154322382,0.9170201372,0.9128598308,0.919751485,0.914378048,0.9182904562,0.9126429822,0.9182073234,0.9125729152
indochina-2004,7414866,341157189,0,3410,3410,0.000009995392476,4132.44,3995.44,876.98,861.76,289.28,281.1,270.12,266.6,4.18,3.2,0.9208417846,0.9154213284,0.9168039772,0.913665053,0.9197407722,0.9143697242,0.918417783,0.9127740426,0.9182042112,0.9125678888
indochina-2004,7414866,341157189,0,34110,34110,0.00009998323676,4197.56,4026.04,821.04,783.78,270.12,263.6,267.48,267.9,6.32,4.76,0.92070749,0.9153488682,0.9164956858,0.913127435,0.9196609398,0.9142912172,0.9188014602,0.913252411,0.9181557212,0.912608262
indochina-2004,7414866,341157189,0,341200,341200,0.001000125488,4666.44,4538.72,873.76,830.88,296.7,282.46,281.26,282.82,25.96,21.98,0.9199925994,0.9145428196,0.9166640512,0.914166838,0.9188756198,0.9135084724,0.9185583506,0.9131956078,0.9176024644,0.9122244752
indochina-2004,7414866,341157189,0,3412000,3412000,0.01000125488,7726.46,7582.78,907.12,901.52,304.74,306.84,309.52,310.2,133.26,135,0.9121481372,0.9070332242,0.9072113306,0.9050673784,0.9110739746,0.905778417,0.911048593,0.9057598708,0.910542562,0.9052001134
indochina-2004,7414866,341157189,0,34120000,34120000,0.1000125488,21472.32,20368.6,1656.72,1641.8,787.3,793.88,781.08,794.12,733.36,763.52,0.8428622544,0.8314657496,0.8373933596,0.8380208644,0.8408092548,0.8360208006,0.8408080026,0.8360211538,0.840805802,0.836016501