graph,order,size,batch_deletions_size,batch_insertions_size,batch_size,batch_fraction,seqsta-t,seqstas-t,ompsta-t,ompstas-t,ompnai-t,ompnais-t,ompdel-t,ompdels-t,ompfro-t,ompfros-t,seqsta-m,seqstas-m,ompsta-m,ompstas-m,ompnai-m,ompnais-m,ompdel-m,ompdels-m,ompfro-m,ompfros-m
indochina-2004,7414866,341157189,34,34,34,0.0000001,4175.8,4005.38,833.38,814.25,278.33,272.31,16.34,23.27,3.31,2.98,0.9208491264,0.9154301357,0.9162426847,0.914125242,0.9164730404,0.9146709229,0.9149160451,0.9128721642,0.9148541442,0.9128699978
indochina-2004,7414866,341157189,340,340,340,0.000001,4174.46,4013.57,819.84,832.13,272.58,267.89,74.38,80.9,6.53,5.58,0.9208320274,0.915409138,0.9163554499,0.9146748864,0.9165153271,0.9146651868,0.9150774378,0.9129400166,0.9148799921,0.9128894292
indochina-2004,7414866,341157189,3410,3410,3410,0.00001,4156.73,4014.79,770.51,766.87,258.64,256.84,185.06,183.54,5.86,3.57,0.9205908704,0.9146407596,0.9168089961,0.9143875999,0.9165315452,0.9146002156,0.9153817134,0.9131518365,0.9149334052,0.9129009659
indochina-2004,7414866,341157189,34110,34110,34110,0.0001,4195.85,4065.23,758.5,747.94,260.18,260.57,255.93,255.65,11.24,9.77,0.9197117175,0.9141451377,0.914941745,0.9127191879,0.9157122428,0.9138134657,0.9150237922,0.9130470707,0.9142113111,0.9121968586
indochina-2004,7414866,341157189,341200,341200,341200,0.001,4528.96,4346.49,766.44,767.04,259.56,257.72,258.7,253.91,18.77,20.9,0.9185232072,0.9133731806,0.9136557845,0.9118446005,0.9149875036,0.9131285591,0.9147031613,0.9128647011,0.9136674212,0.911780768
indochina-2004,7414866,341157189,3412000,3412000,3412000,0.01,6502.72,6315.11,796.41,779.01,263.15,259.51,266.14,261.48,100.64,101.31,0.9149672312,0.9102274111,0.9103756782,0.9074596083,0.9132199425,0.9116676011,0.9131781529,0.9116355548,0.9126085554,0.9109663008
indochina-2004,7414866,341157189,34120000,34120000,34120000,0.1,14372.12,13228.29,1134.72,1173.24,538.7,509.1,513.38,510.2,512.85,513.61,0.8775973528,0.8712923999,0.8714118984,0.8714223131,0.8744527151,0.8730263071,0.8744490685,0.8730256399,0.8744198914,0.8729465608