graph,batch_deletions_fraction,batch_insertions_fraction,batch_fraction,raksta-t,raknai-t,rakdel-t,rakfro-t,raksta-m,raknai-m,rakdel-m,rakfro-m
it-2004,0.00000005,0.00000005,0.0000001,1880.8,634.4,168.7,18.35,0.932285319,0.9341754,0.9319761625,0.93195455
it-2004,0.0000005,0.0000005,0.000001,1943.75,631.2,325.75,27.65,0.9316633815,0.9341704475,0.932097099,0.9319542805
it-2004,0.000005,0.000005,0.00001,1924.3,613.05,526.95,68.75,0.9315799335,0.9341605295,0.932734692,0.931953311
it-2004,0.00005,0.00005,0.0001,1936,662.65,734.75,156.1,0.931952467,0.9341280355,0.9336259995,0.9320034555
it-2004,0.0005,0.0005,0.001,1985.6,680.75,877.15,254.15,0.931740801,0.933729107,0.9335882775,0.931973856
it-2004,0.005,0.005,0.01,2507.3,851.3,1670.15,673.7,0.9280624665,0.9298128165,0.929797749,0.9290013975
it-2004,0.05,0.05,0.1,4211.45,1843.1,4204.5,2073.35,0.8933384655,0.893678996,0.8936775635,0.8936555585