graph,order,size,batch_deletions_size,batch_insertions_size,batch_size,batch_fraction,seqsta-t,seqstas-t,ompsta-t,ompstas-t,ompnai-t,ompnais-t,ompdel-t,ompdels-t,ompfro-t,ompfros-t,seqsta-m,seqstas-m,ompsta-m,ompstas-m,ompnai-m,ompnais-m,ompdel-m,ompdels-m,ompfro-m,ompfros-m
it-2004,41291594,2186144594,0,2186,2186,0.0000009999338589,28102.4,27259,2511.44,2523.98,822.42,832.56,585.84,353,16.44,13.54,0.946174938,0.9452359498,0.9458654652,0.9448108132,0.947137128,0.946077958,0.9458150406,0.944485409,0.9457309236,0.944410035
it-2004,41291594,2186144594,0,21860,21860,0.000009999338589,28448.12,27446.72,2233.72,2240.3,724.62,723.1,654.32,633.62,17.04,35.38,0.946160774,0.9452413624,0.945914703,0.945339126,0.947128218,0.9460701334,0.9459626194,0.944654905,0.9457319564,0.9444296248
it-2004,41291594,2186144594,0,218600,218600,0.00009999338589,28790.74,28238.06,1910,2031.5,639.62,645.4,602.28,606.12,88.38,69.04,0.9460682762,0.9451618538,0.9459408458,0.9452606814,0.9470421998,0.9459845096,0.9463196536,0.945066045,0.945726199,0.944408974
it-2004,41291594,2186144594,0,2186000,2186000,0.0009999338589,33140.62,32320.14,2014.02,2109.64,656.52,695.78,676.68,621.92,153.68,154.46,0.9452596348,0.9443681484,0.9447864326,0.9444479468,0.9461940278,0.9451343426,0.9459760796,0.9449026326,0.945180499,0.943881563
it-2004,41291594,2186144594,0,21860000,21860000,0.009999338589,54642.02,53937.44,2556.66,2556.52,815.3,854.98,810.76,820.76,500.7,517,0.936964469,0.9360866014,0.9369568726,0.9364409016,0.9378131264,0.9367325788,0.937800871,0.9367227162,0.9373891982,0.9362181036
it-2004,41291594,2186144594,0,218600000,218600000,0.09999338589,151868.3,112139.7,9189.62,9411.76,4507.58,4506.88,4687.04,4628.02,4730.9,4862.04,0.862307359,0.8566719186,0.8608515902,0.8589261936,0.8623181022,0.861046872,0.8623176488,0.861045981,0.8623162124,0.861044155