graph,order,size,batch_deletions_size,batch_insertions_size,batch_size,batch_fraction,seqsta-t,seqstas-t,ompsta-t,ompstas-t,ompnai-t,ompnais-t,ompdel-t,ompdels-t,ompfro-t,ompfros-t,seqsta-m,seqstas-m,ompsta-m,ompstas-m,ompnai-m,ompnais-m,ompdel-m,ompdels-m,ompfro-m,ompfros-m
it-2004,41291594,2186144594,0,20,20,0.000000009148525699,28394.6,27427.68,2308.34,2484,644.5,667.6,130.66,50.94,14.74,14.9,0.9461759822,0.945236934,0.946029751,0.9446054388,0.947034615,0.9462737548,0.9456198882,0.9446345178,0.9456193602,0.944634401
it-2004,41291594,2186144594,0,218,218,0.00000009971893012,28456.88,27605.84,2179.04,2081.94,622.2,635.9,492.86,164.46,13.58,14.9,0.9461758966,0.9452368518,0.9458463956,0.944672906,0.9470345924,0.9462737952,0.945649907,0.9446508978,0.9456192904,0.944634322
it-2004,41291594,2186144594,0,2186,2186,0.0000009999338589,28346.96,27462.26,1855.84,1864.28,617.78,597.7,522.08,279.02,16,13.54,0.9461750582,0.9452322236,0.9461151206,0.9445708374,0.947034051,0.9462735362,0.9457065442,0.9446902668,0.9456185936,0.944634305
it-2004,41291594,2186144594,0,21860,21860,0.000009999338589,28721.3,27963.26,2064.96,2057.96,683.4,657.98,593,593.54,28.38,39.02,0.9461665076,0.9452340412,0.946033385,0.9450263898,0.9470251126,0.9462663898,0.9458910596,0.9448746636,0.9456198016,0.944633368
it-2004,41291594,2186144594,0,218600,218600,0.00009999338589,28958.86,28023.26,2284.32,2249.6,720.34,696.76,708.04,707.74,78.42,77.64,0.9460785342,0.9451949028,0.946202501,0.9449927786,0.9469402424,0.9461787754,0.9462117064,0.945240764,0.9456090594,0.944596928
it-2004,41291594,2186144594,0,2186000,2186000,0.0009999338589,32422.2,31439.82,2202.12,2170.26,669.6,683.24,659.8,677.38,171.24,171.1,0.9452287622,0.9443697348,0.9447671916,0.9441256066,0.946091808,0.9453304428,0.945872105,0.945101111,0.945081634,0.9440657554
it-2004,41291594,2186144594,0,21860000,21860000,0.009999338589,53115.98,51779.6,3276.2,3009.56,1090.6,1061.18,1005.88,1021.04,627.2,643.26,0.9370632158,0.9360652904,0.9366442268,0.9362539558,0.9377130238,0.9369249458,0.9377012398,0.9369154414,0.9372858814,0.9364065002
it-2004,41291594,2186144594,0,218600000,218600000,0.09999338589,138027.36,107840.24,8423.56,10127.16,4411.26,4327.64,4364.28,4503.3,4431.16,4659.92,0.862173773,0.8559865188,0.8609502824,0.8598089358,0.8622331646,0.8612199718,0.8622328968,0.8612229906,0.8622306868,0.8612222906