graph,batch_deletions_size,batch_insertions_size,batch_fraction,raksta-t,raknai-t,rakdel-t,rakfro-t,raksta-m,raknai-m,rakdel-m,rakfro-m
it-2004,0.00000005,0.00000005,0.0000001,1904.4,657.64,629.66,18.98,0.9309605252,0.934815675,0.9325879448,0.9325710428
it-2004,0.0000005,0.0000005,0.000001,1903.78,640.94,753.32,26.06,0.9317162454,0.9348215358,0.9327460626,0.9325707758
it-2004,0.000005,0.000005,0.00001,1939.28,631.9,1007.02,72.74,0.9311251404,0.9348115056,0.9333840248,0.9325708726
it-2004,0.00005,0.00005,0.0001,1941.36,671.76,1153.18,179.18,0.9316491024,0.93477858,0.9342677464,0.9326557738
it-2004,0.0005,0.0005,0.001,2006.74,703.88,1346.84,281.52,0.9319270054,0.9343763366,0.9342387776,0.9327049364
it-2004,0.005,0.005,0.01,2229.86,857.56,2214.36,879.24,0.9287299606,0.9304488436,0.9304382196,0.929654804
it-2004,0.05,0.05,0.1,5611.92,2454.92,6950.3,5384.4,0.8932559022,0.8941275748,0.8941232074,0.8941024844