graph,order,size,batch_deletions_size,batch_insertions_size,batch_size,batch_fraction,ompsta-t,ompstas-t,ompnai-t,ompnais-t,ompdel-t,ompdels-t,ompfro-t,ompfros-t,ompsta-m,ompstas-m,ompnai-m,ompnais-m,ompdel-m,ompdels-m,ompfro-m,ompfros-m
it-2004,41291594,2186144594,108,108,216,0.0000001,2360.96,1910.92,661.06,606.32,1006.92,628.58,14.78,17.08,0.9459915794,0.94484155,0.9472321962,0.9460684964,0.9458362062,0.9444552116,0.9458290584,0.9444402772
it-2004,41291594,2186144594,1092,1092,2184,0.000001,1699.96,1753.5,539.04,565.24,1006.14,861.82,42.5,18.6,0.9462378632,0.945417354,0.9476096808,0.9465211186,0.9463247808,0.9449931538,0.9462147276,0.9448985846
it-2004,41291594,2186144594,10930,10930,21860,0.00001,1640.06,1677.62,536.54,565.36,1022.22,1047.8,88.6,66.46,0.94656384,0.9454066148,0.94808119,0.9469728824,0.9471030722,0.9457917926,0.946709175,0.9454142578
it-2004,41291594,2186144594,109300,109300,218600,0.0001,1687.84,1676.24,537.48,582.82,1060.42,1075.32,114.1,116.62,0.9450346992,0.9438667318,0.946966718,0.9457707934,0.9464542254,0.945226366,0.9457378982,0.9443600564
it-2004,41291594,2186144594,1093000,1093000,2186000,0.001,1727.7,1738.24,553.4,573.84,1135.32,1157.12,214.7,232.7,0.94294193,0.9411824344,0.9455075624,0.944073842,0.9453198458,0.9439129164,0.9445479736,0.9429446348
it-2004,41291594,2186144594,10930000,10930000,21860000,0.01,2252.28,2244.44,685.26,703.66,1723.48,1881.78,813.64,832.4,0.9352696392,0.934707883,0.940307614,0.9389818862,0.9402906166,0.9389692018,0.9399316174,0.9385301922
it-2004,41291594,2186144594,109300000,109300000,218600000,0.1,6194.16,6421.86,2913.24,3128.36,6385.8,6532.22,6163.14,6217.08,0.8929793356,0.8951036078,0.8955211738,0.895558526,0.8955153532,0.8955578008,0.8955211596,0.8955573402