graph,order,size,batch_deletions_size,batch_insertions_size,batch_size,batch_fraction,seqsta-t,seqstas-t,ompsta-t,ompstas-t,ompnai-t,ompnais-t,ompdel-t,ompdels-t,ompfro-t,ompfros-t,seqsta-m,seqstas-m,ompsta-m,ompstas-m,ompnai-m,ompnais-m,ompdel-m,ompdels-m,ompfro-m,ompfros-m
it-2004,41291594,2186144594,218,218,218,0.0000001,28388.88,27544,2236.7,2077.7,632.17,648.67,433.05,135.22,13.73,13.53,0.946195717,0.9452578347,0.9460445461,0.9445342881,0.9475103624,0.9461322058,0.9461055716,0.944488217,0.9460839248,0.9444716389
it-2004,41291594,2186144594,2186,2186,2186,0.000001,28370.43,27551.53,1854.45,1858.78,604.2,605.3,521.14,345.69,36.97,16.97,0.9466127126,0.9457639261,0.9464743523,0.9452519679,0.9479700987,0.9466919131,0.9466739511,0.9451452686,0.9465483885,0.9450388682
it-2004,41291594,2186144594,21860,21860,21860,0.00001,28736.62,27818.15,2106.79,2119.52,700.23,663.46,610.98,601.96,60.62,60.05,0.9462930822,0.945348105,0.9460376241,0.9448674228,0.9477613565,0.9463449653,0.9467252151,0.9450935159,0.946370946,0.9447412555
it-2004,41291594,2186144594,218600,218600,218600,0.0001,28496.15,27538.73,2158.43,2140.16,699.38,672.16,666.51,654.26,96.89,94.97,0.9455842247,0.9444655958,0.9454910637,0.944127131,0.9472047049,0.9458035389,0.9465948317,0.9450906945,0.9458911412,0.9442953967
it-2004,41291594,2186144594,2186000,2186000,2186000,0.001,30684.46,29761.86,2145.58,2154.3,678.07,690.48,670.56,676.86,182.53,182.28,0.9443337039,0.9434397453,0.9438384271,0.9428809973,0.9465312497,0.9449176484,0.946307027,0.9447048918,0.9454803722,0.9436464546
it-2004,41291594,2186144594,21860000,21860000,21860000,0.01,44397.66,43244.37,2763.76,2633.12,895.43,868.57,848.47,867.36,524.02,534.55,0.9379714428,0.9377285968,0.9373127389,0.9370828981,0.942092295,0.940979033,0.9420627189,0.9409535404,0.9416618645,0.9404360991
it-2004,41291594,2186144594,218600000,218600000,218600000,0.1,93643.18,78049.52,5697.07,6539.77,2661.61,2669.55,2686.26,2739.4,2676.16,2791.82,0.904025481,0.9001509912,0.9028238938,0.9015369895,0.9054934165,0.904370327,0.9054925334,0.9043743401,0.9054568941,0.9043000713