graph,order,size,batch_deletions_size,batch_insertions_size,batch_size,batch_fraction,seqsta-t,seqstas-t,ompsta-t,ompstas-t,ompnai-t,ompnais-t,ompdel-t,ompdels-t,ompfro-t,ompfros-t,seqsta-m,seqstas-m,ompsta-m,ompstas-m,ompnai-m,ompnais-m,ompdel-m,ompdels-m,ompfro-m,ompfros-m
kmer_A2a,170728175,360585172,36,36,36,0.0000001,44201.09,28162.57,6761.35,3654.83,1676.54,1346.71,56.82,71.68,62.7,58.27,0.7618471744,0.7255521815,0.7616493619,0.7223575608,0.7623270084,0.7237604184,0.7614434941,0.7224528113,0.7614434932,0.7224528109
kmer_A2a,170728175,360585172,360,360,360,0.000001,43208.64,27698.7,6063.95,4105.46,1794.71,1156.08,54.13,56.47,66.47,66.65,0.7618469512,0.7255519794,0.7616238638,0.7220677461,0.7623274284,0.7237524249,0.7614432986,0.7224525601,0.761443299,0.7224525572
kmer_A2a,170728175,360585172,3604,3604,3604,0.00001,44011.02,28369.08,6010.12,3803.86,1692.55,1243.61,54.28,67.39,72.79,56.73,0.7618448344,0.7255501028,0.7614125333,0.7218661405,0.7623227263,0.7237431893,0.7614413714,0.722450137,0.761441347,0.7224500958
kmer_A2a,170728175,360585172,36060,36060,36060,0.0001,43920.77,27923,6186.47,3199.66,1658.83,1164.28,85.62,68.97,60.67,66.33,0.7618236035,0.7255310449,0.7613084506,0.7217771987,0.7623042254,0.7237193057,0.7614215447,0.7224256166,0.7614214971,0.7224252107
kmer_A2a,170728175,360585172,360600,360600,360600,0.001,44800.13,28038,5212.24,3679.32,1559.34,1265.04,180.45,131.51,85.95,60.91,0.7616111464,0.7253396408,0.7612242325,0.7214591692,0.7621118541,0.7234697974,0.76122662,0.7221813398,0.7612248664,0.7221771323
kmer_A2a,170728175,360585172,3606000,3606000,3606000,0.01,49979.66,32196.35,6680.31,3729.08,1801.34,1435.96,388.75,380.12,214.61,149.02,0.7595066411,0.7234584783,0.7591132874,0.7194281098,0.7602046058,0.7210092686,0.75931064,0.7197727442,0.7592880993,0.7197303071
kmer_A2a,170728175,360585172,36060000,36060000,36060000,0.1,78304.8,56234.17,5266.78,4743.85,1799.83,1532.87,1318.15,1116.39,771.29,595.74,0.7403572303,0.7073585944,0.7370638779,0.7024878409,0.7433571484,0.700070151,0.7425179207,0.6991720643,0.7422662226,0.6989266124