graph,batch_deletions_size,batch_insertions_size,batch_fraction,raksta-t,raknai-t,rakdel-t,rakfro-t,raksta-m,raknai-m,rakdel-m,rakfro-m
kmer_A2a,0.00000005,0.00000005,0.0000001,3328.32,1732.88,2275.32,65.8,0.7254293208,0.7256054222,0.7254238586,0.7254238586
kmer_A2a,0.0000005,0.0000005,0.000001,2606.24,1295.82,2188.36,60.52,0.725431214,0.7256054392,0.7254237594,0.7254237594
kmer_A2a,0.000005,0.000005,0.00001,2501.7,1596.58,2238.5,70.68,0.7254298316,0.725604466,0.7254229976,0.725422911
kmer_A2a,0.00005,0.00005,0.0001,2733.34,2241.48,2268.28,76.48,0.7254266414,0.7255952802,0.7254139302,0.7254137562
kmer_A2a,0.0005,0.0005,0.001,3579.04,1749.1,2496.52,88,0.7253900724,0.7255039416,0.725324193,0.7253226392
kmer_A2a,0.005,0.005,0.01,2786.3,1653.36,2692.02,510.68,0.7250064982,0.7245728036,0.7244040542,0.7243950006
kmer_A2a,0.05,0.05,0.1,3205.18,1902.86,4629.26,1512.86,0.7200262912,0.714508785,0.7143994174,0.7143641654