graph,order,size,batch_deletions_size,batch_insertions_size,batch_size,batch_fraction,seqsta-t,seqstas-t,ompsta-t,ompstas-t,ompnai-t,ompnais-t,ompdel-t,ompdels-t,ompfro-t,ompfros-t,seqsta-m,seqstas-m,ompsta-m,ompstas-m,ompnai-m,ompnais-m,ompdel-m,ompdels-m,ompfro-m,ompfros-m
kmer_V1r,214005017,465410904,0,464,464,0.0000009969684767,45766.86,23946.28,3088.46,2352.6,1072.78,870.02,74.44,71.46,81.5,72.5,0.7472952918,0.712761492,0.7453573004,0.7090586906,0.745815614,0.7113885496,0.7449834308,0.7092546378,0.7449834308,0.7092546178
kmer_V1r,214005017,465410904,0,4654,4654,0.000009999765712,45038.68,23924.22,3230.7,2177.7,967.24,758.62,74.84,77.42,85.24,72.36,0.74728928,0.7127563868,0.7447914438,0.70903602,0.7458060034,0.7113821186,0.744976902,0.70924863,0.7449768468,0.7092485522
kmer_V1r,214005017,465410904,0,46540,46540,0.00009999765712,45837.08,24677.88,3876.72,2467.2,1182.1,858.92,86.84,107.52,89.48,78.36,0.747229881,0.712705505,0.7449291514,0.708964335,0.7457460958,0.711333677,0.744911556,0.7091886262,0.7449111558,0.709187687
kmer_V1r,214005017,465410904,0,465400,465400,0.0009999765712,45919.9,25104.02,4411.42,2256.4,957.26,844.42,207.72,319.38,116.14,87.28,0.7466348272,0.7121938924,0.7442762128,0.7087424782,0.7450789492,0.7107286342,0.7442590004,0.708585424,0.7442544462,0.7085799012
kmer_V1r,214005017,465410904,0,4654000,4654000,0.009999765712,56801.9,35421.02,3451.52,2387.12,943.8,943,525.82,399.8,205.7,211.56,0.7407301988,0.7071189158,0.7381583174,0.703484962,0.7385565938,0.7046337728,0.7377869586,0.7026342924,0.7377565832,0.7025542244
kmer_V1r,214005017,465410904,0,46540000,46540000,0.09999765712,126811.06,98097.76,4950.1,4118.46,1454.96,1386.94,1268.18,1264.58,1065.42,963.4,0.6862056886,0.6601279194,0.6819275262,0.6535001938,0.679184239,0.649211887,0.6787536278,0.648166847,0.678595198,0.6476382514