graph,order,size,batch_deletions_size,batch_insertions_size,batch_size,batch_fraction,ompsta-t,ompstas-t,ompnai-t,ompnais-t,ompdel-t,ompdels-t,ompfro-t,ompfros-t,ompsta-m,ompstas-m,ompnai-m,ompnais-m,ompdel-m,ompdels-m,ompfro-m,ompfros-m
kmer_A2a,170728175,360585172,18,18,36,0.0000001,7982.08,4958.04,1795.8,1615.8,2258.3,2207.64,96.04,92.54,0.7616709158,0.7217188836,0.7623825136,0.7237891072,0.7613702818,0.7224171116,0.7613702808,0.7224171084
kmer_A2a,170728175,360585172,180,180,360,0.000001,6213.16,3499.14,1797.86,1178.5,2331.08,2274.64,80.28,86.72,0.7612820534,0.7216959014,0.7623783494,0.7237812988,0.7613701034,0.7224168574,0.7613701044,0.7224168452
kmer_A2a,170728175,360585172,1802,1802,3604,0.00001,6433.54,2853.52,1481.1,953.16,2355.42,2271.2,84.8,85.74,0.7613526234,0.7217076972,0.762386545,0.723779505,0.761368173,0.7224143624,0.7613681664,0.7224143572
kmer_A2a,170728175,360585172,18030,18030,36060,0.0001,6053.66,3283.08,1332.54,1121.22,2355.02,2263.24,105.02,89.62,0.761022163,0.7213769838,0.7623586238,0.7237543466,0.761348886,0.722389793,0.7613487034,0.7223893586
kmer_A2a,170728175,360585172,180300,180300,360600,0.001,5592.78,2968.4,1418.16,993.6,2421.6,2493.84,95.66,117.24,0.7608217944,0.7214467416,0.7621645498,0.7235033336,0.7611541432,0.7221428522,0.7611522352,0.7221399372
kmer_A2a,170728175,360585172,1803000,1803000,3606000,0.01,6056.92,3218.06,1497.26,1057.76,2809.74,2651.62,282.46,279.4,0.759057351,0.719216832,0.7602346352,0.7210387876,0.759217646,0.7197138596,0.7591888466,0.719667916
kmer_A2a,170728175,360585172,18030000,18030000,36060000,0.1,5198.28,4436.18,1780.78,1548.62,4881.54,4524.24,1601.84,1478.14,0.7370811402,0.7017505694,0.7413792332,0.6990580088,0.7404744302,0.698052082,0.7402019854,0.6975142788