graph,order,size,batch_deletions_size,batch_insertions_size,batch_size,batch_fraction,seqsta-t,seqstas-t,ompsta-t,ompstas-t,ompnai-t,ompnais-t,ompdel-t,ompdels-t,ompfro-t,ompfros-t,seqsta-m,seqstas-m,ompsta-m,ompstas-m,ompnai-m,ompnais-m,ompdel-m,ompdels-m,ompfro-m,ompfros-m
kmer_A2a,170728175,360585172,0,2,2,0.000000005546539778,43872.3,27544.08,7117.08,4190.7,1705.52,1531.82,65.64,53.66,74.22,66.78,0.761847195,0.7255522,0.7615709744,0.7218982764,0.762374909,0.723517609,0.761544105,0.721999194,0.761544105,0.721999194
kmer_A2a,170728175,360585172,0,36,36,0.00000009983771601,45265.52,28184.96,6559.86,3469.14,1717,1358.74,59.86,79.74,63.78,57.62,0.7618471382,0.725552153,0.761490103,0.7223950686,0.762377491,0.7235312236,0.761544039,0.7219991308,0.7615440378,0.7219991306
kmer_A2a,170728175,360585172,0,360,360,0.0000009983771601,43077,27236.16,5883.38,3599.52,1707.62,1057.82,53.78,51.14,63.26,70.58,0.7618465358,0.7255516248,0.7613724508,0.7218477108,0.762378424,0.7235138666,0.7615433726,0.721998508,0.7615433716,0.7219985014
kmer_A2a,170728175,360585172,0,3604,3604,0.000009994864681,44065.48,28236.3,5132.6,2975.12,1636.52,998.48,52.14,68.54,80.48,55.44,0.761840483,0.7255465906,0.7613709666,0.7214694878,0.762368084,0.7235019652,0.7615367522,0.7219923986,0.7615367056,0.7219923222
kmer_A2a,170728175,360585172,0,36060,36060,0.0001000041122,45084.2,28222.24,5734.1,2531.7,1313,962.74,112.46,66.74,63.8,69.28,0.7617808936,0.7254958944,0.7612920788,0.7216259862,0.7623024178,0.7234365158,0.7614700106,0.7219310694,0.7614699504,0.721930366
kmer_A2a,170728175,360585172,0,360600,360600,0.001000041122,46566.66,28599.68,5439.2,3349.46,1499.4,1184.2,229.96,160.58,89.82,66.6,0.76118409,0.7249894122,0.7607250168,0.7206670812,0.7616356302,0.7228198996,0.7608064094,0.7213206018,0.7608035544,0.7213133008
kmer_A2a,170728175,360585172,0,3606000,3606000,0.01000041122,53474.86,36040.3,6701.58,4118,1789.12,1460.02,468.94,449.56,221.36,210.18,0.7552601706,0.7199653348,0.7546796682,0.7154781096,0.7550251368,0.7166662818,0.7542396078,0.715264769,0.7542057102,0.7151903706
kmer_A2a,170728175,360585172,0,36060000,36060000,0.1000041122,102287.52,77285.58,5494.16,5269.1,1926.08,1695.4,1685.66,1631.84,1146.24,952.66,0.7004279984,0.6732981982,0.6979826178,0.666871679,0.6946976642,0.6605922716,0.694321965,0.6598605736,0.6940880332,0.6594593862