graph,batch_deletions_size,batch_insertions_size,batch_fraction,raksta-t,raknai-t,rakdel-t,rakfro-t,raksta-m,raknai-m,rakdel-m,rakfro-m
kmer_V1r,0.00000005,0.00000005,0.0000001,3040.38,1755.74,2683.76,80.92,0.7127485518,0.7131746206,0.7127503216,0.7127503216
kmer_V1r,0.0000005,0.0000005,0.000001,2377.22,1157.74,2705.08,75.2,0.712750667,0.7131745418,0.712750233,0.712750233
kmer_V1r,0.000005,0.000005,0.00001,2389.84,1072.78,2711.92,104.54,0.7127501872,0.713173552,0.712749268,0.7127492594
kmer_V1r,0.00005,0.00005,0.0001,2080.02,1014.64,2810.02,86.82,0.7127464084,0.7131642566,0.7127401152,0.7127400494
kmer_V1r,0.0005,0.0005,0.001,2497.02,1274.62,2994.86,149.5,0.71270282,0.7130701434,0.7126476868,0.712646892
kmer_V1r,0.005,0.005,0.01,2711.92,1446.56,3455.54,321.72,0.7122460932,0.7121176558,0.711710637,0.7117033138
kmer_V1r,0.05,0.05,0.1,3680.82,1347.56,6398.56,1918.54,0.7066025734,0.7018031628,0.7015224066,0.7014686052