graph,order,size,batch_deletions_size,batch_insertions_size,batch_size,batch_fraction,seqsta-t,seqstas-t,ompsta-t,ompstas-t,ompnai-t,ompnais-t,ompdel-t,ompdels-t,ompfro-t,ompfros-t,seqsta-m,seqstas-m,ompsta-m,ompstas-m,ompnai-m,ompnais-m,ompdel-m,ompdels-m,ompfro-m,ompfros-m
kmer_V1r,214005017,465410904,0,4,4,0.000000008594555834,45237.84,24595.16,5521.48,3082.34,1486.86,933.26,67.44,76.26,80.7,85.22,0.7472959368,0.712762037,0.7448639622,0.7098132184,0.7465180468,0.7113874554,0.745599368,0.709599715,0.745599367,0.709599715
kmer_V1r,214005017,465410904,0,46,46,0.00000009883739209,45565.28,25534.64,4765.28,2961.14,1453.78,982.3,64.52,67.68,67.86,74.32,0.7472958804,0.7127619882,0.744646597,0.70851783,0.7465182278,0.7113917198,0.7455993034,0.709599655,0.7455993008,0.7095996534
kmer_V1r,214005017,465410904,0,464,464,0.0000009969684767,44896.22,24804.64,3934.18,2025.9,1338.96,896.3,69.46,80,80.94,99.18,0.7472953046,0.7127615022,0.7438841224,0.7086830174,0.7465145108,0.7113973752,0.7455986524,0.7095990576,0.7455986484,0.7095990496
kmer_V1r,214005017,465410904,0,4654,4654,0.000009999765712,45710.22,25091.56,3741.74,2461.58,1389.56,889.48,72.96,65.82,70.06,74.74,0.7472893436,0.7127563464,0.7448308732,0.7083426872,0.7465118028,0.7113765314,0.745592084,0.7095930278,0.7455920572,0.7095929608
kmer_V1r,214005017,465410904,0,46540,46540,0.00009999765712,45572.6,24735.96,3929.46,2205.98,1109.9,748.34,95.12,101.26,70.84,91.96,0.7472298706,0.712705223,0.7445131988,0.708454736,0.7464492834,0.7113260416,0.7455265396,0.7095326784,0.745526221,0.7095319104
kmer_V1r,214005017,465410904,0,465400,465400,0.0009999765712,46598.5,25634.7,3740.18,2303.82,1129,773.38,161.68,181.58,89.16,114.08,0.7466350626,0.7121926158,0.7440570962,0.7078826238,0.7457903704,0.7107084892,0.7448733788,0.7089291296,0.744869863,0.7089214408
kmer_V1r,214005017,465410904,0,4654000,4654000,0.009999765712,56558.46,35804.08,5361.66,2407.7,1375.96,864.28,584.74,441.2,232.36,276.04,0.7407315288,0.707115054,0.7380899158,0.7026211244,0.7392753976,0.704612006,0.738406872,0.7029449764,0.7383701588,0.702874844
kmer_V1r,214005017,465410904,0,46540000,46540000,0.09999765712,121436.82,93477.26,6155.46,3906.98,1970.2,1450.14,1847.58,1456.44,1173.76,920.4,0.6862034892,0.660130687,0.6818767458,0.6528684112,0.6799079806,0.6491614236,0.6794484734,0.6482225054,0.679187974,0.647851834