graph,batch_deletions_fraction,batch_insertions_fraction,batch_fraction,raksta-t,raknai-t,rakdel-t,rakfro-t,raksta-m,raknai-m,rakdel-m,rakfro-m
kmer_A2a,0.00000005,0.00000005,0.0000001,3001.45,1561.05,266.25,65,0.725422635,0.725620112,0.7254374225,0.725437414
kmer_A2a,0.0000005,0.0000005,0.000001,2496.85,1185.8,242.75,62,0.725422918,0.725620195,0.725437364,0.7254373585
kmer_A2a,0.000005,0.000005,0.00001,2371.8,1431.15,254.6,62.35,0.725432776,0.72561928,0.725436424,0.725436405
kmer_A2a,0.00005,0.00005,0.0001,2361.15,1127.5,225.05,67.05,0.7254281725,0.725609931,0.7254272945,0.725427186
kmer_A2a,0.0005,0.0005,0.001,2300.35,1159.15,310.25,74.45,0.725388602,0.725518037,0.725337155,0.725335492
kmer_A2a,0.005,0.005,0.01,2145.75,1315.65,604.45,244.9,0.7249977175,0.72459212,0.7244223185,0.7244132925
kmer_A2a,0.05,0.05,0.1,2605.7,1669,1960.5,688.4,0.7200438615,0.7145424155,0.714421742,0.714396294