graph,order,size,batch_deletions_size,batch_insertions_size,batch_size,batch_fraction,seqsta-t,seqstas-t,ompsta-t,ompstas-t,ompnai-t,ompnais-t,ompdel-t,ompdels-t,ompfro-t,ompfros-t,seqsta-m,seqstas-m,ompsta-m,ompstas-m,ompnai-m,ompnais-m,ompdel-m,ompdels-m,ompfro-m,ompfros-m
kmer_A2a,170728175,360585172,0,360,360,0.0000009983771601,44665.36,28374.86,3821.76,2563.92,1079.74,1006.72,54.36,56.16,53.82,59.22,0.7618465148,0.725551636,0.7614721386,0.7217903482,0.762227778,0.7237148452,0.7614041982,0.7223203796,0.7614041904,0.7223203706
kmer_A2a,170728175,360585172,0,3604,3604,0.000009994864681,42795.72,27501.68,2853.56,2191.86,925.86,941.16,61.08,57.38,62.3,55.4,0.761840585,0.7255464972,0.761459003,0.7218243208,0.762222838,0.7237076924,0.7613975482,0.7223142086,0.7613975182,0.722314165
kmer_A2a,170728175,360585172,0,36060,36060,0.0001000041122,43840.32,27171.18,3077.68,2133.1,1015.9,757.08,84.88,81.72,66.78,64.36,0.7617808926,0.7254958906,0.7613829012,0.7217106194,0.7621542244,0.7236526774,0.7613312518,0.7222530364,0.7613308368,0.722252229
kmer_A2a,170728175,360585172,0,360600,360600,0.001000041122,43600.58,28200.54,3111.42,2233.94,889.84,807.14,190.32,117.02,87.54,94.98,0.7611838718,0.7249906796,0.7607868044,0.7210416806,0.7614844964,0.7230279312,0.7606663854,0.7216416034,0.7606644816,0.721633536
kmer_A2a,170728175,360585172,0,3606000,3606000,0.01000041122,50451.34,33773.98,3401.74,2705.5,947.4,854.04,439.16,344.76,233.8,168.38,0.755260266,0.7199676518,0.7548211466,0.7155909502,0.7548649498,0.7168823302,0.7540951808,0.7155807216,0.7540667848,0.7155171648
kmer_A2a,170728175,360585172,0,36060000,36060000,0.1000041122,102389.4,76838.56,3675.04,3716.36,1316.76,1221.3,1185.28,998.66,853.32,831,0.70043166,0.673292698,0.69790955,0.6665519014,0.6945747446,0.6608630364,0.6941926746,0.660121886,0.693974318,0.6597806312