graph,batch_deletions_fraction,batch_insertions_fraction,batch_fraction,raksta-t,raknai-t,rakdel-t,rakfro-t,raksta-m,raknai-m,rakdel-m,rakfro-m
kmer_V1r,0.00000005,0.00000005,0.0000001,2182.2,1032.08,236.2,48,0.7127508886,0.7131763206,0.7127515516,0.7127515516
kmer_V1r,0.0000005,0.0000005,0.000001,2153.38,996.6,236.8,48.66,0.7127504622,0.7131762436,0.7127514774,0.7127514774
kmer_V1r,0.000005,0.000005,0.00001,2036.76,1159.98,250.16,51.34,0.712750172,0.713175263,0.7127505104,0.712750501
kmer_V1r,0.00005,0.00005,0.0001,2224.08,974.78,246.76,105.2,0.7127457052,0.7131658156,0.7127412068,0.7127411494
kmer_V1r,0.0005,0.0005,0.001,2325.04,1046.7,327.62,72.12,0.7127017638,0.7130712916,0.7126482366,0.7126474828
kmer_V1r,0.005,0.005,0.01,2141.96,996.3,731.56,216.48,0.7122478958,0.7121177772,0.7117098094,0.7117027776
kmer_V1r,0.05,0.05,0.1,2333.5,1262.56,2441.36,1032.9,0.7066172358,0.7018356662,0.7015455066,0.7015004906