graph,order,size,batch_deletions_size,batch_insertions_size,batch_size,batch_fraction,seqsta-t,seqstas-t,ompsta-t,ompstas-t,ompnai-t,ompnais-t,ompdel-t,ompdels-t,ompfro-t,ompfros-t,seqsta-m,seqstas-m,ompsta-m,ompstas-m,ompnai-m,ompnais-m,ompdel-m,ompdels-m,ompfro-m,ompfros-m
kmer_V1r,214005017,465410904,46,46,46,0.0000001,45521.71,24942.83,5117.61,3067.51,1523.82,990.63,66.51,67.33,73.45,81.96,0.7472959222,0.7127620223,0.7447221473,0.7087904692,0.7461916316,0.7113012361,0.7453292314,0.7093271687,0.7453292301,0.7093271684
kmer_V1r,214005017,465410904,464,464,464,0.000001,45519.93,24826.93,4034.6,2374.27,1466.39,887.37,68.71,73.81,77.16,90.93,0.7472957139,0.7127618433,0.7444263461,0.7086288181,0.7461884162,0.7113289458,0.7453290363,0.7093269345,0.7453290341,0.7093269299
kmer_V1r,214005017,465410904,4654,4654,4654,0.00001,45949.8,25046.5,4641.07,2706.29,1401.17,918.4,78.85,69.59,75.62,74.58,0.7472935455,0.7127598586,0.7450894616,0.7084449739,0.7461777221,0.7113138538,0.7453270848,0.7093244949,0.7453270712,0.7093244593
kmer_V1r,214005017,465410904,46540,46540,46540,0.0001,45129.32,24498.37,4695.6,2563.83,1290.45,902.47,93.88,110.36,75.95,82.19,0.747272398,0.7127408396,0.7446412045,0.7086285457,0.7461689384,0.7112954525,0.7453080322,0.7093006952,0.745307849,0.7093002358
kmer_V1r,214005017,465410904,465400,465400,465400,0.001,46418.5,25763.78,4516.65,2605.78,1271.98,879.99,193.46,165.1,92.77,91.51,0.747060411,0.7125500162,0.744602837,0.7084242836,0.7459791831,0.7110449969,0.7451165354,0.7090624216,0.7451146586,0.709057736
kmer_V1r,214005017,465410904,4654000,4654000,4654000,0.01,51655.73,31032.7,5072.77,2641.98,1416.86,917.41,495.67,365.27,291.05,234.1,0.7449546374,0.7106747787,0.743025356,0.7066262384,0.744143085,0.7086390839,0.7432321663,0.7067119276,0.7432068298,0.7066718155
kmer_V1r,214005017,465410904,46540000,46540000,46540000,0.1,91180.93,65715.3,4869.99,3589.8,1787.93,1304.63,1517.65,1037.3,863.99,652.97,0.7260760272,0.6947986326,0.7213489499,0.6896452301,0.7279876656,0.6883322287,0.7269638942,0.6867617678,0.726599642,0.6865113341