graph,order,size,batch_deletions_size,batch_insertions_size,batch_size,batch_fraction,seqsta-t,seqstas-t,ompsta-t,ompstas-t,ompnai-t,ompnais-t,ompdel-t,ompdels-t,ompfro-t,ompfros-t,seqsta-m,seqstas-m,ompsta-m,ompstas-m,ompnai-m,ompnais-m,ompdel-m,ompdels-m,ompfro-m,ompfros-m
sk-2005,50636154,3801606919,0,3800,3800,0.0000009995773053,45802.52,45803,2416.54,2522.42,784.48,743.94,687.12,719.88,56.88,40.56,0.9178648902,0.9380328468,0.9172103502,0.9360495392,0.9236918376,0.9395092,0.9228215194,0.9383348384,0.9224887428,0.9381233556
sk-2005,50636154,3801606919,0,38020,38020,0.00001000103399,45603.44,44601.68,2324.72,2399.56,767.44,751.3,664.3,756.3,106.98,78.88,0.91785659,0.9380246312,0.9233070846,0.9367221222,0.9236819184,0.9395009116,0.9231372924,0.9386277804,0.9225173702,0.9381487176
sk-2005,50636154,3801606919,0,380200,380200,0.0001000103399,47396.94,46096.82,2422.8,2426.38,772.1,744.94,780.5,828.08,141.4,159.6,0.917798726,0.9379355448,0.9242851574,0.9372322244,0.923600184,0.939416874,0.9232655666,0.9389929442,0.9226236806,0.938203994
sk-2005,50636154,3801606919,0,3802000,3802000,0.001000103399,52941.56,51655.54,2546.02,2669.12,861.68,893.84,857.88,831.78,256.98,286.28,0.9169692076,0.9372016766,0.9207826332,0.9364785864,0.9227700956,0.938575451,0.922685461,0.9384916086,0.9219974574,0.9377147512
sk-2005,50636154,3801606919,0,38020000,38020000,0.01000103399,86980.98,86618.1,3709.7,3831.78,1201.14,1255.4,1105.1,1170.7,832.96,868.58,0.9057706836,0.9147401864,0.8978832952,0.9267780534,0.9145716258,0.9302529846,0.9145705078,0.9302518846,0.914282392,0.9299605798
sk-2005,50636154,3801606919,0,380200000,380200000,0.1000103399,146482.44,134269.24,6834.98,7688.24,4363.18,4414.52,4445.88,4373.22,4596.92,4688.18,0.393006217,0.1521502488,0.5536772676,0.7258347936,0.8393619794,0.8550766296,0.8393639118,0.8550761344,0.839363686,0.855073698