graph,order,size,batch_deletions_size,batch_insertions_size,batch_size,batch_fraction,seqsta-t,seqstas-t,ompsta-t,ompstas-t,ompnai-t,ompnais-t,ompdel-t,ompdels-t,ompfro-t,ompfros-t,seqsta-m,seqstas-m,ompsta-m,ompstas-m,ompnai-m,ompnais-m,ompdel-m,ompdels-m,ompfro-m,ompfros-m
sk-2005,50636154,3801606919,0,38,38,0.000000009995773053,45217.12,44032.72,2779.58,3190,788,1071.22,394.18,361.88,17.74,20.06,0.9178655508,0.9380337508,0.9238600544,0.9377373556,0.9191954136,0.9418077982,0.918281442,0.940500777,0.918254671,0.9404953338
sk-2005,50636154,3801606919,0,380,380,0.00000009995773053,45753.26,44453.6,2521.2,2473.7,719.86,756.66,510.48,504.8,28,38.08,0.917865468,0.9380336724,0.9230736226,0.9374004724,0.9191953,0.9418084466,0.9182984426,0.9405329056,0.9182545884,0.9404963312
sk-2005,50636154,3801606919,0,3800,3800,0.0000009995773053,46034.18,45444.52,2266.84,2232.82,898.56,653.04,567.5,592.78,53.84,53.38,0.9178646622,0.9380329462,0.9216375636,0.9381299504,0.9191944436,0.9418076164,0.9183721478,0.9406321244,0.918254076,0.9404961308
sk-2005,50636154,3801606919,0,38020,38020,0.00001000103399,46239.94,45315.2,2182.76,2164.5,745.6,773.4,724.06,847.18,65.28,102.66,0.9178565836,0.938024695,0.9234994084,0.9364191038,0.919186175,0.941799059,0.9186320688,0.9408984968,0.9182640944,0.9405143018
sk-2005,50636154,3801606919,0,380200,380200,0.0001000103399,46401.12,45420.84,2349.38,2319.52,704,705.4,676.06,864.6,152.66,163.96,0.9177927242,0.937964103,0.9245245956,0.9371479562,0.9191034952,0.941714147,0.9187770252,0.941279798,0.9182714794,0.9405760804
sk-2005,50636154,3801606919,0,3802000,3802000,0.001000103399,52779.24,51190.78,2334.92,2364.18,700.7,646.84,705.54,789.9,247,254.14,0.9168288058,0.9370698236,0.921893467,0.9369170426,0.918277473,0.9408716896,0.9181928524,0.9407892676,0.917676259,0.9400928538
sk-2005,50636154,3801606919,0,38020000,38020000,0.01000103399,86892.86,85838.2,4111.28,4263.56,1198.72,1167.94,1254.1,1326.76,923.54,920.22,0.9046560444,0.9206226476,0.9024790022,0.9262757374,0.9101207568,0.9325273206,0.9101191028,0.9325261174,0.9098998394,0.9322716
sk-2005,50636154,3801606919,0,380200000,380200000,0.1000103399,145395.32,138527.28,8937.44,10237.38,5212.98,5481.94,5323.92,5481.1,5108.94,5288.86,0.3993951894,0.145819837,0.564942223,0.7303291094,0.8351723638,0.857156899,0.8351697952,0.8571548374,0.8351715832,0.8571564474