graph,order,size,batch_deletions_size,batch_insertions_size,batch_size,batch_fraction,ompsta-t,ompstas-t,ompnai-t,ompnais-t,ompdel-t,ompdels-t,ompfro-t,ompfros-t,ompsta-m,ompstas-m,ompnai-m,ompnais-m,ompdel-m,ompdels-m,ompfro-m,ompfros-m
sk-2005,50636154,3801606919,190,190,380,0.0000001,2814.94,2784.62,936.56,888.74,1204.42,1480.58,35.38,32.6,0.9200739536,0.93831704,0.9259232656,0.9401075902,0.9246253232,0.9388413636,0.924491176,0.9388023884
sk-2005,50636154,3801606919,1900,1900,3800,0.000001,1757.62,2056.62,630.68,666.02,1182.24,1219.34,92.08,82.5,0.923386192,0.9390095134,0.926313479,0.9406119114,0.9255833422,0.9396672226,0.9249496294,0.9393432002
sk-2005,50636154,3801606919,19010,19010,38020,0.00001,1718.96,1853.64,592.04,668.5,1273.38,1229.28,155.04,138.64,0.9234823118,0.9377879682,0.9257832028,0.9399232614,0.9253929158,0.9394218202,0.9245557006,0.9387255032
sk-2005,50636154,3801606919,190100,190100,380200,0.0001,1920.42,2128.28,605.34,550.88,1278.18,1366.58,181.84,211.62,0.920388381,0.9373193932,0.9247028844,0.9390864624,0.9244987814,0.9388625444,0.923688303,0.937992557
sk-2005,50636154,3801606919,1901000,1901000,3802000,0.001,2120.06,2127.76,660.26,768.14,1509.24,1548.34,548.64,424.34,0.9189974494,0.9347826668,0.9244314138,0.9378105164,0.9243608914,0.9377414348,0.9236568368,0.9370489956
sk-2005,50636154,3801606919,19010000,19010000,38020000,0.01,2893.34,3001.64,953.5,826.58,2395.64,2338.18,1256.62,1269.8,0.9027645864,0.9275859936,0.9176423532,0.9326080792,0.9176383036,0.9326053104,0.9174552976,0.932432919
sk-2005,50636154,3801606919,190100000,190100000,380200000,0.1,7369.16,7867.36,2923.22,2892.28,12103.56,8461.14,8693.94,8338.18,0.7803526228,0.8599900256,0.8749989178,0.8898525802,0.8749969554,0.8898523648,0.8749999546,0.8898539234