graph,batch_deletions_fraction,batch_insertions_fraction,batch_fraction,raksta-t,raknai-t,rakdel-t,rakfro-t,raksta-m,raknai-m,rakdel-m,rakfro-m
sk-2005,0.00000005,0.00000005,0.0000001,3570.5,1051.2,530.9,24.85,0.9265696775,0.9279455465,0.9258878355,0.9255757475
sk-2005,0.0000005,0.0000005,0.000001,3603.1,918.15,896.8,68.9,0.9264304435,0.92794315,0.926762591,0.925602345
sk-2005,0.000005,0.000005,0.00001,3632.75,914,1038,150.9,0.926683279,0.9279370125,0.9274180715,0.925587365
sk-2005,0.00005,0.00005,0.0001,3545.6,997.5,1075.35,243.85,0.925528493,0.9278938065,0.927686416,0.9258902285
sk-2005,0.0005,0.0005,0.001,3616.1,919.25,1309.55,401.95,0.9258705245,0.927488561,0.9274333495,0.9261337695
sk-2005,0.005,0.005,0.01,4112.9,1036.45,2008.35,847.9,0.9204876375,0.923540682,0.923528588,0.9229987655
sk-2005,0.05,0.05,0.1,7485.3,1831.05,5322.6,2614.4,0.8455535835,0.886072396,0.886062333,0.886063068