graph,order,size,batch_deletions_size,batch_insertions_size,batch_size,batch_fraction,seqsta-t,seqstas-t,ompsta-t,ompstas-t,ompnai-t,ompnais-t,ompdel-t,ompdels-t,ompfro-t,ompfros-t,seqsta-m,seqstas-m,ompsta-m,ompstas-m,ompnai-m,ompnais-m,ompdel-m,ompdels-m,ompfro-m,ompfros-m
sk-2005,50636154,3801606919,380,380,380,0.0000001,45529.17,44834.66,2556.91,2478.32,681.04,723.01,472.52,533.22,30.83,41.41,0.9180507668,0.9385733827,0.92208833,0.9385184392,0.9223398909,0.9412507726,0.9214067895,0.9400015314,0.9212667881,0.9399422219
sk-2005,50636154,3801606919,3800,3800,3800,0.000001,45620.96,44943.41,2064.7,2024.89,754.62,644.26,545.55,588.87,82.13,74.49,0.9180147609,0.9381011362,0.9223152701,0.9383224336,0.9224030073,0.9412277,0.9216944471,0.9402639206,0.9213451725,0.9399341735
sk-2005,50636154,3801606919,38020,38020,38020,0.00001,45653.69,44548.02,2034.54,1998.13,664.61,663.04,630.55,800.31,108.83,137.6,0.9177268994,0.9377177132,0.9228105179,0.9373346093,0.922164455,0.9407957128,0.9217125304,0.9401229596,0.9211383035,0.9395525377
sk-2005,50636154,3801606919,380200,380200,380200,0.0001,45723.26,44959.98,2232.46,2182.36,705.97,705.92,645.1,730.46,188.73,183.97,0.9171047371,0.9374185783,0.922900551,0.9371206303,0.9217964496,0.940299362,0.9215321111,0.9399644878,0.9208638364,0.9391692173
sk-2005,50636154,3801606919,3802000,3802000,3802000,0.001,49956.8,48511.7,2210.03,2269.11,714.91,735.18,663.86,796.56,317.37,310.4,0.9160804307,0.9363588212,0.920850726,0.9368716413,0.9213324385,0.939733171,0.9212368259,0.939637151,0.9206270482,0.9389115528
sk-2005,50636154,3801606919,38020000,38020000,38020000,0.01,72908.3,72025.24,3240.19,3347.74,978.99,944.12,982.41,1011.18,732.11,747.4,0.9060041249,0.9263005776,0.909414743,0.9286544487,0.9163308011,0.9355674532,0.9163205768,0.9355577427,0.9161812741,0.9353708438
sk-2005,50636154,3801606919,380200000,380200000,380200000,0.1,111907.73,107674.37,5651.39,6307.89,2976.63,3113.48,3033.15,3126.36,2981.35,3089.67,0.6564788203,0.5416358842,0.743063062,0.8332337004,0.8800733793,0.8985950578,0.8800720052,0.8985939414,0.8800092779,0.8985498584