graph,batch_deletions_size,batch_insertions_size,batch_fraction,raksta-t,raknai-t,rakdel-t,rakfro-t,raksta-m,raknai-m,rakdel-m,rakfro-m
uk-2002,0.00000005,0.00000005,0.0000001,508.38,197.96,227.88,8.36,0.9485131576,0.9509115674,0.9487046578,0.9487037216
uk-2002,0.0000005,0.0000005,0.000001,437.7,167.4,246.36,6.86,0.9486015182,0.9509082914,0.9487181864,0.9487034634
uk-2002,0.000005,0.000005,0.00001,424.48,166.76,284.82,7.5,0.9483060174,0.9509072772,0.9489004772,0.948702055
uk-2002,0.00005,0.00005,0.0001,421.84,165.56,375.78,13.38,0.9481579608,0.950867406,0.949541702,0.9486928778
uk-2002,0.0005,0.0005,0.001,386.54,159.32,420.2,43.76,0.947885866,0.9504587558,0.9500548874,0.9484816678
uk-2002,0.005,0.005,0.01,473.88,175.7,563.7,173.82,0.9444976224,0.9464692804,0.9464209308,0.9452688068
uk-2002,0.05,0.05,0.1,1129.2,548.08,1534.18,1207.42,0.9070817974,0.9103206386,0.9103184496,0.9102393446