graph,order,size,batch_deletions_size,batch_insertions_size,batch_size,batch_fraction,seqsta-t,seqstas-t,ompsta-t,ompstas-t,ompnai-t,ompnais-t,ompdel-t,ompdels-t,ompfro-t,ompfros-t,seqsta-m,seqstas-m,ompsta-m,ompstas-m,ompnai-m,ompnais-m,ompdel-m,ompdels-m,ompfro-m,ompfros-m
uk-2002,18520486,566785284,56,56,56,0.0000001,8660.75,8260.68,495.04,492.39,149.91,148.69,11.41,11.78,8.04,7.07,0.9524029513,0.9550608433,0.9523400538,0.9540793994,0.9542806047,0.9562264317,0.9523050414,0.9539690822,0.9523010945,0.9539671908
uk-2002,18520486,566785284,566,566,566,0.000001,8730.99,8342.27,468.73,461.85,144.56,147.85,21.02,25.75,6.74,8.55,0.95242592,0.9550751557,0.9523098867,0.9538858194,0.9543035271,0.956240907,0.9523414236,0.9540060835,0.952325253,0.9539945792
uk-2002,18520486,566785284,5666,5666,5666,0.00001,8719.48,8328.16,456.6,438.06,146.61,135.24,52.46,53.56,6.1,8.54,0.9524628486,0.9550559553,0.9525173289,0.9540049566,0.9543659457,0.9562857776,0.9525110585,0.9541581742,0.9523952504,0.9540577593
uk-2002,18520486,566785284,56680,56680,56680,0.0001,8795.97,8371.72,473.26,443.04,149.43,151.01,110.64,120.04,10.23,14.52,0.9523052995,0.9546964926,0.9523660284,0.9535826971,0.9543890086,0.9561945452,0.9529603755,0.9545855451,0.9524625145,0.9540473101
uk-2002,18520486,566785284,566800,566800,566800,0.001,9180.97,8793.96,517.24,502.41,170.51,162.38,154.16,157.12,35.49,34.7,0.9506156058,0.9530263097,0.9505241334,0.9518905751,0.9534687011,0.9552647412,0.9528381913,0.9546683718,0.9517457517,0.9533506003
uk-2002,18520486,566785284,5668000,5668000,5668000,0.01,13221.61,12784,706.21,688.31,219.64,216.22,227.35,224.11,121.04,122.49,0.9436359751,0.9466855263,0.9435806438,0.9455212787,0.9489759129,0.9508780821,0.9488440676,0.9507867845,0.9478637475,0.9497055488
uk-2002,18520486,566785284,56680000,56680000,56680000,0.1,32783.01,25633.62,1788.71,1777.83,850.4,675.86,857.55,823.01,746.32,791.64,0.9066589854,0.9078740109,0.9069107808,0.9080658374,0.9121152502,0.9140737373,0.9121110799,0.9140696973,0.9119863658,0.9139277111