graph,order,size,batch_deletions_size,batch_insertions_size,batch_size,batch_fraction,seqsta-t,seqstas-t,ompsta-t,ompstas-t,ompnai-t,ompnais-t,ompdel-t,ompdels-t,ompfro-t,ompfros-t,seqsta-m,seqstas-m,ompsta-m,ompstas-m,ompnai-m,ompnais-m,ompdel-m,ompdels-m,ompfro-m,ompfros-m
uk-2005,39459925,1729332281,0,16,16,0.000000009252125908,24716.88,23847.16,2195.12,1870.02,546.96,535.1,92.16,122.22,10.9,11.48,0.956875797,0.9566416482,0.956990297,0.956521907,0.9583218624,0.9584594158,0.9570016282,0.9565264198,0.9570013558,0.9565262418
uk-2005,39459925,1729332281,0,172,172,0.00000009946035351,24808.06,23984.02,1667,1660.04,491.9,473.7,365,362.1,14.92,11.96,0.9568757098,0.9566415624,0.9568697708,0.9564570554,0.9583219418,0.9584593538,0.9570027834,0.956528478,0.957001289,0.9565261756
uk-2005,39459925,1729332281,0,1728,1728,0.000000999229598,24897,24012.96,1481.64,1492.42,429.36,469.88,370.7,387.92,11.84,21.44,0.9568753838,0.9566407676,0.9569429558,0.9565162116,0.958321174,0.9584583452,0.9570095218,0.9565444984,0.957000615,0.9565260134
uk-2005,39459925,1729332281,0,17290,17290,0.000009998078559,24980.06,24147.08,1572.68,1573.26,454.34,455.2,380.5,397.56,17.5,26,0.9568672762,0.9566326446,0.956996949,0.9566017034,0.9583119852,0.9584497286,0.9570921162,0.9566593182,0.956999688,0.956525549
uk-2005,39459925,1729332281,0,172900,172900,0.00009998078559,25307.92,24631.34,1646.04,1603.8,458.84,480.44,470.74,464.34,25.48,36.22,0.9567816472,0.956546816,0.9569383544,0.956466264,0.9582262572,0.9583637022,0.9573753528,0.9571669374,0.9569687494,0.9565511456
uk-2005,39459925,1729332281,0,1729000,1729000,0.0009998078559,28767.16,27265.68,1840.54,1851.22,575.98,617.24,611.22,645.82,88.02,91.16,0.9559349394,0.9557406646,0.9560630564,0.9556085696,0.9573642082,0.957505065,0.9570724576,0.9572032906,0.9563717528,0.9560518556
uk-2005,39459925,1729332281,0,17290000,17290000,0.009998078559,46710.54,45480.14,2850.56,3025.36,820.2,848.44,826.1,821.78,575.78,486.78,0.9475491836,0.9471357724,0.9477097258,0.947110369,0.9488350438,0.9490069464,0.948816098,0.9489913026,0.9483737898,0.9483922276
uk-2005,39459925,1729332281,0,172900000,172900000,0.09998078559,129934.76,94431.9,8672.74,6745.76,4440.32,4451.44,4505.5,4498.14,4561.62,4277.1,0.8715282278,0.8666931296,0.8665848076,0.868579713,0.8718385328,0.872267028,0.8718381166,0.872267099,0.8718337912,0.8722640058