graph,order,size,batch_deletions_size,batch_insertions_size,batch_size,batch_fraction,ompsta-t,ompstas-t,ompnai-t,ompnais-t,ompdel-t,ompdels-t,ompfro-t,ompfros-t,ompsta-m,ompstas-m,ompnai-m,ompnais-m,ompdel-m,ompdels-m,ompfro-m,ompfros-m
uk-2005,39459925,1729332281,86,86,172,0.0000001,1668.3,1764.52,469.88,475.14,823.46,852.46,16.96,18.56,0.9569720296,0.9566142602,0.9584675746,0.958545816,0.9571456584,0.9568236586,0.9571449592,0.9566160108
uk-2005,39459925,1729332281,864,864,1728,0.000001,1313.84,1344.8,466.7,429.78,840.44,855.2,46.18,51.04,0.9574671306,0.9569665696,0.9588175128,0.958870175,0.957507139,0.9572653786,0.957491488,0.9569471936
uk-2005,39459925,1729332281,8646,8646,17292,0.00001,1423.28,1455.8,426.58,420.18,899.42,908.24,203.12,201.84,0.9570775664,0.956538451,0.95848985,0.958438816,0.9572819138,0.9571888202,0.9571884,0.956652066
uk-2005,39459925,1729332281,86470,86470,172940,0.0001,1483.18,1390.96,538.8,463.98,981.54,958.28,225.52,219.58,0.9568115676,0.9561110592,0.9584519896,0.958331355,0.9576595934,0.957547297,0.9572246702,0.9566411696
uk-2005,39459925,1729332281,864700,864700,1729400,0.001,1559.94,1616.58,511.82,486.9,1051.46,1053.48,319.54,307,0.954653351,0.9539998108,0.9575557686,0.957263025,0.957282671,0.9570158022,0.9566701002,0.956065368
uk-2005,39459925,1729332281,8647000,8647000,17294000,0.01,2178.64,2115.18,639.9,619.98,1623.58,1596.56,748.04,760.18,0.9433367694,0.9437886418,0.9495620234,0.9495882634,0.9495344586,0.9495689204,0.9493414494,0.9492206438
uk-2005,39459925,1729332281,86470000,86470000,172940000,0.1,5746.74,5114.6,2645.22,2732.02,6479.84,6561.32,5192.6,5148.28,0.898986289,0.8979996932,0.9025433218,0.9034267198,0.9025517984,0.9034266548,0.9025518572,0.9034316958