graph,order,size,batch_deletions_size,batch_insertions_size,batch_size,batch_fraction,seqsta-t,seqstas-t,ompsta-t,ompstas-t,ompnai-t,ompnais-t,ompdel-t,ompdels-t,ompfro-t,ompfros-t,seqsta-m,seqstas-m,ompsta-m,ompstas-m,ompnai-m,ompnais-m,ompdel-m,ompdels-m,ompfro-m,ompfros-m
uk-2005,39459925,1729332281,0,1728,1728,0.000000999229598,25104.44,24113.8,2114.32,1964.5,558.26,575.38,375.42,379.7,12.46,16.78,0.9568746034,0.9566406448,0.9568054522,0.9563869164,0.958334416,0.9583145694,0.9570269086,0.95646848,0.9570184412,0.956429112
uk-2005,39459925,1729332281,0,17290,17290,0.000009998078559,25089.54,24274.92,1797.18,1759.04,563.06,537.56,411.18,409.54,13.06,22.72,0.9568667104,0.9566319722,0.9568808778,0.9564041216,0.958325506,0.958305712,0.9571016026,0.9565896888,0.9570138248,0.9564231574
uk-2005,39459925,1729332281,0,172900,172900,0.00009998078559,25441.16,24654.38,1757,1740.92,533.58,502.06,465.4,454.82,26.44,37.2,0.9567822866,0.9565688454,0.9567564974,0.956448203,0.9582397674,0.9582200144,0.9574048478,0.9570765376,0.9569993042,0.9564198324
uk-2005,39459925,1729332281,0,1729000,1729000,0.0009998078559,28245.34,28079.22,1876.76,1731.92,605.62,552.16,545.84,520.64,68.28,80.64,0.9559245926,0.9557402556,0.9560252206,0.9555399818,0.9573777332,0.9573609916,0.9570814286,0.9570474094,0.9563855992,0.9559137416
uk-2005,39459925,1729332281,0,17290000,17290000,0.009998078559,46137.72,45702.16,3018.06,3199.84,933.7,984.78,1034.64,983.06,589.38,520.52,0.9475559694,0.9472636124,0.947697732,0.9471287532,0.9488480168,0.9488640208,0.9488295904,0.9488486388,0.9483899404,0.9482531654
uk-2005,39459925,1729332281,0,172900000,172900000,0.09998078559,121184.16,92255.88,9099.06,8545.12,4375.04,5185.2,5139.88,5109,5178.18,4912.32,0.871420861,0.865760322,0.8672112652,0.8683350212,0.871844972,0.872154379,0.8718444482,0.8721547924,0.8718400842,0.87215135