graph,order,size,batch_deletions_size,batch_insertions_size,batch_size,batch_fraction,seqsta-t,seqstas-t,ompsta-t,ompstas-t,ompnai-t,ompnais-t,ompdel-t,ompdels-t,ompfro-t,ompfros-t,seqsta-m,seqstas-m,ompsta-m,ompstas-m,ompnai-m,ompnais-m,ompdel-m,ompdels-m,ompfro-m,ompfros-m
uk-2005,39459925,1729332281,172,172,172,0.0000001,24817.29,24061.34,1739.13,1672.08,484.25,468.89,330.06,326.68,16.47,16.14,0.9569299995,0.9566958363,0.9569454317,0.956520588,0.9583629584,0.9585214096,0.9570453279,0.9566699799,0.9570438738,0.9566659529
uk-2005,39459925,1729332281,1728,1728,1728,0.000001,24735.28,23981.41,1415.88,1449.72,432.65,456.65,350.86,362.77,44.54,49.1,0.9572025174,0.9569559765,0.9572910468,0.9568446679,0.9586429396,0.9587913593,0.9573313068,0.9571677261,0.9573216091,0.9569346709
uk-2005,39459925,1729332281,17290,17290,17290,0.00001,24912.15,24167.14,1550.87,1575.69,470.6,471.19,378.4,397.9,112.71,116.31,0.9568990449,0.9565990373,0.9569805237,0.9564128744,0.9583628779,0.9584547845,0.9571432497,0.9569927789,0.9570643044,0.9566625848
uk-2005,39459925,1729332281,172900,172900,172900,0.0001,25013.45,24335.6,1620.32,1583.74,473.5,495.66,452.48,451.54,125.94,129.03,0.9567041354,0.9563352224,0.956833877,0.956278869,0.9583537816,0.9583626829,0.9575397152,0.9574025005,0.9571167963,0.9566929594
uk-2005,39459925,1729332281,1729000,1729000,1729000,0.001,27098.86,25984.31,1726.67,1716.06,518.06,548.55,544.61,559.74,170.3,169.24,0.9548353258,0.9545344768,0.9548627148,0.9544147283,0.9573878239,0.9573626346,0.9570938636,0.9570826968,0.9564606329,0.9561030642
uk-2005,39459925,1729332281,17290000,17290000,17290000,0.01,39335.09,38233.47,2312.92,2352.82,652.04,658.74,662.54,654.73,466.44,429.49,0.9469511351,0.9471862468,0.9469986113,0.947018496,0.9519677543,0.9522222376,0.9519268506,0.9521854097,0.9516074292,0.9516644687
uk-2005,39459925,1729332281,172900000,172900000,172900000,0.1,88748.46,70132.52,5622.03,4628.25,2607.75,2588.77,2637.33,2616.41,2623.25,2473.18,0.9130876358,0.9099622468,0.9105361819,0.9108380069,0.9156478623,0.9159672863,0.9156466323,0.9159667333,0.9156112195,0.9158555392