graph,order,size,batch_deletions_size,batch_insertions_size,batch_size,batch_fraction,seqsta-t,seqstas-t,ompsta-t,ompstas-t,ompnai-t,ompnais-t,ompdel-t,ompdels-t,ompfro-t,ompfros-t,seqsta-m,seqstas-m,ompsta-m,ompstas-m,ompnai-m,ompnais-m,ompdel-m,ompdels-m,ompfro-m,ompfros-m
uk-2002,18520486,566785284,0,566,566,0.0000009986144947,8706.7,8297.62,446.9,486.08,142.62,168.54,28.18,26.7,6.3,6.4,0.952402066,0.955058911,0.9522977784,0.9536821212,0.9539514674,0.956245067,0.9519943434,0.9540032608,0.9519821612,0.953991367
uk-2002,18520486,566785284,0,5666,5666,0.000009996730967,8681.06,8261.34,364.92,359.28,118.8,124.76,50.68,52.2,5.74,4.8,0.9523934464,0.9550501948,0.9521610066,0.953972351,0.9539434798,0.956236573,0.9520821734,0.9540717782,0.9519765746,0.9539859124
uk-2002,18520486,566785284,0,56680,56680,0.0001000025964,8729.28,8294.74,422.36,415.38,133.36,150.46,115.86,121.34,10.78,7.64,0.952304147,0.9549730074,0.9520515954,0.9538786506,0.953857581,0.9561510942,0.952308234,0.9543722354,0.9519125136,0.9539272792
uk-2002,18520486,566785284,0,566800,566800,0.001000025964,9566.16,9090.86,501.92,479.3,153.7,156.32,147.06,157.54,25.3,24.2,0.9514642468,0.9541644696,0.9511241112,0.952870612,0.9530033904,0.9552962224,0.9523210814,0.9546019754,0.9512426682,0.953304826
uk-2002,18520486,566785284,0,5668000,5668000,0.01000025964,15431.26,14887.34,657.62,654.32,216.84,218.16,230.24,227.9,127.26,123.9,0.9431444258,0.9457574474,0.942858396,0.9446187132,0.9445413882,0.9468249308,0.944479166,0.9467700422,0.943566726,0.9457471834
uk-2002,18520486,566785284,0,56680000,56680000,0.1000025964,47850.46,34703.62,1622.2,1659.54,874.44,880.6,945.52,893.7,899.52,841.4,0.86829657,0.867747534,0.8681687162,0.8696024058,0.8685637826,0.8706118962,0.8685632534,0.8706133322,0.868534018,0.870580429