graph,order,size,batch_deletions_size,batch_insertions_size,batch_size,batch_fraction,seqsta-t,seqstas-t,ompsta-t,ompstas-t,ompnai-t,ompnais-t,ompdel-t,ompdels-t,ompfro-t,ompfros-t,seqsta-m,seqstas-m,ompsta-m,ompstas-m,ompnai-m,ompnais-m,ompdel-m,ompdels-m,ompfro-m,ompfros-m
webbase-2001,118142155,1889691191,0,1888,1888,0.0000009991050437,40024.48,38110.2,2207.8,2101.84,698.34,683.12,123.26,104.9,43.76,32.84,0.9303121006,0.9354503082,0.9309452556,0.934579031,0.9341443188,0.9378748924,0.9310174852,0.934731617,0.9309969512,0.934706491
webbase-2001,118142155,1889691191,0,18900,18900,0.00001000163418,41062.9,38296.22,2073.6,2083.66,672.74,683.5,207.48,210.64,47.22,48.28,0.9303042358,0.9354423532,0.9309847818,0.934422528,0.9341374814,0.93786657,0.9310748116,0.9347985546,0.9309908978,0.9347005014
webbase-2001,118142155,1889691191,0,189000,189000,0.0001000163418,41545.9,39033.62,1981.38,2039.32,666.3,691.4,355.1,362.36,75.24,86.26,0.9302170674,0.9353650208,0.9308838514,0.93439913,0.9340583926,0.9377861142,0.9312849352,0.9350101718,0.930931652,0.9346482362
webbase-2001,118142155,1889691191,0,1890000,1890000,0.001000163418,44414.24,42747.98,1935.58,1996.26,666.36,657.96,502.86,524.48,150.68,159.86,0.9294131128,0.9346095556,0.9300902732,0.9336826794,0.9332546516,0.9369815184,0.9313894894,0.9351870514,0.9302875866,0.9340022226
webbase-2001,118142155,1889691191,0,18900000,18900000,0.01000163418,70283.56,67640.74,2420.2,2616.92,802.24,766.56,796.5,842.04,649.26,606.28,0.9215055084,0.9267058652,0.922147804,0.9258417556,0.9252620554,0.9289881788,0.9248046154,0.9286053974,0.9230556968,0.9268162082
webbase-2001,118142155,1889691191,0,189000000,189000000,0.1000163418,243704.02,181482.42,13393.04,13215.16,6675.38,6727.06,6594.54,6521.4,6830.92,6815.4,0.8508651408,0.8522156066,0.851769117,0.8543014504,0.8533133118,0.85655179,0.8533085178,0.856551634,0.8530484196,0.8562897628