graph,order,size,batch_deletions_size,batch_insertions_size,batch_size,batch_fraction,seqsta-t,seqstas-t,ompsta-t,ompstas-t,ompnai-t,ompnais-t,ompdel-t,ompdels-t,ompfro-t,ompfros-t,seqsta-m,seqstas-m,ompsta-m,ompstas-m,ompnai-m,ompnais-m,ompdel-m,ompdels-m,ompfro-m,ompfros-m
webbase-2001,118142155,1889691191,188,188,188,0.0000001,40413.57,38157.77,2479.88,2470.25,821.14,797.89,66.97,58.09,39.6,37.12,0.9303202907,0.9354559732,0.9309693339,0.9345706332,0.9339567349,0.9379155439,0.9308371055,0.9347163167,0.930834209,0.9347116637
webbase-2001,118142155,1889691191,1888,1888,1888,0.000001,40140.01,37979.71,2457.02,2312.87,830.86,794.89,110.8,88.7,40.87,43.28,0.9303552066,0.9354987568,0.9309545733,0.9346119125,0.9339859407,0.9379263372,0.9308790197,0.9347451869,0.9308638392,0.9347601147
webbase-2001,118142155,1889691191,18900,18900,18900,0.00001,39904.21,37999,2485.19,2429.57,828.36,794.65,224.45,212.51,61.55,63.44,0.930399025,0.9355230268,0.9309144412,0.9346660149,0.9340523057,0.9380039065,0.9310190981,0.9349334603,0.9309375473,0.9348193543
webbase-2001,118142155,1889691191,189000,189000,189000,0.0001,40322.85,38420.04,2502.85,2280.45,764.25,766.31,420.41,413.61,104.13,116.11,0.9302496333,0.9351992474,0.9308690387,0.934330914,0.9340756528,0.9379114629,0.9313948087,0.9352724827,0.9309943093,0.9348084444
webbase-2001,118142155,1889691191,1890000,1890000,1890000,0.001,42446.53,40663.52,2351.24,2330.71,799.27,769.31,614.91,600.88,194.1,205.66,0.9286886502,0.9333014264,0.929326343,0.9324556864,0.9332806617,0.9369568638,0.9315269757,0.9353960802,0.9303613295,0.9340779554
webbase-2001,118142155,1889691191,18900000,18900000,18900000,0.01,57305.45,55054.02,3100.66,2782.88,997.39,1010.03,1047.35,939.27,548.54,538.62,0.9220569325,0.9269249938,0.9227837038,0.9260008918,0.9290776232,0.9325845579,0.9285186761,0.9321715571,0.9267858997,0.9303941471
webbase-2001,118142155,1889691191,189000000,189000000,189000000,0.1,152629.19,121049.62,7821.06,7398.42,3267.27,3331.83,3385.22,3273.94,3613.59,3261.54,0.8825262321,0.8855025114,0.8832612311,0.8860378472,0.8939592818,0.8973577492,0.893930405,0.8973337448,0.8933544428,0.8968392821