graph,order,size,batch_deletions_size,batch_insertions_size,batch_size,batch_fraction,seqsta-t,seqstas-t,ompsta-t,ompstas-t,ompnai-t,ompnais-t,ompdel-t,ompdels-t,ompfro-t,ompfros-t,seqsta-m,seqstas-m,ompsta-m,ompstas-m,ompnai-m,ompnais-m,ompdel-m,ompdels-m,ompfro-m,ompfros-m
webbase-2001,118142155,1889691191,0,18,18,0.000000009525365883,39699.38,38158.14,2522.96,2342.16,807.02,772.34,44.22,42.86,48.02,37.5,0.9303129144,0.9354511882,0.9307855618,0.9345063236,0.93372989,0.9378882192,0.9306411142,0.9346875284,0.9306402452,0.9346861162
webbase-2001,118142155,1889691191,0,188,188,0.00000009948715478,40116.84,38200.66,2381.34,2518.38,783.06,808.66,64.18,60.14,40.64,37.34,0.9303129236,0.9354510556,0.9308952918,0.9345976956,0.9337298602,0.9378883834,0.9306430874,0.9346889802,0.9306401704,0.9346860382
webbase-2001,118142155,1889691191,0,1888,1888,0.0000009991050437,40489.5,38372.88,2097.98,2057.98,698.26,686.68,108.46,102.98,39.16,41.46,0.9303120042,0.9354503156,0.9308769506,0.9345410002,0.9337286198,0.9378871472,0.9306552592,0.9347064118,0.9306395266,0.9346853164
webbase-2001,118142155,1889691191,0,18900,18900,0.00001000163418,39956.68,38474.5,2169.3,2111.26,776.88,726.12,243.74,225.72,58.86,68,0.930299955,0.9354420882,0.930852042,0.9345678318,0.9337203816,0.9378807604,0.9307090588,0.9347917238,0.930637135,0.9346832878
webbase-2001,118142155,1889691191,0,189000,189000,0.0001000163418,40393.7,38498.28,2323.62,2100.08,738.68,708.34,412.7,402.16,101.82,112.16,0.9302193796,0.9353645048,0.9307202654,0.934491685,0.9336404658,0.937798359,0.9309030794,0.9350123358,0.930579766,0.9346331154
webbase-2001,118142155,1889691191,0,1890000,1890000,0.001000163418,43903.88,41789.02,2536.3,2351.58,831.48,738.26,621.7,617.7,227.64,229.48,0.9294371538,0.9345843294,0.9301199382,0.933740537,0.9328358028,0.9369942544,0.931001307,0.9352009016,0.9299196982,0.934003202
webbase-2001,118142155,1889691191,0,18900000,18900000,0.01000163418,67103.56,64887.44,3504.58,3153.66,1188.42,1207.24,1275.34,1124.52,723.26,695.64,0.921484702,0.9266899908,0.9222270254,0.9258221442,0.9248493156,0.9290014634,0.9243950464,0.9286169352,0.9226879144,0.9268214308
webbase-2001,118142155,1889691191,0,189000000,189000000,0.1000163418,231896.28,169816.48,12421.52,11427.46,5439.3,5589.28,5732.88,5522.04,6288.7,5566.74,0.8508352556,0.8522379836,0.851762458,0.8544804156,0.8528787894,0.856604401,0.8528860712,0.8566013068,0.852628367,0.8563443678