graph,order,size,batch_deletions_size,batch_insertions_size,batch_size,batch_fraction,ompsta-t,ompstas-t,ompnai-t,ompnais-t,ompdel-t,ompdels-t,ompfro-t,ompfros-t,ompsta-m,ompstas-m,ompnai-m,ompnais-m,ompdel-m,ompdels-m,ompfro-m,ompfros-m
webbase-2001,118142155,1889691191,94,94,188,0.0000001,2892.8,2811.58,929.44,931.78,1448.14,1428.24,55.32,57.2,0.9306884724,0.9346063824,0.9341836958,0.9378219676,0.9310171516,0.9346590652,0.9310119518,0.9346568632
webbase-2001,118142155,1889691191,944,944,1888,0.000001,2427.9,2137.24,778.18,770.74,1520.22,1520.62,46.06,45.64,0.9310503988,0.9345639762,0.934212082,0.9378556806,0.9310616506,0.9347173034,0.9310454312,0.9346987976
webbase-2001,118142155,1889691191,9448,9448,18896,0.00001,2133.52,1915,680.96,654.22,1596.32,1567.1,64.32,67.04,0.9308746742,0.934457148,0.9342936292,0.9379354764,0.9312326368,0.9348861592,0.9311321528,0.9347867164
webbase-2001,118142155,1889691191,94480,94480,188960,0.0001,2248.26,2135.92,706.98,693.48,1800.86,1824,123.54,117.1,0.9308916928,0.934275319,0.9344625536,0.937926937,0.9317723632,0.9353195008,0.9313521644,0.9348755494
webbase-2001,118142155,1889691191,944800,944800,1889600,0.001,2390.2,2333.68,796.92,732.96,1999.04,2103.82,233.42,228.52,0.9292622128,0.9319399144,0.9336537148,0.9368313596,0.9319930172,0.9354276846,0.9307203474,0.9340339316
webbase-2001,118142155,1889691191,9448000,9448000,18896000,0.01,2726.88,2682.44,929.74,888.98,2670.46,2680.42,829.86,821.16,0.9207998456,0.9236977216,0.9285044476,0.9313213114,0.9280084716,0.9309861098,0.9262363714,0.9292544998
webbase-2001,118142155,1889691191,94480000,94480000,188960000,0.1,9150.54,6896.98,4163.7,4298.74,9045.42,8958.24,7601.62,7076.34,0.873770675,0.8734109438,0.8850750972,0.8878881588,0.8850605208,0.8878749518,0.88443568,0.8874030526