graph,batch_deletions_fraction,batch_insertions_fraction,batch_fraction,lousta-t,lounai-t,loudel-t,loufro-t,lousta-m,lounai-m,loudel-m,loufro-m
com-Orkut,0.0000001,0,0.0000001,2325.52,188.1,140.9,95.04,0.6546877862,0.6621547046,0.6614500032,0.6588808018
com-Orkut,0.000001,0,0.000001,2276.22,186.84,156.32,92.78,0.6538991062,0.6621530882,0.6620767198,0.6588807292
com-Orkut,0.00001,0,0.00001,2237.24,155.8,136.74,87.66,0.6557893046,0.6621534636,0.662147756,0.6588821274
com-Orkut,0.0001,0,0.0001,2156.52,168.42,141.1,103,0.6588555152,0.6621561814,0.6621558152,0.6590460774
com-Orkut,0.001,0,0.001,2426.66,180.12,158.42,112.38,0.6531420044,0.6621442868,0.6621421562,0.6596845452
com-Orkut,0.01,0,0.01,1953.4,222.02,254.34,164.8,0.6557670878,0.6620537196,0.6620452708,0.6608106026
com-Orkut,0.1,0,0.1,1551.74,249.3,627.22,382.08,0.6447826328,0.661230121,0.6610869208,0.660905586