graph,batch_deletions_fraction,batch_insertions_fraction,batch_fraction,lousta-t,lounai-t,loudel-t,loufro-t,lousta-m,lounai-m,loudel-m,loufro-m
it-2004,0.0000001,0,0.0000001,3902.58,1124.14,291.04,113.62,0.9775337814,0.9775611918,0.9775204062,0.9775002244
it-2004,0.000001,0,0.000001,3739.38,1061.02,444.4,114.2,0.9775316992,0.9775611922,0.9775486324,0.9775002186
it-2004,0.00001,0,0.00001,3566.4,1032.82,568.6,107.34,0.9775485076,0.977561126,0.9775603402,0.977500178
it-2004,0.0001,0,0.0001,3539.8,1050,626.38,166.22,0.9775319174,0.9775605284,0.9775604906,0.9775000096
it-2004,0.001,0,0.001,3622.62,1016.86,666.32,217.16,0.9773108026,0.9775544314,0.9775544342,0.9774986734
it-2004,0.01,0,0.01,3691.24,1175.44,1102,638.44,0.9768664594,0.9774947076,0.9774947022,0.977449446
it-2004,0.1,0,0.1,3978.54,1440.54,3092.28,2189.32,0.969851627,0.9769693886,0.976970125,0.9769549718