graph,order,size,batch_deletions_size,batch_insertions_size,batch_size,batch_fraction,seqstal-t,seqstar-t,seqstars-t,ompstal-t,ompstar-t,ompstars-t,ompfrol-t,ompfror-t,ompfrors-t,ompfrolr-t,ompfrolrs-t,seqstal-m,seqstar-m,seqstars-m,ompstal-m,ompstar-m,ompstars-m,ompfrol-m,ompfror-m,ompfrors-m,ompfrolr-m,ompfrolrs-m
arabic-2005,22744080,1209320581,120,120,120,0.0000001,29604.89,15427.87,14754.96,6711.9,714.58,737.95,184.74,10.24,10.06,6.05,7.16,0.9898121182,0.9622099074,0.9539610221,0.9897699496,0.9558066692,0.9545203533,0.9882304576,0.9560327305,0.9545958269,0.9899933132,0.9899933132
arabic-2005,22744080,1209320581,1208,1208,1208,0.000001,29942.51,15297.43,14809.77,6516.99,649.68,629.92,185.28,18.92,13.09,10.27,8.63,0.9898310613,0.9622274889,0.9539809387,0.9898752663,0.9557616476,0.9543756701,0.9882721293,0.9561689671,0.954678209,0.9900319619,0.9900313175
arabic-2005,22744080,1209320581,12090,12090,12090,0.00001,33424.35,15466.32,14803.98,8955.42,612.11,604.17,194.08,29.12,26.08,16.48,15.48,0.9898542455,0.962272086,0.954056357,0.9899410557,0.9558256749,0.9545453971,0.9883259354,0.9564061787,0.9548730936,0.9900812038,0.9900812301
arabic-2005,22744080,1209320581,120900,120900,120900,0.0001,34882.38,15500.17,14989.37,9631.17,608.84,614.13,212.99,43.91,38.16,32.26,32.15,0.989692783,0.9617128685,0.9536130865,0.9897390969,0.9556351079,0.9541802201,0.9881710154,0.9562818283,0.9546286385,0.9899169782,0.989915943
arabic-2005,22744080,1209320581,1209000,1209000,1209000,0.001,41258.39,16592.58,16086.24,9849.22,671.32,659.94,281.21,70.11,69.29,71.18,68.75,0.9891048165,0.9603518643,0.952441708,0.9888639884,0.9537231138,0.9525874916,0.9876570494,0.9557382799,0.9539365182,0.989426917,0.9894238782
arabic-2005,22744080,1209320581,12090000,12090000,12090000,0.01,66601.11,25239.46,24466.32,12423.34,849.33,846.27,459.59,189.85,204.02,182.78,182.13,0.983140833,0.9535795242,0.9458549884,0.9816799734,0.947283391,0.9465893528,0.9832679947,0.951841443,0.9503706093,0.9849877461,0.9849683608
arabic-2005,22744080,1209320581,120900000,120900000,120900000,0.1,100609.32,53866.08,52252.87,17719.44,2343.64,2558.91,855.26,1026.99,1176.4,829.89,785.78,0.944701606,0.9192998051,0.8909406804,0.9443832168,0.9127542931,0.9117487527,0.9433631804,0.9155484012,0.9140454658,0.9451681942,0.9451651241