graph,order,size,batch_deletions_size,batch_insertions_size,batch_size,batch_fraction,seqstal-t,seqstar-t,seqstars-t,ompstal-t,ompstar-t,ompstars-t,ompfrol-t,ompfror-t,ompfrors-t,ompfrolr-t,ompfrolrs-t,seqstal-m,seqstar-m,seqstars-m,ompstal-m,ompstar-m,ompstars-m,ompfrol-m,ompfror-m,ompfrors-m,ompfrolr-m,ompfrolrs-m
arabic-2005,22744080,1209320581,0,1208,1208,0.0000009989079976,29929.82,15574.96,14951.94,6290.92,711.5,724.58,220.62,21.26,11.24,8.82,8.24,0.9898109748,0.9622011056,0.9539354524,0.9898369758,0.955862737,0.9549301576,0.9880526584,0.9559913648,0.9540526608,0.9898836284,0.9898836294
arabic-2005,22744080,1209320581,0,12090,12090,0.000009997349082,30190.02,15706.64,14975.14,6560.32,607.2,603.18,185.2,28.6,17.48,11.46,10.94,0.9898022902,0.9621924834,0.9539286816,0.9898425542,0.9561600266,0.954816779,0.9880437908,0.9560326464,0.9540487798,0.9898749872,0.9898743108
arabic-2005,22744080,1209320581,0,120900,120900,0.00009997349082,30457.14,15819.28,15304.48,6134.3,550.18,555.96,174.54,31.9,28.98,19,17.72,0.9897128578,0.9621091232,0.9538632216,0.9897132488,0.9562379118,0.9547126564,0.987955052,0.9561717374,0.9540307378,0.9897926846,0.9897897646
arabic-2005,22744080,1209320581,0,1209000,1209000,0.0009997349082,32784.68,17727.54,17180.92,6115,583.52,569.98,216.6,54.2,54.1,53.48,51.34,0.9888234526,0.961258501,0.9531642402,0.9888049986,0.9546705178,0.9535458416,0.9870748236,0.9557297546,0.9535185502,0.9889111632,0.9889127552
arabic-2005,22744080,1209320581,0,12090000,12090000,0.009997349082,48492.56,30670.14,30063.5,7206.12,1147.26,1145.7,534.32,239.76,254.48,230.34,223.98,0.9799640328,0.952658034,0.9441381872,0.9791755652,0.9464249166,0.9450956762,0.9782949498,0.9479676758,0.9457970652,0.98013917,0.9801492002
arabic-2005,22744080,1209320581,0,120900000,120900000,0.09997349082,108799.22,82745.16,78588.68,13496.66,3681.66,4273.78,1068.76,1958.2,1845.76,1368.34,1364.28,0.900784806,0.8771271174,0.8486403644,0.9003535338,0.870419555,0.869071923,0.8983978626,0.8720059802,0.8700452968,0.9002008308,0.9002875644