graph,order,size,batch_deletions_size,batch_insertions_size,batch_size,batch_fraction,seqstal-t,seqstar-t,seqstars-t,ompstal-t,ompstar-t,ompstars-t,ompfrol-t,ompfror-t,ompfrors-t,ompfrolr-t,ompfrolrs-t,seqstal-m,seqstar-m,seqstars-m,ompstal-m,ompstar-m,ompstars-m,ompfrol-m,ompfror-m,ompfrors-m,ompfrolr-m,ompfrolrs-m
asia_osm,11950757,25423206,0,0,0,0,19404.6,6640.02,653.02,8069.12,611.4,86.3,38.7,11.48,9.58,5.12,3.54,0.998768495,0.730088734,0.9536035,0.9987695966,0.7328085296,0.9394013754,0.998656787,0.732967187,0.938710658,0.998765024,0.998765024
asia_osm,11950757,25423206,0,2,2,0.0000000786682844,18927.9,6688.62,636.62,8361.66,546.74,110.64,31.52,12.5,15.32,4.2,2.98,0.9987684034,0.730089117,0.9536033934,0.9987683974,0.732874207,0.940952963,0.998656709,0.7329671448,0.938710585,0.998764946,0.998764946
asia_osm,11950757,25423206,0,24,24,0.0000009440194128,19664.78,6885.4,662.16,8153.2,587.06,86.3,36.64,13.26,12.06,5.46,4.3,0.9987671464,0.7300934256,0.9536024398,0.9987698682,0.7326608396,0.940772682,0.9986558438,0.7329667154,0.9387097878,0.9987640808,0.9987640808
asia_osm,11950757,25423206,0,254,254,0.000009990872119,18331.96,7015.52,662.76,8272.38,379,55.8,31.82,13.66,11.42,2.92,2.82,0.9987547546,0.730137073,0.9535914942,0.9987578018,0.7328740386,0.9397378846,0.9986468184,0.7329627746,0.9387013112,0.9987550408,0.9987550398
asia_osm,11950757,25423206,0,2542,2542,0.00009998738947,18861.6,6856.7,665.4,8044.7,390.44,60.82,27.68,9.98,7,7.06,3.32,0.9986369106,0.7305865138,0.9534876692,0.998637529,0.7334670702,0.9391129986,0.9985569798,0.7329205884,0.9386175604,0.9986651942,0.9986651962
asia_osm,11950757,25423206,0,25420,25420,0.0009998738947,19657.54,7071.04,685.24,7866.22,534.24,83.58,37.2,18.1,15.88,3.28,7.22,0.9975078748,0.7349349872,0.9524407774,0.9975079962,0.7379455642,0.9371299076,0.9976590116,0.7325031328,0.9377797346,0.9977672222,0.997767206
asia_osm,11950757,25423206,0,254200,254200,0.009998738947,24338.2,8923.48,842.86,7638.74,481.62,87.94,35.88,8.66,10.94,9.88,10.78,0.9871405464,0.7687420336,0.9424007928,0.9871288456,0.7719311858,0.927287241,0.988769196,0.7283528698,0.929487663,0.9888761578,0.9888761874
asia_osm,11950757,25423206,0,2542000,2542000,0.09998738947,47994.94,12734.76,2225.12,10356.8,704.84,162.18,88.9,135.14,72.44,32.8,33.22,0.8999377778,0.7485925612,0.859141209,0.8997282892,0.7517238156,0.8360415696,0.9078677814,0.6968698932,0.8539590974,0.9079697728,0.9079700824