graph,order,size,batch_deletions_size,batch_insertions_size,batch_size,batch_fraction,seqstal-t,seqstar-t,seqstars-t,ompstal-t,ompstar-t,ompstars-t,ompfrol-t,ompfror-t,ompfrors-t,ompfrolr-t,ompfrolrs-t,seqstal-m,seqstar-m,seqstars-m,ompstal-m,ompstar-m,ompstars-m,ompfrol-m,ompfror-m,ompfrors-m,ompfrolr-m,ompfrolrs-m
asia_osm,11950757,25423206,0,24,24,0.0000009440194128,19244.94,6434.42,624.02,8221.74,665.84,85.18,38.98,10.88,9.76,4.62,3.64,0.9987672488,0.7300931738,0.9536024602,0.9987665786,0.7327013852,0.939314057,0.998671501,0.732610272,0.9406548,0.9987675932,0.9987675932
asia_osm,11950757,25423206,0,254,254,0.000009990872119,18452.02,6440.14,631.02,8209.38,505.94,74.26,33.44,7.28,7.36,4.08,4.24,0.9987550134,0.7301385992,0.9535906992,0.9987558416,0.7329492438,0.9390469752,0.9986624762,0.732605894,0.9406463368,0.998758569,0.9987585696
asia_osm,11950757,25423206,0,2542,2542,0.00009998738947,18808.78,6703.02,634.26,8069.8,467.46,69.1,38.56,16.26,17.5,3.86,3.58,0.9986388298,0.7305794816,0.95348535,0.9986389036,0.733373921,0.9392879686,0.9985726074,0.7325646206,0.940562254,0.9986686758,0.9986686756
asia_osm,11950757,25423206,0,25420,25420,0.0009998738947,19811.86,6919.24,659.46,8184.44,485.58,72.86,36.4,9.72,9.4,7.46,9.52,0.9975080048,0.7349222242,0.9524418252,0.997508337,0.7378175426,0.938082584,0.9976748032,0.73214978,0.939722994,0.9977709298,0.9977709312
asia_osm,11950757,25423206,0,254200,254200,0.009998738947,23872.78,8484.32,841.92,7762.68,468.8,66.12,36.54,12.22,11.92,7.56,7.44,0.9871509844,0.7686993344,0.9424123124,0.9871321186,0.7719290978,0.9279051952,0.9887840316,0.7280020426,0.9314103978,0.988879782,0.9888797592
asia_osm,11950757,25423206,0,2542000,2542000,0.09998738947,49139.42,12739.86,2283.5,9796.78,481.02,158.04,72.48,102.38,36.64,32.32,32.18,0.8999400686,0.7486494958,0.8591210514,0.89959169,0.7515907616,0.8375806654,0.9078822112,0.6965853398,0.8557140714,0.9079722536,0.9079727496