graph,batch_deletions_fraction,batch_insertions_fraction,batch_fraction,lousta-t,raksta-t,loufro-t,rakfro-t,hybfro-t,lousta-m,raksta-m,loufro-m,rakfro-m,hybfro-m
asia_osm,0.00000005,0.00000005,0.0000001,637.88,63.04,9.28,2.86,2.88,0.9987552016,0.950516152,0.998756153,0.950538358,0.998756153
asia_osm,0.0000005,0.0000005,0.000001,558.24,63.48,10.14,2.94,3.04,0.9987537874,0.9505022452,0.998755696,0.9505379176,0.9987556962
asia_osm,0.000005,0.000005,0.00001,564.98,60.4,9.38,3.16,2.9,0.9987495434,0.9504863182,0.998751212,0.9505341258,0.9987512124
asia_osm,0.00005,0.00005,0.0001,537.3,68.92,10.78,3.72,4.24,0.9987001118,0.9504769612,0.998706278,0.9504944608,0.998706278
asia_osm,0.0005,0.0005,0.001,604.38,59.08,84.46,5,4.62,0.9982130276,0.9497490282,0.9982572568,0.9500997944,0.9982572994
asia_osm,0.005,0.005,0.01,596.34,72.52,41.48,8.96,9.68,0.9942391534,0.9439443844,0.993774539,0.946153819,0.9937782666
asia_osm,0.05,0.05,0.1,798.84,65.52,102.1,29.86,25.14,0.9648002992,0.9017501024,0.9501814248,0.9080786912,0.950418654