graph,batch_deletions_fraction,batch_insertions_fraction,batch_fraction,lousta-t,raksta-t,loufro-t,rakfro-t,hybfro-t,lousta-m,raksta-m,loufro-m,rakfro-m,hybfro-m
asia_osm,0.00000005,0.00000005,0.0000001,624.1,51.48,35.8,12.52,5.3,0.9987571026,0.9504860244,0.998759484,0.950466477,0.998759484
asia_osm,0.0000005,0.0000005,0.000001,484.42,50.42,38.52,7.4,7.78,0.9987543574,0.9504806062,0.9987590118,0.9504660678,0.9987590118
asia_osm,0.000005,0.000005,0.00001,605.08,79.86,54.04,8.52,5.84,0.9987486494,0.9504418574,0.9987545446,0.9504621654,0.9987545446
asia_osm,0.00005,0.00005,0.0001,591.36,72.22,48.66,10.2,9.62,0.998703362,0.950399547,0.9987096274,0.9504224062,0.9987096242
asia_osm,0.0005,0.0005,0.001,603.82,67.48,38.64,10,8.32,0.9982192102,0.9498290476,0.9982608608,0.9500282272,0.9982608224
asia_osm,0.005,0.005,0.01,610.08,57.12,40.78,14.86,17.64,0.994229004,0.9439447864,0.9937794446,0.9460839476,0.993781088
asia_osm,0.05,0.05,0.1,882.2,117.4,78.24,66,47.38,0.9647900564,0.9017734982,0.950247141,0.908018807,0.9504070262