graph,order,size,batch_deletions_size,batch_insertions_size,batch_size,batch_fraction,seqstal-t,seqstar-t,seqstars-t,ompstal-t,ompstar-t,ompstars-t,ompfrol-t,ompfror-t,ompfrors-t,ompfrolr-t,ompfrolrs-t,seqstal-m,seqstar-m,seqstars-m,ompstal-m,ompstar-m,ompstars-m,ompfrol-m,ompfror-m,ompfrors-m,ompfrolr-m,ompfrolrs-m
asia_osm,11950757,25423206,2,2,2,0.0000001,18727.26,6580.83,651.64,8538.5,605.2,102.97,36.59,12.27,13.13,3.71,3.22,0.9987684554,0.7300890343,0.9536034357,0.9987680317,0.7327386588,0.9401624814,0.9986656791,0.7329564661,0.939257837,0.998768162,0.998768162
asia_osm,11950757,25423206,24,24,24,0.000001,19210.47,6789.27,654.08,8342.95,576.49,81.14,34.83,10.9,10.6,4.92,4.07,0.9987679144,0.7300929701,0.9536028443,0.9987690942,0.7326852936,0.9401000727,0.9986652461,0.7329563315,0.9392574383,0.9987677291,0.9987677291
asia_osm,11950757,25423206,254,254,254,0.00001,18847.3,6899.04,666.54,8287.59,433.02,61.95,32.51,10.98,9.93,3.6,3.14,0.9987621582,0.7301290169,0.9535964512,0.9987633414,0.7327997075,0.9397730523,0.9986607295,0.7329550894,0.9392533216,0.9987632044,0.9987632039
asia_osm,11950757,25423206,2542,2542,2542,0.0001,18690.49,6871.02,669.42,8039.91,389.73,60.99,29.38,9.92,8.92,6.88,3.31,0.9987109818,0.730498268,0.9535334262,0.9987112179,0.7332395746,0.9393686546,0.9986158076,0.7329412065,0.9392124335,0.998718294,0.998718295
asia_osm,11950757,25423206,25420,25420,25420,0.001,18945.01,6913.41,679.68,7939.27,493.75,76.24,33.48,14.55,12.68,4.66,5.28,0.9982046296,0.7341097535,0.9529100761,0.9982054568,0.7369693991,0.9382306399,0.9981667114,0.7328026257,0.9388000563,0.9982693936,0.9982693894
asia_osm,11950757,25423206,254200,254200,254200,0.01,22384.74,8107.29,761.17,7717.93,414.56,75.62,30.87,6.9,9.4,7.1,8.28,0.9932364651,0.763785841,0.9470610198,0.9932314177,0.7666689562,0.9327393653,0.9937217517,0.731423456,0.9347413986,0.9938263487,0.9938263436
asia_osm,11950757,25423206,2542000,2542000,2542000,0.1,37878,9677.93,1610.27,11368.15,527.21,118.93,64.47,75.48,44.71,25.27,26.68,0.9498974058,0.785677224,0.9017648589,0.9497929942,0.7884573395,0.8857788714,0.9532695178,0.722680547,0.8980408836,0.9533982701,0.9533986353