graph,batch_deletions_fraction,batch_insertions_fraction,batch_fraction,lousta-t,raksta-t,loufro-t,rakfro-t,hybfro-t,lousta-m,raksta-m,loufro-m,rakfro-m,hybfro-m
com-Orkut,0.00000005,0.00000005,0.0000001,2542.05,509.7,19.3,5.3,0.85,0.652293906,0.232135772,0.6468551885,0.467148521,0.6468551885
com-Orkut,0.0000005,0.0000005,0.000001,2441.4,580.45,13.2,1.6,5.65,0.649118439,0.468175731,0.646829273,0.4671462455,0.6466001105
com-Orkut,0.000005,0.000005,0.00001,2668.1,518.5,24.6,6.05,12.1,0.653523709,0.459073958,0.6463820225,0.467371203,0.6462775665
com-Orkut,0.00005,0.00005,0.0001,2489.65,411,40.25,12.1,30.95,0.657244406,0.485869394,0.645974473,0.468795941,0.6457408025
com-Orkut,0.0005,0.0005,0.001,2491.55,453.45,55,17.95,45.5,0.650382956,0.472791401,0.646072913,0.469183505,0.645718154
com-Orkut,0.005,0.005,0.01,2206.95,527.75,206.25,45.2,67.8,0.654126893,0.4625580665,0.6472042365,0.467971525,0.6429795085
com-Orkut,0.05,0.05,0.1,3081.85,674.1,306.85,115.8,199.55,0.6242199255,0.439653453,0.620510716,0.4476763205,0.614738602