graph,batch_deletions_fraction,batch_insertions_fraction,batch_fraction,lousta-t,raksta-t,loufro-t,rakfro-t,hybfro-t,lousta-m,raksta-m,loufro-m,rakfro-m,hybfro-m
com-LiveJournal,0.00000005,0.00000005,0.0000001,931.28,108.1,0.44,0.74,0.48,0.719513066,0.5923234292,0.7243189194,0.3971516194,0.7243188764
com-LiveJournal,0.0000005,0.0000005,0.000001,909.26,108.56,1.82,0.54,0.54,0.7183390978,0.582615053,0.7243186444,0.3971515034,0.7243185872
com-LiveJournal,0.000005,0.000005,0.00001,906.94,95.98,1.22,0.7,0.66,0.7167179506,0.595422168,0.7243177814,0.3971140838,0.7243144192
com-LiveJournal,0.00005,0.00005,0.0001,860.3,94.24,1.48,1.08,1.16,0.718470309,0.6077366954,0.724303639,0.3968315482,0.7242719938
com-LiveJournal,0.0005,0.0005,0.001,889.9,96.1,7.14,4.42,3.88,0.7171411742,0.589589884,0.7242667594,0.3913270134,0.7238454488
com-LiveJournal,0.005,0.005,0.01,903.62,87.1,29.4,9.8,11.22,0.7178554568,0.5812238654,0.7222985334,0.387061707,0.7203572836
com-LiveJournal,0.05,0.05,0.1,880.78,133.1,1297,28.06,46.76,0.6820226374,0.5141910624,0.6995158872,0.3711292138,0.6910836426