graph,batch_deletions_fraction,batch_insertions_fraction,batch_fraction,lousta-t,raksta-t,loufro-t,rakfro-t,hybfro-t,lousta-m,raksta-m,loufro-m,rakfro-m,hybfro-m
com-LiveJournal,0.00000005,0.00000005,0.0000001,951.1,197,19.3,3.1,1.1,0.725722281,0.4688716105,0.72568155,0.5706992155,0.72568155
com-LiveJournal,0.0000005,0.0000005,0.000001,931.55,121.1,8.35,1.2,1.15,0.724069952,0.633797982,0.7256815845,0.570698903,0.725682295
com-LiveJournal,0.000005,0.000005,0.00001,982.35,110.6,14.75,1.45,1.6,0.718948483,0.492964832,0.725678343,0.5706872325,0.725677869
com-LiveJournal,0.00005,0.00005,0.0001,905.4,129.8,10.1,4.75,3.05,0.719428007,0.537105047,0.725656787,0.570024021,0.7256545785
com-LiveJournal,0.0005,0.0005,0.001,786.25,144.8,18.4,12.1,6.9,0.7204636995,0.503757795,0.725416154,0.5657975195,0.725384925
com-LiveJournal,0.005,0.005,0.01,777.25,111.35,85.9,25.05,15.3,0.716460873,0.613240603,0.7234021815,0.560915852,0.722509391
com-LiveJournal,0.05,0.05,0.1,1171.2,226.3,1561.65,76.45,68.95,0.686543532,0.4597163725,0.700030257,0.5250626875,0.6952023875