graph,order,size,batch_deletions_size,batch_insertions_size,batch_size,batch_fraction,seqstal-t,seqstar-t,seqstars-t,ompstal-t,ompstar-t,ompstars-t,ompfrol-t,ompfror-t,ompfrors-t,ompfrolr-t,ompfrolrs-t,seqstal-m,seqstar-m,seqstars-m,ompstal-m,ompstar-m,ompstars-m,ompfrol-m,ompfror-m,ompfrors-m,ompfrolr-m,ompfrolrs-m
com-Orkut,3072441,234370166,0,2,2,0.000000008533509338,10225.64,4166.22,4187.7,2068.42,672.92,577.44,94.58,11.42,6.9,5.96,2.86,0.6476595366,0.005794601,0,0.6721697314,0.5807591904,0.594131222,0.6675883306,0.578448226,0.5465325744,0.674328218,0.674328218
com-Orkut,3072441,234370166,0,22,22,0.00000009386860271,10142.82,4173.02,4088.92,2017.16,712.44,605.4,94.38,5.9,11.56,7.5,2.54,0.6476598446,0.0057946,0,0.6776874484,0.5964174082,0.6127393456,0.6675882778,0.5784481704,0.5465325256,0.6743257838,0.6743282176
com-Orkut,3072441,234370166,0,234,234,0.0000009984205925,10109.1,4377.94,4014.94,2034.12,680.3,646.54,83.18,7.64,13.82,35.44,22.44,0.6476585822,0.0057945814,0,0.6753598926,0.606354468,0.6134555728,0.6675876976,0.578424173,0.5464292052,0.6740354896,0.6739917386
com-Orkut,3072441,234370166,0,2342,2342,0.000009992739434,10487.1,4620.2,4254.16,2116.2,700.28,498.66,92.28,36.76,34.24,50.86,43.06,0.6476525192,0.0057944198,0,0.6790589842,0.6047578948,0.6081461492,0.6675817706,0.576672557,0.5436827432,0.6732852604,0.6732232644
com-Orkut,3072441,234370166,0,23440,23440,0.0001000127294,10332.04,4471.48,3865.16,2010.7,646.02,557,114.82,58.6,52.54,65.9,61.3,0.6476185826,0.0057922144,0,0.6755928154,0.6103711024,0.5984648416,0.6675237268,0.5739656216,0.5422189398,0.6725165762,0.6724915208
com-Orkut,3072441,234370166,0,234400,234400,0.001000127294,10008.58,4474.42,4343.1,2100.74,598.86,501.58,146.96,59.78,55.16,69.42,82.96,0.6483903502,0.0057578942,0,0.676570842,0.5878925804,0.5917738736,0.6669415554,0.5723381456,0.5415164874,0.6716256434,0.6716525282
com-Orkut,3072441,234370166,0,2344000,2344000,0.01000127294,11050.98,6408.42,5970.48,2366.76,738.8,693.38,182.86,88.62,75.08,94.6,100.68,0.6427725882,0.006647209,0,0.6715123684,0.5891051834,0.5933962978,0.6611821462,0.5662236488,0.5364817036,0.6655956112,0.66569866
com-Orkut,3072441,234370166,0,23440000,23440000,0.1000127294,13372.94,8242.02,7642.22,2464.74,903,697.12,230.84,243.12,134.98,247.52,241,0.5903019076,0.001590301,0,0.6088969514,0.5019591632,0.4636468526,0.6085974136,0.507613757,0.4926878088,0.6056185932,0.60650619