graph,order,size,batch_deletions_size,batch_insertions_size,batch_size,batch_fraction,seqstal-t,seqstar-t,seqstars-t,ompstal-t,ompstar-t,ompstars-t,ompfrol-t,ompfror-t,ompfrors-t,ompfrolr-t,ompfrolrs-t,seqstal-m,seqstar-m,seqstars-m,ompstal-m,ompstar-m,ompstars-m,ompfrol-m,ompfror-m,ompfrors-m,ompfrolr-m,ompfrolrs-m
com-LiveJournal,3997962,69362378,0,68,68,0.0000009803585454,5230.78,2386.04,1572.46,1758.28,429,420.04,62.04,6.82,6.18,8.7,2.24,0.7101039374,0.6082570822,0.000470538,0.752776727,0.5651025522,0.5341426856,0.7449602354,0.504328166,0.4639759188,0.7532822382,0.7532826316
com-LiveJournal,3997962,69362378,0,692,692,0.000009976589903,5555.32,2380.52,1575.18,1644.64,395.34,342.08,58.68,5.76,17.92,11.1,5.54,0.7101003716,0.6082520934,0.000470533,0.75174679,0.6051687586,0.5064044796,0.7449535514,0.5043148332,0.4639608556,0.75327747,0.7532787216
com-LiveJournal,3997962,69362378,0,6936,6936,0.00009999657163,5417,2428.62,1582.52,1828.12,416.3,309.54,62.36,11.1,6.8,11.52,4.96,0.7100168682,0.6081951294,0.0004684272,0.750206923,0.5740124088,0.4950168472,0.7448871164,0.50415537,0.4638505554,0.7532445696,0.7532259632
com-LiveJournal,3997962,69362378,0,69360,69360,0.0009999657163,5365.44,2422.36,1626.22,1895.94,471.5,343.22,73.8,11.04,9.78,18.68,16.8,0.7094421484,0.6075874554,0.0004618318,0.7527869766,0.6098667112,0.5033936428,0.7442233008,0.5027571858,0.4625642314,0.752769808,0.752764094
com-LiveJournal,3997962,69362378,0,693600,693600,0.009999657163,5724.18,3151.14,2032.92,1974.62,439.34,414.52,100.84,23.62,17.42,39.86,38.02,0.7036882872,0.6017518162,0.0002988142,0.7431849832,0.5481974354,0.5010188002,0.7347974168,0.4937851698,0.4543263566,0.7468744604,0.746671306
com-LiveJournal,3997962,69362378,0,6936000,6936000,0.09999657163,8470,5694.5,3805.8,2534.54,689.48,594.94,171.44,217.82,119.48,159.68,147.08,0.6473685634,0.365846773,0.0000107682,0.6786835404,0.4277141704,0.406812093,0.667823229,0.403648333,0.3874204704,0.6879599368,0.6875163582