graph,batch_deletions_fraction,batch_insertions_fraction,batch_fraction,lousta-t,raksta-t,loufro-t,rakfro-t,hybfro-t,lousta-m,raksta-m,loufro-m,rakfro-m,hybfro-m
com-LiveJournal,0.00000005,0.00000005,0.0000001,981.84,170.14,86.04,3.42,1.68,0.7217285272,0.468735777,0.7195579482,0.6273576636,0.7195579422
com-LiveJournal,0.0000005,0.0000005,0.000001,961.9,180.6,73.54,2.72,1.66,0.718487648,0.5171351402,0.719557715,0.6273574056,0.7195576732
com-LiveJournal,0.000005,0.000005,0.00001,1006.34,175.58,76.96,2.44,6.74,0.716614169,0.4637388786,0.7195574804,0.627354486,0.7195560348
com-LiveJournal,0.00005,0.00005,0.0001,983.42,178.88,80.44,3.36,9.2,0.7221171088,0.5513374948,0.719605687,0.6273050784,0.7195077598
com-LiveJournal,0.0005,0.0005,0.001,1013.86,168.2,82.54,10.56,11.24,0.7250137008,0.597363947,0.720317788,0.6269287038,0.7197214916
com-LiveJournal,0.005,0.005,0.01,924.96,154.66,97.44,26.02,28.5,0.7165003082,0.5892880854,0.719373437,0.6244870686,0.7168810092
com-LiveJournal,0.05,0.05,0.1,1005,197.4,1724.74,135.98,151.48,0.6734329308,0.533399961,0.698486319,0.6032782196,0.688194475