graph,order,size,batch_deletions_size,batch_insertions_size,batch_size,batch_fraction,seqstal-t,seqstar-t,seqstars-t,ompstal-t,ompstar-t,ompstars-t,ompfrol-t,ompfror-t,ompfrors-t,ompfrolr-t,ompfrolrs-t,seqstal-m,seqstar-m,seqstars-m,ompstal-m,ompstar-m,ompstars-m,ompfrol-m,ompfror-m,ompfrors-m,ompfrolr-m,ompfrolrs-m
com-Orkut,3072441,234370166,0,234,234,0.0000009984205925,10445.04,4342.3,4125.48,2092.8,812.54,588.26,84.18,19.16,11.9,25.34,24.28,0.647659122,0.0057945882,0,0.6773401914,0.6005231344,0.6066235514,0.6558349126,0.5948420846,0.5868211468,0.6790891372,0.6789987614
com-Orkut,3072441,234370166,0,2342,2342,0.000009992739434,10977.1,4633.18,4567.5,1951.72,647.7,562.1,98.34,35.4,22.44,52.22,47.34,0.6476785432,0.005794505,0,0.6762202354,0.594336012,0.6100609986,0.655829186,0.5939683518,0.5858420468,0.678222907,0.6782027374
com-Orkut,3072441,234370166,0,23440,23440,0.0001000127294,10911.1,4488.82,4129.04,2099.84,629.8,534.3,110.56,71.1,43.1,55.18,53.4,0.647957759,0.0057925642,0,0.6787894118,0.551733391,0.5993810722,0.6557719044,0.593328884,0.5844842536,0.6778555786,0.6778854152
com-Orkut,3072441,234370166,0,234400,234400,0.001000127294,10348.6,4647.08,4465.22,2091.72,715.52,515.56,136.12,62.4,67.78,74.7,64.46,0.648373873,0.0057588698,0,0.6747229548,0.601085995,0.599049759,0.6551988722,0.5925831504,0.5826257806,0.6773009672,0.6773182566
com-Orkut,3072441,234370166,0,2344000,2344000,0.01000127294,11089.38,6054.42,5650.06,2306.9,839.56,504.8,170.2,93.92,82.68,103.52,94.24,0.6440980564,0.004498026,0,0.6701937984,0.5877929576,0.5840813258,0.6495196368,0.5872389054,0.5765014238,0.6715335714,0.6715911068
com-Orkut,3072441,234370166,0,23440000,23440000,0.1000127294,13631.64,8836.42,8223.72,2446.18,850.48,692.22,216.6,238.28,134.14,254.92,235.54,0.5878981528,0.094047053,0,0.6140647984,0.4817623932,0.497144114,0.6055666092,0.535744131,0.5283770532,0.6121997942,0.6127961966