graph,batch_deletions_fraction,batch_insertions_fraction,batch_fraction,lousta-t,raksta-t,loufro-t,rakfro-t,hybfro-t,lousta-m,raksta-m,loufro-m,rakfro-m,hybfro-m
com-Orkut,0.00000005,0.00000005,0.0000001,2354.26,280.9,0.38,0.5,0.44,0.6573561962,0.4701002078,0.6428293044,0.470480478,0.6428292616
com-Orkut,0.0000005,0.0000005,0.000001,2408.14,298.28,0.4,0.52,2.08,0.654142203,0.4667188882,0.6428291906,0.4704785832,0.6428066898
com-Orkut,0.000005,0.000005,0.00001,2125.36,305.06,4.82,2.78,10.24,0.6592009732,0.4590499956,0.6428710886,0.4705888832,0.6427532404
com-Orkut,0.00005,0.00005,0.0001,2179.62,336.86,20.12,8.28,25.9,0.655293714,0.2954564604,0.6449639718,0.4714481634,0.6435579308
com-Orkut,0.0005,0.0005,0.001,2249.02,487.58,42.68,19.04,43.38,0.6512623972,0.464883537,0.6460249596,0.4717757214,0.6435884984
com-Orkut,0.005,0.005,0.01,2105.4,529.14,100.12,49.12,65.64,0.6487976138,0.3162055526,0.6442663384,0.470356607,0.6409701838
com-Orkut,0.05,0.05,0.1,2879.7,586.96,416.6,91.3,157.54,0.6189153948,0.3162662254,0.6179255632,0.4496660082,0.6127351814