graph,order,size,batch_deletions_size,batch_insertions_size,batch_size,batch_fraction,seqstal-t,seqstar-t,seqstars-t,ompstal-t,ompstar-t,ompstars-t,ompfrol-t,ompfror-t,ompfrors-t,ompfrolr-t,ompfrolrs-t,seqstal-m,seqstar-m,seqstars-m,ompstal-m,ompstar-m,ompstars-m,ompfrol-m,ompfror-m,ompfrors-m,ompfrolr-m,ompfrolrs-m
com-Orkut,3072441,234370166,22,22,22,0.0000001,10269.69,4225.78,4036.26,2091.61,675.14,645.13,83.99,6.66,10.11,8.62,1.88,0.6476609749,0.005794548,-0.0000000849,0.6756068274,0.577276053,0.5882009063,0.6714293406,0.5520725534,0.5714428247,0.677581594,0.6775828016
com-Orkut,3072441,234370166,234,234,234,0.000001,10137.86,4282.14,4108.79,2117.88,707.1,682.92,82.5,7.33,13.97,29.55,23.36,0.6476942565,0.0057940881,-0.0000003022,0.6766628334,0.6036081988,0.6094510229,0.6714318586,0.5520613364,0.5713881377,0.677343859,0.6772848907
com-Orkut,3072441,234370166,2342,2342,2342,0.00001,10347.76,4461.25,4213.1,2502.13,638.54,511.83,92.03,25.13,35.56,45.45,38.82,0.649104134,0.0055282267,-0.0000033742,0.678214527,0.5965963685,0.5985845442,0.6714682422,0.5509604244,0.5697963091,0.6768224372,0.6767902026
com-Orkut,3072441,234370166,23440,23440,23440,0.0001,10579.31,4434.87,4115.87,2690.37,631.57,549.55,112.78,44.08,54.19,62.3,58.03,0.6492858203,0.005674711,-0.0000283745,0.6757671463,0.6018314895,0.594495516,0.6715850327,0.5486719787,0.5685521672,0.6761816322,0.6761746883
com-Orkut,3072441,234370166,234400,234400,234400,0.001,10791.28,4343.96,4330.15,2820.3,591.02,520.3,139.97,53.58,57.35,68.84,76.85,0.6507658933,0.0057316842,-0.0002711038,0.6733973551,0.5883823362,0.5906586987,0.6712831845,0.5467823327,0.5675031596,0.6752382393,0.6752384091
com-Orkut,3072441,234370166,2344000,2344000,2344000,0.01,12048.04,6089.07,5453.36,3349.33,703.27,656.78,177.47,85.77,81.78,91.17,92.18,0.6423695243,0.0806060216,-0.0013218051,0.6188834666,0.5965951939,0.5990461093,0.6664236895,0.5411319202,0.5633718819,0.6687213075,0.6687195138
com-Orkut,3072441,234370166,23440000,23440000,23440000,0.1,12115.98,7418.5,6906.29,3116.18,890.83,671,212.68,171.29,123.47,233,226.72,0.621776079,0.0050107023,0.0460959229,0.6389670399,0.5498140819,0.5375184957,0.6315204456,0.5130512189,0.5440795112,0.63947057,0.6399062987