graph,order,size,batch_deletions_size,batch_insertions_size,batch_size,batch_fraction,ompstal-t,ompstar-t,ompstars-t,ompfrol-t,ompfror-t,ompfrors-t,ompfrolr-t,ompfrolrs-t,ompstal-m,ompstar-m,ompstars-m,ompfrol-m,ompfror-m,ompfrors-m,ompfrolr-m,ompfrolrs-m
com-LiveJournal,3997962,69362378,2,2,4,0.0000001,1886.56,412.9,312.1,61.08,6.44,8.9,5.64,2.1,0.7515712,0.533194229,0.4910652482,0.6874472268,0.6378521742,0.4773256204,0.7527557288,0.7527557292
com-LiveJournal,3997962,69362378,34,34,68,0.000001,1922.36,456,441.4,59.68,4.04,4.14,5.54,3.5,0.7512713342,0.6150289854,0.5483986818,0.6874475958,0.6378521056,0.4773278118,0.7527573458,0.7527573368
com-LiveJournal,3997962,69362378,346,346,692,0.00001,2069.1,439.7,336.3,55.72,8.68,6.72,10,4.76,0.7504758774,0.5884947098,0.5102972394,0.6874537212,0.6378422952,0.477302142,0.752760378,0.7527553746
com-LiveJournal,3997962,69362378,3468,3468,6936,0.0001,3454.52,429.34,293.08,58.78,17.34,18.86,12.1,14.04,0.7502255392,0.5535147108,0.4929312188,0.6874399922,0.637780504,0.4772187844,0.7527744138,0.7527684038
com-LiveJournal,3997962,69362378,34680,34680,69360,0.001,3794.08,429.16,325.28,70.22,19.18,11.32,21.38,18.1,0.7511253238,0.583647773,0.5053615018,0.6873217824,0.6369044142,0.4761109928,0.7527091712,0.7526462808
com-LiveJournal,3997962,69362378,346800,346800,693600,0.01,3881.88,480.92,307.22,95.28,46.72,34.24,42.86,42.2,0.6648992302,0.5715915184,0.4699671052,0.6837610368,0.6308946482,0.468644348,0.748622971,0.7482077716
com-LiveJournal,3997962,69362378,3468000,3468000,6936000,0.1,4712.56,569.42,400.26,1325.44,290.18,200.16,206.94,199,0.6224729772,0.483930207,0.4120308552,0.6356450062,0.566196357,0.4120992726,0.7080205734,0.7060455378