graph,order,size,batch_deletions_size,batch_insertions_size,batch_size,batch_fraction,ompstal-t,ompstar-t,ompstars-t,ompfrol-t,ompfror-t,ompfrors-t,ompfrolr-t,ompfrolrs-t,ompstal-m,ompstar-m,ompstars-m,ompfrol-m,ompfror-m,ompfrors-m,ompfrolr-m,ompfrolrs-m
com-Orkut,3072441,234370166,10,10,20,0.0000001,2170.28,743.32,694.96,78.66,13.54,8.78,8.44,2.36,0.6753738842,0.57904485,0.581974282,0.6667781456,0.5819587694,0.5289204012,0.6754895796,0.6754987324
com-Orkut,3072441,234370166,116,116,232,0.000001,2062.04,710.62,470.82,80.2,9.04,22.38,17.76,12.64,0.6772230232,0.5902746076,0.571994826,0.6667827366,0.58195657,0.5285537618,0.6754445398,0.6753887796
com-Orkut,3072441,234370166,1170,1170,2340,0.00001,2226.4,540.12,577.3,101.34,39.8,54.04,55.56,36.4,0.6753335084,0.5353061698,0.6111654628,0.666843179,0.5809728324,0.523817942,0.674756154,0.6748309188
com-Orkut,3072441,234370166,11720,11720,23440,0.0001,3148.8,651.78,508.52,131.54,62.1,71.5,81.18,71.78,0.6750732064,0.5863974566,0.6014163114,0.6670525304,0.5797928822,0.5175748274,0.6745298518,0.674381865
com-Orkut,3072441,234370166,117200,117200,234400,0.001,3297.96,630.76,482.96,137.9,76.18,75.66,65.54,72.26,0.673009247,0.5880795036,0.60572107,0.6668564592,0.5784992748,0.5131811966,0.673862736,0.6736633936
com-Orkut,3072441,234370166,1172000,1172000,2344000,0.01,3694.32,620.36,479.14,174.54,107.44,458.94,300.18,265.5,0.6488104986,0.6001108274,0.5467526336,0.6624315862,0.570658573,0.3480630988,0.6575382692,0.6563451188
com-Orkut,3072441,234370166,11720000,11720000,23440000,0.1,3551.12,740.02,555.66,238.72,435.34,698.54,571.92,560.96,0.6338594594,0.53597007,0.5571259662,0.6291400312,0.5443277732,0.330914539,0.631456998,0.6305411734