graph,order,size,batch_deletions_size,batch_insertions_size,batch_size,batch_fraction,seqstal-t,seqstar-t,seqstars-t,ompstal-t,ompstar-t,ompstars-t,ompfrol-t,ompfror-t,ompfrors-t,ompfrolr-t,ompfrolrs-t,seqstal-m,seqstar-m,seqstars-m,ompstal-m,ompstar-m,ompstars-m,ompfrol-m,ompfror-m,ompfrors-m,ompfrolr-m,ompfrolrs-m
europe_osm,50912018,108109320,10,10,10,0.0000001,99742.31,39543.15,3854.27,38037,3570.26,521.02,168.57,27.33,27.61,16.6,16.09,0.9989448689,0.7746102717,0.9433451379,0.9989439088,0.7779303884,0.9278503225,0.998873729,0.7777510471,0.9282383028,0.9989431085,0.9989431085
europe_osm,50912018,108109320,108,108,108,0.000001,97804.35,38959.93,3824.31,38519.96,3544.34,534.56,174.22,26.57,28.19,16.07,15.72,0.9989443857,0.7746121112,0.9433444965,0.9989429738,0.7779184878,0.9276181134,0.9988732777,0.7777508201,0.9282378959,0.9989426586,0.9989426586
europe_osm,50912018,108109320,1080,1080,1080,0.00001,98600.24,39301.71,3864.76,37530.32,2266.48,323.11,132.16,28.02,33.14,15.45,16.82,0.9989376366,0.7746321191,0.9433385049,0.9989359493,0.7780874768,0.9269004854,0.9988687862,0.7777487117,0.9282338716,0.998938169,0.998938169
europe_osm,50912018,108109320,10810,10810,10810,0.0001,100053.09,39403.87,3899.48,36661.78,2710.46,359.81,137.29,24.16,24.22,15.98,17.71,0.9988689043,0.7748325078,0.9432777299,0.9988677907,0.7781980334,0.9274110722,0.9988238333,0.7777275838,0.9281936391,0.9988932333,0.9988932325
europe_osm,50912018,108109320,108100,108100,108100,0.001,102376.99,40389.4,3942.32,35114.06,2486.45,353.7,135.18,22.49,21.93,15,19.36,0.9982210491,0.7768072928,0.9426738284,0.9982174112,0.7802260027,0.9263833118,0.9983747993,0.7775196485,0.9277913997,0.9984443858,0.9984443866
europe_osm,50912018,108109320,1081000,1081000,1081000,0.01,115915.23,43793.57,4398.16,36799.51,2751.59,374.49,155.16,39.26,37.7,29.98,37.7,0.9926154637,0.7927744859,0.9370011202,0.9926011083,0.7962030292,0.9210531246,0.9939283909,0.7754540984,0.9238099666,0.9940002978,0.9940003254
europe_osm,50912018,108109320,10810000,10810000,10810000,0.1,208703.32,43005.12,8281.12,57256.49,2272.95,587.75,266.8,236.29,128.73,112.32,113.42,0.9477214982,0.7764283266,0.8933427807,0.9475947046,0.7773905095,0.8763264908,0.9534673837,0.7594056346,0.887941324,0.9535633863,0.9535640352