graph,order,size,batch_deletions_size,batch_insertions_size,batch_size,batch_fraction,ompstal-t,ompstar-t,ompstars-t,ompfrol-t,ompfror-t,ompfrors-t,ompfrolr-t,ompfrolrs-t,ompstal-m,ompstar-m,ompstars-m,ompfrol-m,ompfror-m,ompfrors-m,ompfrolr-m,ompfrolrs-m
europe_osm,50912018,108109320,4,4,8,0.0000001,35864.7,2907.92,427.42,128.52,28.76,31.04,32.82,16.1,0.9989440848,0.7780155664,0.9275270704,0.998879025,0.7775517386,0.9279393632,0.998941576,0.998941576
europe_osm,50912018,108109320,54,54,108,0.000001,35184.6,2391.5,377.84,128.48,23.78,26.66,16.44,16.04,0.9989416456,0.7779914618,0.9268512878,0.998878563,0.7775515116,0.9279389548,0.998941113,0.998941113
europe_osm,50912018,108109320,540,540,1080,0.00001,35058.74,2322.26,319.76,114.22,21.42,20.72,21.6,16.76,0.9989359406,0.778023758,0.9272188978,0.998874069,0.7775494634,0.9279349688,0.998936629,0.9989366298
europe_osm,50912018,108109320,5404,5404,10808,0.0001,35063.96,2220,336.58,105.08,19.74,19.08,19.98,17.3,0.9988670234,0.7782275656,0.9272050024,0.9988291348,0.7775289112,0.9278946994,0.998891695,0.9988916954
europe_osm,50912018,108109320,54050,54050,108100,0.001,33456.26,2243.52,336.92,131.28,31.52,31.44,25.42,19.2,0.9982216546,0.7802152262,0.9260785696,0.9983794502,0.7773189458,0.927492147,0.998442453,0.9984424996
europe_osm,50912018,108109320,540500,540500,1081000,0.01,31068.8,2734.44,294.54,116.52,53.56,48.72,57.74,41.88,0.9931499702,0.796536919,0.9205816694,0.9938702604,0.7752425872,0.923481375,0.9939584628,0.9939593662
europe_osm,50912018,108109320,5405000,5405000,10810000,0.1,37627.7,2401.22,664,283.22,336.96,347.76,268.78,248.34,0.962704099,0.7794015836,0.8747353284,0.9477072488,0.7544400058,0.8848570564,0.9500830692,0.9501648816