graph,batch_deletions_fraction,batch_insertions_fraction,batch_fraction,lousta-t,raksta-t,loufro-t,rakfro-t,hybfro-t,lousta-m,raksta-m,loufro-m,rakfro-m,hybfro-m
europe_osm,0.00000005,0.00000005,0.0000001,3722.26,314.84,243.8,27.36,24,0.9989327428,0.9407496176,0.99893296,0.9407609988,0.99893296
europe_osm,0.0000005,0.0000005,0.000001,3673.6,425.3,162.7,22.2,27.7,0.9989319456,0.9407536568,0.998932498,0.9407606104,0.998932498
europe_osm,0.000005,0.000005,0.00001,3473.92,395.56,182.48,23.06,22.42,0.9989242254,0.9407420526,0.9989280136,0.9407568586,0.9989280132
europe_osm,0.00005,0.00005,0.0001,3529.5,400.32,170.72,32.14,23.08,0.9988577792,0.9406984386,0.9988831088,0.940719075,0.9988831102
europe_osm,0.0005,0.0005,0.001,3568.54,412.54,171.18,62.46,38.72,0.9982103864,0.940135213,0.9984340412,0.9403387776,0.9984340392
europe_osm,0.005,0.005,0.01,3707.06,471.46,213.22,176.9,82.16,0.9930929406,0.9350064406,0.9939504624,0.9365520842,0.9939522274
europe_osm,0.05,0.05,0.1,4194.52,665.36,338.7,346.88,344.88,0.960039244,0.8947451672,0.950225432,0.899800939,0.9503978608