graph,batch_deletions_fraction,batch_insertions_fraction,batch_fraction,lousta-t,raksta-t,loufro-t,rakfro-t,hybfro-t,lousta-m,raksta-m,loufro-m,rakfro-m,hybfro-m
europe_osm,0.00000005,0.00000005,0.0000001,3185.9,420.74,37.44,11.1,11.08,0.9989316458,0.9407597206,0.998931672,0.9407693278,0.998931672
europe_osm,0.0000005,0.0000005,0.000001,3372.1,424.96,35.02,11.78,12.62,0.998932124,0.9407564818,0.99893121,0.9407689542,0.99893121
europe_osm,0.000005,0.000005,0.00001,3255.94,369.7,38.78,12.8,13.5,0.9989246604,0.9407556938,0.998926722,0.9407652208,0.9989267216
europe_osm,0.00005,0.00005,0.0001,3021.2,342.96,40.18,14.02,15.24,0.9988575414,0.9406970018,0.9988818232,0.9407272812,0.9988818262
europe_osm,0.0005,0.0005,0.001,3204.46,432.76,47,19.18,28.54,0.9982118156,0.9401588056,0.9984327648,0.9403479382,0.998432785
europe_osm,0.005,0.005,0.01,3469.6,410.42,110.82,40.9,31.14,0.993089874,0.93502689,0.9939483598,0.9365647424,0.9939513326
europe_osm,0.05,0.05,0.1,4244.6,479.04,456.08,173.48,141.94,0.960061672,0.8947215094,0.9501717332,0.899816429,0.9504078988