graph,order,size,batch_deletions_size,batch_insertions_size,batch_size,batch_fraction,seqstal-t,seqstar-t,seqstars-t,ompstal-t,ompstar-t,ompstars-t,ompfrol-t,ompfror-t,ompfrors-t,ompfrolr-t,ompfrolrs-t,seqstal-m,seqstar-m,seqstars-m,ompstal-m,ompstar-m,ompstars-m,ompfrol-m,ompfror-m,ompfrors-m,ompfrolr-m,ompfrolrs-m
europe_osm,50912018,108109320,0,108,108,0.0000009989888013,100852.34,39475.48,3837.5,36523.04,3104.3,432.14,163.62,28.22,30.88,18.66,18.92,0.9989432948,0.7746124184,0.943344131,0.9989423896,0.7779594404,0.9269221252,0.998881075,0.777681297,0.9277431566,0.998942126,0.998942126
europe_osm,50912018,108109320,0,1080,1080,0.000009989888013,98283.72,38765.64,3836.84,36916.64,2701.9,365.08,168.46,31.76,32.72,19.66,16.58,0.9989289172,0.7746343614,0.9433337606,0.9989282478,0.7780459502,0.9267441288,0.9988720968,0.7776756812,0.9277348746,0.9989331446,0.9989331446
europe_osm,50912018,108109320,0,10810,10810,0.0000999913791,98316.52,39143.68,3886.92,36963.18,3049.78,436.7,155.84,26.32,23.82,16.56,16.54,0.9987875484,0.7748688078,0.9432323834,0.998785932,0.7783291458,0.9264423994,0.9987822146,0.7776212604,0.9276521472,0.9988432486,0.9988432484
europe_osm,50912018,108109320,0,108100,108100,0.000999913791,101213.6,40030.94,3985.8,34031.18,2848.4,437.52,167.4,25.76,26.46,23.24,19.08,0.9974248758,0.7771146866,0.9422158128,0.9974240096,0.7805012818,0.9255827278,0.9978839692,0.7770765214,0.9268246656,0.9979451976,0.9979452004
europe_osm,50912018,108109320,0,1081000,1081000,0.00999913791,123575.1,46588.14,4711.48,34676.16,2590.36,400.92,177.12,48.36,49.28,31.94,32.08,0.9858543266,0.7938656298,0.9324800386,0.9858279308,0.7975218562,0.9157179064,0.988991793,0.7716491156,0.9186343238,0.9890525552,0.98905258
europe_osm,50912018,108109320,0,10810000,10810000,0.0999913791,251837.38,54900.84,11102.36,49480.32,2470.7,730.28,299.4,410.94,204.2,136.76,128.42,0.895480507,0.7401171534,0.851421156,0.895202101,0.7386036664,0.8274172522,0.908071934,0.7267307268,0.8440413592,0.9081307772,0.9081313636