graph,batch_deletions_fraction,batch_insertions_fraction,batch_fraction,lousta-t,raksta-t,loufro-t,rakfro-t,hybfro-t,lousta-m,raksta-m,loufro-m,rakfro-m,hybfro-m
indochina-2004,0.00000005,0.00000005,0.0000001,972.06,375.96,153.6,10.56,3.6,0.9488915606,0.9036111802,0.9488840332,0.9068458188,0.9488840332
indochina-2004,0.0000005,0.0000005,0.000001,809.3,336.3,108.44,4.14,4.42,0.9488727126,0.9039088338,0.9488835862,0.9068461778,0.9488835822
indochina-2004,0.000005,0.000005,0.00001,770.12,306.1,106.66,6.62,7.78,0.9488996568,0.9038873768,0.94887914,0.9068536362,0.9488791314
indochina-2004,0.00005,0.00005,0.0001,754.94,285.88,109.88,12.3,12.6,0.9488066296,0.904240005,0.9488497326,0.9070345884,0.9488493992
indochina-2004,0.0005,0.0005,0.001,735.68,273.96,118.44,28,24.48,0.9483388658,0.9036668086,0.9484205624,0.9071053398,0.9484197846
indochina-2004,0.005,0.005,0.01,938.02,354.04,188.52,108.74,109.4,0.9435301168,0.8992172702,0.9441480094,0.904338333,0.9441476552
indochina-2004,0.05,0.05,0.1,1710.36,650.72,386.6,652.08,568.58,0.9059315668,0.8661004692,0.9050388726,0.8710721164,0.905373041