graph,order,size,batch_deletions_size,batch_insertions_size,batch_size,batch_fraction,seqstal-t,seqstar-t,seqstars-t,ompstal-t,ompstar-t,ompstars-t,ompfrol-t,ompfror-t,ompfrors-t,ompfrolr-t,ompfrolrs-t,seqstal-m,seqstar-m,seqstars-m,ompstal-m,ompstar-m,ompstars-m,ompfrol-m,ompfror-m,ompfrors-m,ompfrolr-m,ompfrolrs-m
indochina-2004,7414866,341157189,34,34,34,0.0000001,8802.64,4165.13,4051.39,4378.55,802.13,791.85,111.53,4.06,4.09,2.2,1.92,0.9490070145,0.9208520886,0.9154295113,0.9488031408,0.9183112229,0.9139242013,0.9466899943,0.9154170936,0.9145296725,0.9488126305,0.9488126302
indochina-2004,7414866,341157189,340,340,340,0.000001,9153.86,4202.52,4107.61,4533.02,780.71,764.4,109.66,4.84,6.12,2.56,2.03,0.948983348,0.9208537527,0.915385345,0.9488070909,0.9169096517,0.9140223665,0.9466722134,0.9154462135,0.9145260333,0.9487953286,0.948795329
indochina-2004,7414866,341157189,3410,3410,3410,0.00001,10060.1,4145.26,4066.18,4499.14,771.65,766.8,113.04,10.39,7.35,3.48,3.09,0.9488778875,0.9206757547,0.9151108343,0.9487011279,0.9162597809,0.9134961707,0.9465646525,0.9155923523,0.9145824501,0.9486859112,0.9486858405
indochina-2004,7414866,341157189,34110,34110,34110,0.0001,10061.85,4205.29,4063.37,4637.16,794.86,782.45,119.34,13.57,8.84,5.96,12.1,0.9480663851,0.9196746486,0.9141044789,0.9478721593,0.9148068389,0.9132431745,0.9458502387,0.9147976643,0.9138771707,0.9479144498,0.9479139369
indochina-2004,7414866,341157189,341200,341200,341200,0.001,11430.62,4492.36,4321.13,4250.75,786.27,781.08,137.04,20.39,17.2,16.52,20.3,0.947704455,0.9185684133,0.9134197185,0.9473825955,0.9131266821,0.9109660559,0.945473815,0.9142702236,0.9134661156,0.9475673514,0.9475658324
indochina-2004,7414866,341157189,3412000,3412000,3412000,0.01,20189.68,6699.98,6562.86,4832.92,787.17,787.17,226.14,98.18,99.32,97.24,100.29,0.9453147712,0.9146703472,0.910308649,0.9432826559,0.9092179519,0.907701062,0.9441332631,0.9131068933,0.9127039158,0.9461544072,0.9461463337
indochina-2004,7414866,341157189,34120000,34120000,34120000,0.1,29355.31,14997.9,14973.81,6369.23,1306.05,1309.44,444.09,572.58,575.06,497.96,492.73,0.9061448776,0.8775937319,0.8692487102,0.9045725723,0.8712401721,0.8717325938,0.9018759182,0.8749018403,0.8745644411,0.9037991011,0.9038024681