graph,order,size,batch_deletions_size,batch_insertions_size,batch_size,batch_fraction,seqstal-t,seqstar-t,seqstars-t,ompstal-t,ompstar-t,ompstars-t,ompfrol-t,ompfror-t,ompfrors-t,ompfrolr-t,ompfrolrs-t,seqstal-m,seqstar-m,seqstars-m,ompstal-m,ompstar-m,ompstars-m,ompfrol-m,ompfror-m,ompfrors-m,ompfrolr-m,ompfrolrs-m
indochina-2004,7414866,341157189,0,340,340,0.0000009966080474,8662.82,4211.32,4051.54,4094.06,859.02,849.24,137.44,7.26,6.54,2.3,2.4,0.9490041666,0.9208493182,0.9154322932,0.948812782,0.9172685218,0.9123536534,0.9462374108,0.9152738908,0.9125126772,0.9488059956,0.9488059942
indochina-2004,7414866,341157189,0,3410,3410,0.000009995392476,8864.08,4173.02,4033.98,4177.12,800.44,779.22,124.12,14.5,3.5,2.7,2.46,0.9489960318,0.9208418682,0.9154244334,0.948804511,0.916557495,0.913564761,0.9462293018,0.915279073,0.9125307674,0.9487978502,0.9487978512
indochina-2004,7414866,341157189,0,34110,34110,0.00009998323676,9324.62,4286.76,4152.06,3667.74,789.58,783.14,117.88,16.6,4.76,3.68,6.04,0.9489147128,0.920766489,0.9153535834,0.9487312928,0.9150570692,0.9144638034,0.9461479224,0.9152784796,0.9125691198,0.9487176684,0.9487170766
indochina-2004,7414866,341157189,0,341200,341200,0.001000125488,9335.38,4670.08,4529,3028.14,798.22,787.22,136.24,25.94,19.66,18.12,21.8,0.9481116354,0.9199051484,0.9145587066,0.9479368268,0.9156047788,0.9122212204,0.9453439006,0.914770015,0.9121658308,0.947906812,0.9479094204
indochina-2004,7414866,341157189,0,3412000,3412000,0.01000125488,13827.42,8156.56,7971.14,3234.56,987.18,932.42,291.98,136,137.2,129.6,130.1,0.9399899506,0.9123409734,0.9070251584,0.9382827074,0.906809118,0.9048710708,0.9374376208,0.9076166062,0.9051320016,0.9398427718,0.9398464198
indochina-2004,7414866,341157189,0,34120000,34120000,0.1000125488,29417.66,22922.34,20903.74,4214.96,1615,1562.1,515.46,766.36,787.22,705.3,698.14,0.8724045838,0.8426626376,0.8355594434,0.8703271732,0.8375892686,0.8385336718,0.8645020294,0.8381651788,0.8359439994,0.8664530716,0.8664776268