graph,order,size,batch_deletions_size,batch_insertions_size,batch_size,batch_fraction,ompstal-t,ompstar-t,ompstars-t,ompfrol-t,ompfror-t,ompfrors-t,ompfrolr-t,ompfrolrs-t,ompstal-m,ompstar-m,ompstars-m,ompfrol-m,ompfror-m,ompfrors-m,ompfrolr-m,ompfrolrs-m
it-2004,41291594,2186144594,108,108,216,0.0000001,18036.54,2191.86,2262.58,426.32,19.18,19.78,16.16,15.98,0.977495639,0.9460721306,0.9448602574,0.9760239766,0.9457789306,0.9443294916,0.977530344,0.9775303442
it-2004,41291594,2186144594,1092,1092,2184,0.000001,15209.9,1783.22,1754.94,365.94,23.94,23.8,21.88,21.28,0.9782557052,0.9466124138,0.945621417,0.9766863298,0.9466767846,0.9453965052,0.9782595198,0.9782595126
it-2004,41291594,2186144594,10930,10930,21860,0.00001,20722.02,1797.6,1714.56,390.4,69.4,71.64,69.06,69.94,0.9783911168,0.946825012,0.946135162,0.9768093688,0.9470433072,0.9457741462,0.978400587,0.9784002952
it-2004,41291594,2186144594,109300,109300,218600,0.0001,24589.46,1689.18,1688.92,387.14,125.56,130.4,110.24,106.4,0.976817697,0.9448669642,0.9439727532,0.9756829612,0.9457277278,0.9443148818,0.9772029134,0.9771998694
it-2004,41291594,2186144594,1093000,1093000,2186000,0.001,25230.74,1710.74,1711.54,505.62,224.34,220.7,219.72,192.22,0.9754595166,0.9429452764,0.9416627262,0.9750379542,0.9446312486,0.9430052608,0.9764480292,0.9764431188
it-2004,41291594,2186144594,10930000,10930000,21860000,0.01,31347.88,2174.7,2196.7,1090.24,805.92,811.12,755.2,753.5,0.9549509932,0.9352055128,0.9345542904,0.9709445022,0.9399700448,0.9385532198,0.9713792986,0.9713841476
it-2004,41291594,2186144594,109300000,109300000,218600000,0.1,38546.18,6337.7,6433.56,2428.16,6180.86,6360.9,5359.26,5029.82,0.9079094194,0.8931379284,0.8950775192,0.9236185402,0.8955213732,0.895512275,0.9222778364,0.922480078