graph,order,size,batch_deletions_size,batch_insertions_size,batch_size,batch_fraction,seqstal-t,seqstar-t,seqstars-t,ompstal-t,ompstar-t,ompstars-t,ompfrol-t,ompfror-t,ompfrors-t,ompfrolr-t,ompfrolrs-t,seqstal-m,seqstar-m,seqstars-m,ompstal-m,ompstar-m,ompstars-m,ompfrol-m,ompfror-m,ompfrors-m,ompfrolr-m,ompfrolrs-m
it-2004,41291594,2186144594,0,2186,2186,0.0000009999338589,49465.02,28649.94,28048.38,15743.6,2210.88,2060.84,458.98,16.62,17.54,12.06,11.84,0.9775691846,0.9461750206,0.9452427118,0.9775034532,0.9459527484,0.944368237,0.9760078168,0.94588595,0.9446421346,0.9774237286,0.9774237282
it-2004,41291594,2186144594,0,21860,21860,0.000009999338589,49894.02,28727,28303.34,16237.9,1798.5,1817.18,356.28,47.42,21.6,22.58,30.18,0.9775554376,0.9461667454,0.9452278802,0.977475184,0.9456572668,0.9448832726,0.9759990742,0.9458851622,0.9446414338,0.9774150098,0.9774150092
it-2004,41291594,2186144594,0,218600,218600,0.00009999338589,50586.54,29747.68,28177.78,14591.9,1941.1,1910.58,444.86,87.16,64.66,63.14,97.84,0.9774700602,0.9460851744,0.9451874454,0.9772148244,0.945453613,0.9449082606,0.9759117536,0.9458918218,0.9446132244,0.9773291564,0.9773293108
it-2004,41291594,2186144594,0,2186000,2186000,0.0009999338589,55819.88,32796.74,31746.18,12932.36,1808.38,1893.62,532.18,158.88,163.9,145.8,155.46,0.9766041026,0.9451967678,0.944329909,0.9763785364,0.9448546888,0.9441981282,0.9750432844,0.94532675,0.9440971124,0.9764585364,0.9764593194
it-2004,41291594,2186144594,0,21860000,21860000,0.009999338589,87113.6,55910.98,55304.52,16706.14,2684.86,2820.04,1115.04,604.3,612.1,505.12,521.34,0.9678161572,0.9370892336,0.936092032,0.9674445228,0.9363744482,0.9362800438,0.9664718598,0.9375325284,0.936424726,0.967797826,0.9678007214
it-2004,41291594,2186144594,0,218600000,218600000,0.09999338589,205188.38,150756.24,119246.7,30376.9,8075.94,8891.28,2256.94,4177.46,4248.6,2900.32,3108.72,0.891503886,0.8622603652,0.856977336,0.8910451664,0.8609925156,0.859714163,0.887854192,0.8624426698,0.8612253768,0.8890057496,0.8890135084