graph,order,size,batch_deletions_size,batch_insertions_size,batch_size,batch_fraction,seqstal-t,seqstar-t,seqstars-t,ompstal-t,ompstar-t,ompstars-t,ompfrol-t,ompfror-t,ompfrors-t,ompfrolr-t,ompfrolrs-t,seqstal-m,seqstar-m,seqstars-m,ompstal-m,ompstar-m,ompstars-m,ompfrol-m,ompfror-m,ompfrors-m,ompfrolr-m,ompfrolrs-m
it-2004,41291594,2186144594,218,218,218,0.0000001,49730,29095.99,27645.65,14421.81,2356.36,2123.07,399.3,18.05,18.27,11.38,14.07,0.9776992816,0.9463173106,0.9454233999,0.9776256537,0.9459433545,0.9452597754,0.9760462123,0.9457460573,0.9446108036,0.9775584661,0.9775584659
it-2004,41291594,2186144594,2186,2186,2186,0.000001,54100.26,28723.96,27589.83,15030.97,1945.78,1937.86,409.29,29.24,30.54,28.56,26.11,0.9780095237,0.9466006753,0.9457785049,0.9779148042,0.9463200935,0.9451154834,0.9763081102,0.9460841513,0.945000382,0.9778461945,0.9778458937
it-2004,41291594,2186144594,21860,21860,21860,0.00001,62349.8,28555.05,27655.96,20002.32,1771.87,1817.69,406.64,75.73,56.98,49.15,53.65,0.9778521678,0.9464217301,0.9455608288,0.9777415693,0.9460951238,0.944948769,0.9761757068,0.9460646634,0.9449523847,0.9777106505,0.9777096915
it-2004,41291594,2186144594,218600,218600,218600,0.0001,63613.31,29201.88,27960.92,19344.5,1789.84,1855.11,454.2,102.75,89.71,88.77,88.55,0.977282715,0.9455335927,0.9445219453,0.976978437,0.9451054248,0.9440542149,0.9756516035,0.9453999667,0.9442589991,0.9771538699,0.9771519412
it-2004,41291594,2186144594,2186000,2186000,2186000,0.001,78674.06,31193.66,30378.12,19211.57,1891.68,2000.19,580.28,171.22,182.86,159.48,157.19,0.9768001357,0.9444541088,0.943458459,0.9760405604,0.9440141966,0.9428661978,0.9753307238,0.9449894069,0.9436257947,0.9767535985,0.9767494319
it-2004,41291594,2186144594,21860000,21860000,21860000,0.01,129087.9,46283.36,45411.2,25016.18,2273.2,2359.48,1006.73,488.4,517.99,469,491.07,0.9712147732,0.9379513983,0.9376802542,0.9691133744,0.9372794434,0.9370287885,0.9710812752,0.9412155662,0.9404205116,0.9723944789,0.9723740085
it-2004,41291594,2186144594,218600000,218600000,218600000,0.1,204453.44,104253.43,84351.1,35884.44,5368.03,5440.61,1646.08,2392.64,2457.06,1788.55,1811.74,0.9335487346,0.9042177931,0.9003328428,0.9328421602,0.9033063722,0.9018452279,0.9312537401,0.904993281,0.9042691635,0.932746491,0.9327414569