graph,batch_deletions_fraction,batch_insertions_fraction,batch_fraction,lousta-t,raksta-t,loufro-t,rakfro-t,hybfro-t,lousta-m,raksta-m,loufro-m,rakfro-m,hybfro-m
it-2004,0.00000005,0.00000005,0.0000001,3673.95,1615.05,136.65,16.8,17.2,0.9775293385,0.932392704,0.977520812,0.9325870475,0.977520812
it-2004,0.0000005,0.0000005,0.000001,3678.6,1539.5,152.5,28.55,32.15,0.977547666,0.931977166,0.977520367,0.9325871085,0.9775203665
it-2004,0.000005,0.000005,0.00001,3775.05,1594.6,223.7,70,104.8,0.9775502245,0.9312327225,0.9775166315,0.932592682,0.977516491
it-2004,0.00005,0.00005,0.0001,3790.15,1527.1,261.6,108.6,120.75,0.977479239,0.932170643,0.9774728145,0.932625202,0.977472535
it-2004,0.0005,0.0005,0.001,3839.6,1571.45,433.65,216.35,194.45,0.9769392265,0.9311966675,0.977038918,0.932646429,0.977039337
it-2004,0.005,0.005,0.01,4845.8,2050.85,1130.8,534.8,447.8,0.9726035375,0.9289319,0.9727371025,0.929655885,0.9727392045
it-2004,0.05,0.05,0.1,12156.95,5030.1,1925.65,2047.1,1296,0.933185908,0.893325777,0.9321688345,0.8943016935,0.9323644975