graph,batch_deletions_fraction,batch_insertions_fraction,batch_fraction,lousta-t,raksta-t,loufro-t,rakfro-t,hybfro-t,lousta-m,raksta-m,loufro-m,rakfro-m,hybfro-m
it-2004,0.00000005,0.00000005,0.0000001,3752.34,1595.8,587.74,16.84,12.94,0.9775291974,0.9317417562,0.977556168,0.9320115186,0.9775561678
it-2004,0.0000005,0.0000005,0.000001,3416.66,1455.86,556.7,34.34,24.58,0.9775432166,0.9315643564,0.9775557222,0.9320111784,0.9775557218
it-2004,0.000005,0.000005,0.00001,3133.74,1281.72,555.3,67.48,79.02,0.9775592588,0.9318016998,0.9775524382,0.9320174374,0.9775523814
it-2004,0.00005,0.00005,0.0001,3166.72,1213.8,585.98,117.08,116.08,0.977510926,0.9316208842,0.9775095576,0.9320545732,0.9775096302
it-2004,0.0005,0.0005,0.001,2928.6,1189,555.8,197.98,180.26,0.9766978038,0.9318494078,0.9770773724,0.9320999498,0.9770771828
it-2004,0.005,0.005,0.01,3565.48,1419.78,710.6,684.3,581.16,0.9725410406,0.9288754418,0.9727743502,0.929114061,0.9727759672
it-2004,0.05,0.05,0.1,11116.24,4780.56,2124.3,5081.3,4172.94,0.9329910424,0.893037949,0.9320348666,0.8934991812,0.9322107464