graph,order,size,batch_deletions_size,batch_insertions_size,batch_size,batch_fraction,ompstal-t,ompstar-t,ompstars-t,ompfrol-t,ompfror-t,ompfrors-t,ompfrolr-t,ompfrolrs-t,ompstal-m,ompstar-m,ompstars-m,ompfrol-m,ompfror-m,ompfrors-m,ompfrolr-m,ompfrolrs-m
kmer_V1r,214005017,465410904,22,22,44,0.0000001,202183.5,5959,3279.94,1023.44,111.6,117.2,111.82,80.98,0.949195343,0.7447781242,0.708931601,0.9484748742,0.7452969298,0.7101831832,0.949237609,0.949237609
kmer_V1r,214005017,465410904,232,232,464,0.000001,194234.48,5108.72,3056.46,926.56,107.24,106.44,107.72,90.52,0.9492252204,0.7443431248,0.7086133002,0.9484744526,0.7452967354,0.7101829484,0.949237199,0.9492371994
kmer_V1r,214005017,465410904,2326,2326,4652,0.00001,171583.38,4361.88,2590.16,854.02,104.1,102.62,93.36,82.08,0.9490328054,0.7449430844,0.7086226196,0.948470191,0.7452948412,0.7101804952,0.9492330832,0.9492330898
kmer_V1r,214005017,465410904,23270,23270,46540,0.0001,162854.24,4003.46,2090.7,877.3,79.64,83.08,75.82,76.64,0.9490982906,0.745196694,0.709745688,0.948427598,0.745275419,0.710156275,0.9491916108,0.9491916472
kmer_V1r,214005017,465410904,232700,232700,465400,0.001,180855.5,4110.1,2423.3,891.26,207.22,215.08,94.82,91.42,0.9489131744,0.7444568762,0.7095211556,0.948002916,0.745082275,0.70991327,0.9487786708,0.9487791238
kmer_V1r,214005017,465410904,2327000,2327000,4654000,0.01,204739.98,3248.38,2209.74,1012.62,335.72,347.36,286.58,242.32,0.9466358626,0.7431459858,0.7071008812,0.943737498,0.7431523996,0.7075034836,0.9446517982,0.9446565182
kmer_V1r,214005017,465410904,23270000,23270000,46540000,0.1,248234.36,4555.8,3516.98,1717.3,1918.64,1781.66,1409.5,1371.78,0.9263132438,0.7214381092,0.688646454,0.8999490534,0.72451775,0.6858661504,0.9041741784,0.904228169