graph,batch_deletions_fraction,batch_insertions_fraction,batch_fraction,lousta-t,raksta-t,loufro-t,rakfro-t,hybfro-t,lousta-m,raksta-m,loufro-m,rakfro-m,hybfro-m
kmer_A2a,0.00000005,0.00000005,0.0000001,18518.44,2803.22,101.44,37.72,37.68,0.9736058658,0.7254283006,0.9734974042,0.7254420828,0.973497404
kmer_A2a,0.0000005,0.0000005,0.000001,18927.7,2612.94,104.04,42,43.48,0.9733314996,0.7254265262,0.9734969852,0.7254419844,0.9734969848
kmer_A2a,0.000005,0.000005,0.00001,18752,2413.52,104.94,44.3,43.82,0.9733516646,0.7254273034,0.973492702,0.725441098,0.973492703
kmer_A2a,0.00005,0.00005,0.0001,18789.84,2597.32,110.44,46.68,52.68,0.9727950342,0.7254278368,0.9734502156,0.7254320866,0.9734502374
kmer_A2a,0.0005,0.0005,0.001,17527.78,2289.3,188.02,83.84,65.32,0.9719804122,0.7253905618,0.9730239416,0.7253399992,0.97302413
kmer_A2a,0.005,0.005,0.01,18721.88,2633.14,498.26,165.18,136.26,0.9698210774,0.7250058946,0.9687628592,0.7244146284,0.9687649458
kmer_A2a,0.05,0.05,0.1,21612.66,3189.14,1727.54,790.66,529.22,0.9465053554,0.7200440408,0.9265555712,0.7144051714,0.9266198648