graph,batch_deletions_fraction,batch_insertions_fraction,batch_fraction,lousta-t,raksta-t,loufro-t,rakfro-t,hybfro-t,lousta-m,raksta-m,loufro-m,rakfro-m,hybfro-m
kmer_V1r,0.00000005,0.00000005,0.0000001,21843.82,2567.52,1089.9,110.82,101.2,0.9466814546,0.7127510432,0.948055482,0.71275121,0.9480554818
kmer_V1r,0.0000005,0.0000005,0.000001,21578.1,2119.44,1270.4,165.46,92.4,0.9466060458,0.7127517258,0.9480550722,0.712751089,0.9480550708
kmer_V1r,0.000005,0.000005,0.00001,23922.96,2416.26,1147.02,151.2,88.42,0.9464303484,0.712749223,0.9480510466,0.7127501718,0.9480510372
kmer_V1r,0.00005,0.00005,0.0001,24359.14,2643.78,1175.38,145.96,99.26,0.946668462,0.712745843,0.9480108264,0.712740829,0.9480107194
kmer_V1r,0.0005,0.0005,0.001,24656.26,2698.28,1236,310.76,157.36,0.945643133,0.7126993026,0.947608806,0.712646636,0.9476076972
kmer_V1r,0.005,0.005,0.01,23273.2,2922.58,1587.88,647.54,898.88,0.9436961892,0.7122457034,0.943587614,0.7117031898,0.943576361
kmer_V1r,0.05,0.05,0.1,29778.06,4088.36,2369.52,1996.26,2083.64,0.9237222462,0.7066005218,0.9037018644,0.701470263,0.9036320252