graph,order,size,batch_deletions_size,batch_insertions_size,batch_size,batch_fraction,seqstal-t,seqstar-t,seqstars-t,ompstal-t,ompstar-t,ompstars-t,ompfrol-t,ompfror-t,ompfrors-t,ompfrolr-t,ompfrolrs-t,seqstal-m,seqstar-m,seqstars-m,ompstal-m,ompstar-m,ompstars-m,ompfrol-m,ompfror-m,ompfrors-m,ompfrolr-m,ompfrolrs-m
kmer_V1r,214005017,465410904,46,46,46,0.0000001,782217.06,49086.25,26677.45,194796.17,5135.19,2921.92,938.67,80.27,79.38,92.01,72.92,0.9493244641,0.7472959185,0.7127620291,0.9491768468,0.7451138809,0.7085705208,0.9485263263,0.7456772408,0.7092234304,0.9491851951,0.9491851951
kmer_V1r,214005017,465410904,464,464,464,0.000001,805545.53,48978.02,26151.06,186653.94,4856.35,2597.63,945.69,83.3,85.16,83.45,65.52,0.9493176999,0.7472957157,0.7127618288,0.9491471804,0.7450505075,0.7082012266,0.9485259103,0.7456770383,0.709223192,0.9491847908,0.9491847915
kmer_V1r,214005017,465410904,4654,4654,4654,0.00001,791400.14,47969.42,26038.45,190301.24,4229.44,2372.33,937.9,77.72,82.19,76.98,60.28,0.9493103282,0.7472935596,0.712759949,0.9492504567,0.7444118718,0.7082787813,0.9485216415,0.7456750492,0.7092207515,0.9491806454,0.9491806469
kmer_V1r,214005017,465410904,46540,46540,46540,0.0001,800326.35,48547.48,26594.7,190610.67,4439.47,2104.05,978.37,80.77,81.55,73.03,72.9,0.9492713305,0.7472721407,0.7127409579,0.949097597,0.7451362261,0.7090590917,0.9484790294,0.7456555934,0.7091965511,0.94913932,0.9491393424
kmer_V1r,214005017,465410904,465400,465400,465400,0.001,810393.47,50259.61,26656.04,186985.13,3793.23,2431.66,1010.96,84.58,88.98,91.17,98.96,0.9490370339,0.74705989,0.712550185,0.9487610013,0.7437143348,0.7080097697,0.9480541365,0.7454618496,0.7089545605,0.9487267206,0.9487267319
kmer_V1r,214005017,465410904,4654000,4654000,4654000,0.01,877079.99,56666.62,32919.37,216944.67,4839.64,2732.97,1064.04,253.18,207.76,229.2,221.97,0.9465840459,0.7449549539,0.710676231,0.9464557847,0.7416720479,0.706148881,0.9438481614,0.7435537908,0.7065765304,0.9446438064,0.9446443104
kmer_V1r,214005017,465410904,46540000,46540000,46540000,0.1,1502053.43,100124.03,69495.66,275219.1,4136.3,3253.22,1654.88,914.42,726.55,556.29,521.37,0.9169699045,0.7260721675,0.6947964659,0.9167720211,0.7213627304,0.6891739774,0.9054854851,0.7268928622,0.6864276533,0.9075942436,0.907598059