graph,order,size,batch_deletions_size,batch_insertions_size,batch_size,batch_fraction,seqstal-t,seqstar-t,seqstars-t,ompstal-t,ompstar-t,ompstars-t,ompfrol-t,ompfror-t,ompfrors-t,ompfrolr-t,ompfrolrs-t,seqstal-m,seqstar-m,seqstars-m,ompstal-m,ompstar-m,ompstars-m,ompfrol-m,ompfror-m,ompfrors-m,ompfrolr-m,ompfrolrs-m
kmer_V1r,214005017,465410904,0,464,464,0.0000009969684767,780923.22,48090.46,26331.44,190268.1,4892.98,2817.18,992.32,106.26,108.18,94.26,80.22,0.9493016726,0.7472952712,0.712761465,0.9491541494,0.745854329,0.7085989694,0.948424555,0.744418038,0.709212221,0.9490617866,0.9490617862
kmer_V1r,214005017,465410904,0,4654,4654,0.000009999765712,804739.04,47854.54,26096.6,189332.08,4578,2364.58,973.64,91.8,97.24,90.26,81.86,0.9493303156,0.7472893118,0.7127563524,0.9491985922,0.7448557714,0.708921995,0.9484160146,0.7444114556,0.709206159,0.9490532428,0.9490532464
kmer_V1r,214005017,465410904,0,46540,46540,0.00009999765712,813425.92,50144.24,27107.72,195467.92,4870.66,2555.42,918.24,83.24,79.88,81.48,70.76,0.9492219034,0.7472299248,0.7127050864,0.9489648904,0.744755559,0.708711128,0.9483306802,0.744345768,0.7091452532,0.9489679576,0.948967978
kmer_V1r,214005017,465410904,0,465400,465400,0.0009999765712,804035.28,49299.32,26824.2,199886.74,4975.5,2652.44,950.24,110.1,130.64,110.4,96.94,0.948196618,0.746634174,0.7121932986,0.9480627678,0.7442952126,0.7082627382,0.9474803984,0.7436901758,0.7085373212,0.9481157126,0.9481159756
kmer_V1r,214005017,465410904,0,4654000,4654000,0.009999765712,878646.44,60504.72,37894.28,204750.4,4678.12,2812.66,1095.68,339.7,371.34,222.02,276.64,0.9381164976,0.7407299102,0.7071173762,0.938079126,0.7385099402,0.7025515416,0.939039038,0.7372006398,0.7025237496,0.9396765186,0.9396793528
kmer_V1r,214005017,465410904,0,46540000,46540000,0.09999765712,1313395.74,137975.72,98103.68,239048.14,6478.74,5414.62,2045.2,1538.34,1458.32,790.72,760.88,0.8520241982,0.686210056,0.6601252334,0.8515736846,0.6816285316,0.6529329696,0.8622427364,0.6781032576,0.647568771,0.8628753738,0.862899676