graph,order,size,batch_deletions_size,batch_insertions_size,batch_size,batch_fraction,ompstal-t,ompstar-t,ompstars-t,ompfrol-t,ompfror-t,ompfrors-t,ompfrolr-t,ompfrolrs-t,ompstal-m,ompstar-m,ompstars-m,ompfrol-m,ompfror-m,ompfrors-m,ompfrolr-m,ompfrolrs-m
kmer_A2a,170728175,360585172,18,18,36,0.0000001,146055.36,6110.02,3866.44,742.82,87.34,83.64,72.52,59.22,0.9742630914,0.7618372246,0.7224245462,0.9741852548,0.761315006,0.7218118698,0.974411735,0.9744117352
kmer_A2a,170728175,360585172,180,180,360,0.000001,134021.86,4804.96,3693.26,638.68,74.18,85.24,72.74,60.04,0.9743887406,0.7617783106,0.7223839364,0.9741848178,0.7613147768,0.7218116224,0.9744113034,0.9744113036
kmer_A2a,170728175,360585172,1802,1802,3604,0.00001,136306.64,4499.72,3163.74,677.1,62.18,60.28,57.62,57.9,0.974188998,0.761709597,0.7223568036,0.9741804472,0.7613127716,0.7218091638,0.9744069888,0.9744069908
kmer_A2a,170728175,360585172,18030,18030,36060,0.0001,140685.12,4746.56,2816.36,703.46,74.72,74.84,62.58,65.18,0.9743299598,0.7616017982,0.7223107926,0.974136762,0.7612933358,0.7217840226,0.974363803,0.9743638068
kmer_A2a,170728175,360585172,180300,180300,360600,0.001,136692.64,5364.94,2597.04,677.92,105.78,107.14,73.82,80,0.9740985074,0.7612186682,0.7221874862,0.9736995078,0.7610962478,0.721535319,0.973932334,0.973932411
kmer_A2a,170728175,360585172,1803000,1803000,3606000,0.01,122926.46,4955.4,3286.86,720.1,247.7,269.14,192.84,159.68,0.9713855574,0.759039434,0.7195978488,0.9693122678,0.7591366324,0.7190722124,0.969624843,0.9696260582
kmer_A2a,170728175,360585172,18030000,18030000,36060000,0.1,197729.62,4747.2,3909,1220.06,1524.88,1348.9,1124.62,1103,0.9497291064,0.7379344314,0.701359838,0.9243444792,0.7401585502,0.6968737728,0.9274636386,0.9274715416