graph,batch_deletions_fraction,batch_insertions_fraction,batch_fraction,lousta-t,raksta-t,loufro-t,rakfro-t,hybfro-t,lousta-m,raksta-m,loufro-m,rakfro-m,hybfro-m
kmer_A2a,0.00000005,0.00000005,0.0000001,20345.45,2454.7,637.8,90,59.05,0.972486425,0.7254281385,0.970043348,0.7254340105,0.9700433475
kmer_A2a,0.0000005,0.0000005,0.000001,19684.6,3315.3,541.65,73.9,64.95,0.973022087,0.7254330675,0.97004292,0.7254339195,0.97004292
kmer_A2a,0.000005,0.000005,0.00001,19796.25,3024,557.3,65.55,64.3,0.973132658,0.725425988,0.970038617,0.725433079,0.9700386205
kmer_A2a,0.00005,0.00005,0.0001,20194.55,2692.25,465.6,68.4,69.55,0.973321375,0.725421227,0.9699964055,0.7254237525,0.9699963825
kmer_A2a,0.0005,0.0005,0.001,20093.6,3381.5,602.5,158.2,125.3,0.9727150045,0.725394917,0.96957164,0.725332252,0.969571665
kmer_A2a,0.005,0.005,0.01,19065.9,3289.55,1800.6,243.75,371.45,0.970022325,0.72501797,0.9653412365,0.724408079,0.965325656
kmer_A2a,0.05,0.05,0.1,23648.6,3517.8,2169.7,830.6,1353.95,0.946508805,0.7200467495,0.9235015385,0.7144052025,0.9233082675