graph,order,size,batch_deletions_size,batch_insertions_size,batch_size,batch_fraction,seqstal-t,seqstar-t,seqstars-t,ompstal-t,ompstar-t,ompstars-t,ompfrol-t,ompfror-t,ompfrors-t,ompfrolr-t,ompfrolrs-t,seqstal-m,seqstar-m,seqstars-m,ompstal-m,ompstar-m,ompstars-m,ompfrol-m,ompfror-m,ompfrors-m,ompfrolr-m,ompfrolrs-m
kmer_A2a,170728175,360585172,0,360,360,0.0000009983771601,657454.7,52537.54,31307.44,155684.08,5077.88,3521.84,830.94,80.82,82.6,70.4,70.58,0.9744464406,0.761846517,0.7255516646,0.9743634716,0.7615375734,0.7219253166,0.9738501416,0.7617230146,0.7223258516,0.9741615096,0.9741615092
kmer_A2a,170728175,360585172,0,3604,3604,0.000009994864681,653087.44,48978.06,29794.22,155963.36,5789.08,4077.8,843.08,81.3,81.54,60.4,51.8,0.9744408378,0.761840546,0.7255465618,0.9742741128,0.7614437114,0.7218428326,0.973841382,0.7617163568,0.7223196728,0.9741527428,0.974152742
kmer_A2a,170728175,360585172,0,36060,36060,0.0001000041122,648763.08,47116.4,29625.82,155662.06,6731.68,4653.06,874.26,72.32,74.42,68.54,54.98,0.9743427176,0.7617808274,0.7254959924,0.9742198974,0.7613226608,0.7217012256,0.9737537216,0.7616495824,0.72225768,0.9740651342,0.9740651074
kmer_A2a,170728175,360585172,0,360600,360600,0.001000041122,650253.14,46871.32,30725.74,157341.28,7098.78,4222.94,835.2,90.82,80.4,64.8,71.82,0.9733401854,0.7611837386,0.7249885972,0.9731345968,0.7608352054,0.7212365314,0.9728782746,0.760982898,0.7216398306,0.9731900514,0.9731898046
kmer_A2a,170728175,360585172,0,3606000,3606000,0.01000041122,728409.44,54799.18,35474.22,171277.86,6163.02,4589.42,914.02,205.98,243.38,121.18,125.76,0.9635374634,0.755260903,0.7199637464,0.9634251036,0.7549270872,0.7158187836,0.964209238,0.7543790834,0.7155186956,0.9645245892,0.9645220958
kmer_A2a,170728175,360585172,0,36060000,36060000,0.1000041122,1074882.98,112383.08,80059.78,221881.06,6791.46,5634.92,1624.88,1119.5,1096.78,554.62,598.76,0.8775001146,0.7004315296,0.6732970804,0.8773180568,0.6978431504,0.6669620284,0.8853400366,0.694255423,0.659752917,0.8856676652,0.8856470526