graph,batch_deletions_fraction,batch_insertions_fraction,batch_fraction,lousta-t,raksta-t,loufro-t,rakfro-t,hybfro-t,lousta-m,raksta-m,loufro-m,rakfro-m,hybfro-m
kmer_V1r,0.00000005,0.00000005,0.0000001,21722.62,2339.74,122.18,48.32,49.16,0.9468898594,0.7127509582,0.9479693248,0.7127518306,0.9479693248
kmer_V1r,0.0000005,0.0000005,0.000001,20807.92,2018.08,123.86,48.28,49.16,0.945956945,0.7127508922,0.9479689132,0.7127517508,0.9479689134
kmer_V1r,0.000005,0.000005,0.00001,21474.82,2476.42,128.68,55.7,56.84,0.9465724088,0.7127509912,0.9479648216,0.7127508406,0.9479648248
kmer_V1r,0.00005,0.00005,0.0001,20973.44,2194.74,135.9,60.5,62.78,0.9465801954,0.7127460234,0.947924544,0.71274141,0.9479245992
kmer_V1r,0.0005,0.0005,0.001,20665.96,2210.14,203.58,74.34,70.86,0.9463467934,0.7127015846,0.9475209584,0.7126477398,0.9475214746
kmer_V1r,0.005,0.005,0.01,22050.26,2226.18,618.48,245.54,167.5,0.9437750032,0.712246507,0.943484076,0.7117041214,0.943490159
kmer_V1r,0.05,0.05,0.1,25811.78,2600.44,2224.76,970.34,724.7,0.9236298642,0.7066231864,0.9034446382,0.7015040438,0.9035683378