graph,batch_deletions_fraction,batch_insertions_fraction,batch_fraction,lousta-t,raksta-t,loufro-t,rakfro-t,hybfro-t,lousta-m,raksta-m,loufro-m,rakfro-m,hybfro-m
sk-2005,0.00000005,0.00000005,0.0000001,7670.46,3553.76,47.22,25.84,19.98,0.9755350114,0.9263235652,0.9752807384,0.9262380404,0.9752695294
sk-2005,0.0000005,0.0000005,0.000001,7422,3609.26,101.88,77.04,107.94,0.9755964598,0.9244988074,0.9752831142,0.926238148,0.9752831402
sk-2005,0.000005,0.000005,0.00001,6826.78,3282.66,168.88,143.82,140.38,0.9761215574,0.926307668,0.9753526244,0.926272069,0.9752952686
sk-2005,0.00005,0.00005,0.0001,6829.16,3290.2,301.66,240.58,246.24,0.9759663518,0.9251418398,0.9753843844,0.9264151822,0.9753658174
sk-2005,0.0005,0.0005,0.001,6621.14,3200.5,494,323.56,323.56,0.9739655038,0.9257108694,0.9749635068,0.9265690454,0.9749644572
sk-2005,0.005,0.005,0.01,7490.76,3450.56,1256.9,715.42,642.68,0.970442764,0.9216064844,0.9707142564,0.9233331218,0.9707362508
sk-2005,0.05,0.05,0.1,17716.4,6080.78,8195.98,2468.58,2143.64,0.929218259,0.8512884438,0.9295594176,0.8864003038,0.9298864872