graph,order,size,batch_deletions_size,batch_insertions_size,batch_size,batch_fraction,seqstal-t,seqstar-t,seqstars-t,ompstal-t,ompstar-t,ompstars-t,ompfrol-t,ompfror-t,ompfrors-t,ompfrolr-t,ompfrolrs-t,seqstal-m,seqstar-m,seqstars-m,ompstal-m,ompstar-m,ompstars-m,ompfrol-m,ompfror-m,ompfrors-m,ompfrolr-m,ompfrolrs-m
sk-2005,50636154,3801606919,0,3800,3800,0.0000009995773053,87505.2,45191.22,43989.66,19791.72,1775.74,1867.56,478.76,68.94,46.1,24.18,13.92,0.9767782688,0.917864513,0.9380328748,0.9773360848,0.9215713142,0.9374627538,0.9713080364,0.9245239348,0.9383859676,0.9769582844,0.9769582864
sk-2005,50636154,3801606919,0,38020,38020,0.00001000103399,86834.16,46327.86,44907.2,19683.02,1730.64,2003.24,457.06,89.6,98.9,23.64,41.12,0.9767828248,0.9178558956,0.9380247552,0.9772493422,0.9235871128,0.938777531,0.9712993198,0.924667238,0.9384446516,0.9769496706,0.9769505982
sk-2005,50636154,3801606919,0,380200,380200,0.0001000103399,88308.28,46858.24,45260.26,19622.4,1821.62,1797,519.74,142,148.94,85.26,85.26,0.9767027468,0.9178000446,0.9379357768,0.9771984248,0.923870338,0.9374169404,0.9712114482,0.9247305968,0.9385728802,0.9768828996,0.9768807376
sk-2005,50636154,3801606919,0,3802000,3802000,0.001000103399,95395.7,52564.1,51965.6,17148.32,1855.36,1897.74,749.5,273.3,273.66,259.38,232.04,0.9757695774,0.9169181916,0.9371743488,0.9763361776,0.9203090974,0.9378580586,0.9704900306,0.9241705294,0.9381580776,0.976016899,0.9760231218
sk-2005,50636154,3801606919,0,38020000,38020000,0.01000103399,137663.4,91205.02,89645.06,20950.5,2835,3082.88,1523.66,699.04,662.38,688.02,673.4,0.9665489674,0.906290681,0.9207190788,0.9668593764,0.9039931628,0.9275022112,0.962266554,0.9164123212,0.9303597244,0.9673703372,0.9673902478
sk-2005,50636154,3801606919,0,380200000,380200000,0.1000103399,281075.92,161624.06,158010.24,33944.92,7076.34,7261.66,2654.66,4346.16,4106.34,4109.88,4069.02,0.8883295298,0.393003054,0.156297643,0.8877672452,0.5319400716,0.6892779266,0.8837150978,0.8415686334,0.8554778386,0.8885879984,0.8887961124