graph,order,size,batch_deletions_size,batch_insertions_size,batch_size,batch_fraction,seqstal-t,seqstar-t,seqstars-t,ompstal-t,ompstar-t,ompstars-t,ompfrol-t,ompfror-t,ompfrors-t,ompfrolr-t,ompfrolrs-t,seqstal-m,seqstar-m,seqstars-m,ompstal-m,ompstar-m,ompstars-m,ompfrol-m,ompfror-m,ompfrors-m,ompfrolr-m,ompfrolrs-m
sk-2005,50636154,3801606919,380,380,380,0.0000001,87582.46,45555.87,45467.42,19566.96,2204.22,2118.77,513.42,34.65,38.95,25.06,21.45,0.9771425092,0.9178936196,0.9385213364,0.9773004424,0.9237261128,0.9386541161,0.9732135113,0.9232496821,0.938393377,0.9776767743,0.9776754757
sk-2005,50636154,3801606919,3800,3800,3800,0.000001,91534.35,45661.67,43983.08,24498.47,1749.89,1840.98,477.03,81.99,69.75,42.33,37.87,0.9770114868,0.9174641982,0.9378739808,0.9772195059,0.9209281867,0.9382056057,0.9731558444,0.9233511004,0.938476886,0.9775783713,0.9775827378
sk-2005,50636154,3801606919,38020,38020,38020,0.00001,94737.07,45055.48,44044.66,25087.35,1771.12,1917.72,551.36,121.88,137.58,123.94,104.72,0.9766245414,0.9177935911,0.9378273793,0.9767474306,0.9226973197,0.9386037347,0.972797023,0.9230301503,0.9380602408,0.9772308516,0.9772373552
sk-2005,50636154,3801606919,380200,380200,380200,0.0001,95582.7,45700.7,44625.14,25555.12,1743.5,1804.26,650.3,172.82,190.71,193.67,187.86,0.976499204,0.9170669708,0.937368051,0.9767256593,0.9219104214,0.9379224762,0.9725729749,0.9229232494,0.9376588325,0.9770691991,0.9770704231
sk-2005,50636154,3801606919,3802000,3802000,3802000,0.001,111496.81,50369.87,49067.42,23140.78,1849.53,1837.02,774.68,249.41,310.23,277.33,257.91,0.9756971433,0.91637126,0.9364698334,0.9752374199,0.9191822183,0.9369253052,0.9722263718,0.9227539904,0.937382413,0.9766640033,0.9766520695
sk-2005,50636154,3801606919,38020000,38020000,38020000,0.01,178359.34,76363.74,75261.27,31007.25,2296.28,2427.81,1253.94,582.21,616.39,596.88,577.92,0.9686739986,0.9069154076,0.926576848,0.9610433446,0.9078066808,0.92928575,0.9679163295,0.9182541457,0.9338517632,0.9719591793,0.9718872459
sk-2005,50636154,3801606919,380200000,380200000,380200000,0.1,244576.3,123200.93,118596.23,37201.49,4862.78,5706.8,1810.65,2386.2,2399.94,2223.66,2186.69,0.9320049051,0.6543241904,0.5389039205,0.9315431409,0.7406096172,0.8324441485,0.9284181453,0.8819635728,0.8971471687,0.9330206497,0.9331218929