graph,batch_deletions_fraction,batch_insertions_fraction,batch_fraction,lousta-t,raksta-t,loufro-t,rakfro-t,hybfro-t,lousta-m,raksta-m,loufro-m,rakfro-m,hybfro-m
sk-2005,0.00000005,0.00000005,0.0000001,7548.66,3602.88,1002.72,30.46,28.12,0.9760836476,0.9252237076,0.9759757106,0.9264213852,0.9759757106
sk-2005,0.0000005,0.0000005,0.000001,7381.42,3607.96,1035.48,85.2,57.84,0.9761311182,0.9255861182,0.9759901318,0.9264221524,0.9759901268
sk-2005,0.000005,0.000005,0.00001,7247.14,3623.14,1035.52,181.46,175.16,0.9755144922,0.9251753188,0.9760597854,0.9264392984,0.9760548758
sk-2005,0.00005,0.00005,0.0001,7388.3,3566.88,1112.26,274.32,282.74,0.9758604928,0.9239594658,0.9760709274,0.9265921134,0.976066745
sk-2005,0.0005,0.0005,0.001,7562.7,3690.36,1382.32,499.14,494.64,0.974164133,0.9247712288,0.9756882762,0.9267898542,0.9756777764
sk-2005,0.005,0.005,0.01,9774.98,4551.56,2111.22,1507.42,1387.98,0.9702066822,0.9208175844,0.9714463166,0.9236523514,0.9714358714
sk-2005,0.05,0.05,0.1,18641.66,8722.8,4899.98,8541.62,7637.8,0.9295062814,0.8478854102,0.9300694738,0.8864756064,0.9301360422