graph,batch_deletions_fraction,batch_insertions_fraction,batch_fraction,lousta-t,raksta-t,loufro-t,rakfro-t,hybfro-t,lousta-m,raksta-m,loufro-m,rakfro-m,hybfro-m
sk-2005,0.00000005,0.00000005,0.0000001,7911.1,3673,185.2,28.55,33.45,0.975625639,0.925936332,0.973864047,0.926319302,0.973864047
sk-2005,0.0000005,0.0000005,0.000001,8410.75,3988.65,253.85,70.6,90.65,0.9754868145,0.9258386525,0.9738636105,0.9263014205,0.973863611
sk-2005,0.000005,0.000005,0.00001,7920.3,4099.1,324.4,168.1,170.85,0.9761595705,0.926407585,0.973907153,0.92632851,0.973906634
sk-2005,0.00005,0.00005,0.0001,7644,3495.8,445.55,217.7,227.7,0.9759891195,0.926318302,0.973929486,0.926650536,0.9739278345
sk-2005,0.0005,0.0005,0.001,7036.15,3141.95,668.05,346.45,331.9,0.975044248,0.9257989405,0.9735197595,0.9268591135,0.9735207445
sk-2005,0.005,0.005,0.01,8008.8,3584.65,1605.05,725,685.35,0.9707445945,0.920659035,0.969292992,0.9237140015,0.9692907255
sk-2005,0.05,0.05,0.1,16354.9,6518.2,2903.35,2564.75,2340.2,0.9298974,0.83615532,0.928206168,0.88679786,0.928520515