graph,order,size,batch_deletions_size,batch_insertions_size,batch_size,batch_fraction,seqstal-t,seqstar-t,seqstars-t,ompstal-t,ompstar-t,ompstars-t,ompfrol-t,ompfror-t,ompfrors-t,ompfrolr-t,ompfrolrs-t,seqstal-m,seqstar-m,seqstars-m,ompstal-m,ompstar-m,ompstars-m,ompfrol-m,ompfror-m,ompfrors-m,ompfrolr-m,ompfrolrs-m
uk-2002,18520486,566785284,0,4,4,0.000000007057346252,19499.38,8888.86,8432.18,5262,530.6,522.96,171.66,9.92,12.42,4.7,6.22,0.99043118,0.952402955,0.9550599174,0.9901512722,0.952514377,0.9537482214,0.9894350718,0.952007612,0.954048442,0.990272628,0.990272628
uk-2002,18520486,566785284,0,56,56,0.00000009880284753,19382.46,8822.12,8462.7,5148.42,474.38,465.68,128.62,8,6.2,6.16,4.34,0.9904310974,0.952402892,0.9550598094,0.9901585204,0.9521972806,0.953830381,0.9894349808,0.9520075276,0.9540483574,0.9902725366,0.9902725362
uk-2002,18520486,566785284,0,566,566,0.0000009986144947,19432.6,8863.56,8403.62,5230.52,447.2,428.56,126.38,8.82,7.62,5.04,5.6,0.990430205,0.952402014,0.955059003,0.990089431,0.9522257684,0.9539296378,0.9894340912,0.9520068464,0.9540475268,0.9902716476,0.9902716502
uk-2002,18520486,566785284,0,5666,5666,0.000009996730967,19480.24,8991.18,8524.04,5254.86,386.04,379.98,106.48,6.92,7.46,5.24,5.74,0.9904205266,0.9523941158,0.9550502402,0.990113758,0.9520863478,0.953813514,0.9894252478,0.951999732,0.9540412548,0.9902628234,0.9902628212
uk-2002,18520486,566785284,0,56680,56680,0.0001000025964,18969.64,8912.88,8516.44,4759.94,360,361.64,111.14,6.86,8.54,7.98,6.86,0.9903311048,0.9523023458,0.9549738818,0.990016993,0.9519780648,0.953762954,0.9893363486,0.951943112,0.953981913,0.990177035,0.9901766418
uk-2002,18520486,566785284,0,566800,566800,0.001000025964,20395.56,9806.3,9393.96,4516.7,368.12,373.46,131.4,19.72,30.98,18.5,25.18,0.9894414444,0.951437258,0.954156194,0.9890509194,0.9510610302,0.9528661786,0.9884487402,0.9512844128,0.9533738536,0.9893097576,0.9893093628
uk-2002,18520486,566785284,0,5668000,5668000,0.01000025964,30857.9,16481.64,15902.58,5218.14,470.76,440.84,205.22,91.52,91.32,77.5,77.9,0.9805714312,0.9430802776,0.9456666868,0.9800339392,0.942841562,0.9447542538,0.9796608618,0.9435684802,0.9458220022,0.9805404978,0.9805484094
uk-2002,18520486,566785284,0,56680000,56680000,0.1000025964,75518.62,50878.12,37560.46,8045.56,2612.98,2506.96,490.56,1285.32,956.38,668.44,667.5,0.9011175334,0.8682857684,0.8677367026,0.9000661192,0.8683387624,0.868923406,0.8996285576,0.868534811,0.870634088,0.900447321,0.9004912766