graph,order,size,batch_deletions_size,batch_insertions_size,batch_size,batch_fraction,seqstal-t,seqstar-t,seqstars-t,ompstal-t,ompstar-t,ompstars-t,ompfrol-t,ompfror-t,ompfrors-t,ompfrolr-t,ompfrolrs-t,seqstal-m,seqstar-m,seqstars-m,ompstal-m,ompstar-m,ompstars-m,ompfrol-m,ompfror-m,ompfrors-m,ompfrolr-m,ompfrolrs-m
uk-2005,39459925,1729332281,172,172,172,0.0000001,53650.43,25402.12,24446.87,12805.08,1634.99,1784.05,312.77,21.42,23.86,20.82,15.39,0.9821617419,0.9569614895,0.9567272385,0.9817970452,0.9570749275,0.9566165222,0.9806499891,0.9571230331,0.9565934825,0.9815768405,0.9815768428
uk-2005,39459925,1729332281,1728,1728,1728,0.000001,52772.4,25025.99,24414.33,13333.31,1473.59,1502.06,353.52,56.35,59.7,49.13,48.26,0.9825806267,0.9573247346,0.9570120772,0.9820535952,0.9573971261,0.9569781595,0.9810603045,0.9574938147,0.9569566657,0.9819926484,0.9819925726
uk-2005,39459925,1729332281,17290,17290,17290,0.00001,61396.62,25461,24605.03,17945.23,1428.51,1487.15,385.84,116.19,119.77,114.19,111.79,0.9820620021,0.9568970115,0.9565273105,0.9814892754,0.9570614711,0.9564630687,0.9805530335,0.9570888546,0.9565463644,0.9814707685,0.9814709162
uk-2005,39459925,1729332281,172900,172900,172900,0.0001,64864.83,25679.51,24484.92,18204.15,1435.07,1477.95,391.76,118.37,132.31,119.15,120.21,0.9820050221,0.9567198831,0.9563497731,0.980720033,0.956838097,0.9562417325,0.9805165758,0.9571734414,0.9566096799,0.9814290056,0.9814292553
uk-2005,39459925,1729332281,1729000,1729000,1729000,0.001,76935.72,27233.67,26791.12,18560.33,1539.82,1641.53,493.43,174.72,176.29,164.82,162.57,0.981239533,0.9548639715,0.9545845388,0.9790723732,0.9549147276,0.954434956,0.9798787003,0.9565273944,0.9560507559,0.9807505704,0.9807460591
uk-2005,39459925,1729332281,17290000,17290000,17290000,0.01,120525.13,41994.1,39501.14,23397.67,2121.2,2164.66,849.3,453.01,431.26,347.94,367.5,0.9755234245,0.9468943384,0.9472983892,0.9727421931,0.9470574126,0.9472209726,0.9751698542,0.9516682707,0.9516053496,0.9759315666,0.9759193547
uk-2005,39459925,1729332281,172900000,172900000,172900000,0.1,208492.19,92889.54,74422.29,35934.75,5330.14,4779.87,1412.41,2379.66,2508.83,1690.63,1762.73,0.9372063857,0.9130191415,0.9095557849,0.9354871402,0.910587194,0.9110335399,0.93599213,0.9156662553,0.9158016373,0.9368002747,0.9370044601