graph,order,size,batch_deletions_size,batch_insertions_size,batch_size,batch_fraction,seqstal-t,seqstar-t,seqstars-t,ompstal-t,ompstar-t,ompstars-t,ompfrol-t,ompfror-t,ompfrors-t,ompfrolr-t,ompfrolrs-t,seqstal-m,seqstar-m,seqstars-m,ompstal-m,ompstar-m,ompstars-m,ompfrol-m,ompfror-m,ompfrors-m,ompfrolr-m,ompfrolrs-m
uk-2002,18520486,566785284,56,56,56,0.0000001,19323.84,8814.59,8430.61,5139.66,475.78,462.96,127.79,7.84,7.94,5.54,4.53,0.9904311775,0.9524028021,0.9550595599,0.9901139964,0.9523022197,0.9539045767,0.989281832,0.9520484512,0.9541401325,0.9901672477,0.9901672445
uk-2002,18520486,566785284,566,566,566,0.000001,19465.52,8812.56,8436.85,5258.85,440.09,412.89,120.61,8.33,7.67,5.02,5.88,0.9904309183,0.9524063127,0.955069878,0.9900725013,0.9523213405,0.953918553,0.9892818037,0.9520544849,0.9541562722,0.9901672355,0.9901672365
uk-2002,18520486,566785284,5666,5666,5666,0.00001,21341.44,8960.53,8455.54,6514.4,392.09,386.22,108.25,7.85,8.13,5.48,6.19,0.9904410911,0.9524424487,0.9550314109,0.9900048739,0.9521550553,0.9537707366,0.9892923795,0.9521201935,0.9541819992,0.9901728251,0.9901721747
uk-2002,18520486,566785284,56680,56680,56680,0.0001,22899.41,8907.78,8462.14,7434.09,400.59,395.94,126.2,8.72,9.43,9.26,8.79,0.990388798,0.9522893037,0.9546939959,0.9892949975,0.9520873538,0.9534668349,0.9892582428,0.9522309303,0.9542112307,0.9901418129,0.9901414517
uk-2002,18520486,566785284,566800,566800,566800,0.001,27264.01,9397.48,9022.21,7522.52,383.87,394.62,144.65,23.76,29.09,23.27,27.59,0.9898460565,0.9506036623,0.9529661017,0.9885446184,0.9503077805,0.9516307233,0.9887771291,0.9514841815,0.9535274743,0.98964604,0.9896425033
uk-2002,18520486,566785284,5668000,5668000,5668000,0.01,47528.35,13897.96,13338.41,9263.37,427.2,424.35,210.18,81.01,82.12,72.72,73.03,0.9844903252,0.943629655,0.9467387557,0.9825598626,0.9434194898,0.9456341374,0.9844251637,0.9476178305,0.949876816,0.9852246221,0.9852085565
uk-2002,18520486,566785284,56680000,56680000,56680000,0.1,85517.85,34638.51,27667.85,13191.27,1541.64,1484.34,388.11,710.89,547.34,402.52,403.74,0.9438107562,0.9067917133,0.9078273843,0.9420747796,0.9068502617,0.9078760148,0.9443382005,0.9117042681,0.9140998129,0.945180496,0.9451797426