graph,order,size,batch_deletions_size,batch_insertions_size,batch_size,batch_fraction,seqstal-t,seqstar-t,seqstars-t,ompstal-t,ompstar-t,ompstars-t,ompfrol-t,ompfror-t,ompfrors-t,ompfrolr-t,ompfrolrs-t,seqstal-m,seqstar-m,seqstars-m,ompstal-m,ompstar-m,ompstars-m,ompfrol-m,ompfror-m,ompfrors-m,ompfrolr-m,ompfrolrs-m
uk-2002,18520486,566785284,0,566,566,0.0000009986144947,19189.92,8717,8521.08,5200.98,623.88,598.76,177.28,10.38,8.8,7.62,8.48,0.9904302722,0.9524020764,0.9550590502,0.9901580784,0.9521799412,0.9537220994,0.989045296,0.9519118032,0.9540263428,0.9900666424,0.990066645
uk-2002,18520486,566785284,0,5666,5666,0.000009996730967,19396.38,8773.14,8441.3,5130.36,405.34,411.76,120.62,6.84,7.48,6.44,4.36,0.990421565,0.95239363,0.955050859,0.9901501606,0.9520825482,0.9538940116,0.989036408,0.9519040948,0.954019399,0.9900577868,0.9900578086
uk-2002,18520486,566785284,0,56680,56680,0.0001000025964,19292.76,8915.26,8615.68,4913.46,385.66,377.96,112.52,5.96,9.1,7.2,7.66,0.9903296806,0.952308156,0.9549874744,0.989926401,0.9520689784,0.9538946162,0.9889475744,0.951844965,0.9539718638,0.9899747608,0.9899741094
uk-2002,18520486,566785284,0,566800,566800,0.001000025964,20759.08,9710.78,9515.46,4634.36,364.18,363.86,136.54,21.28,21.58,19.76,19.8,0.9894439288,0.9514526138,0.9541776652,0.9892714342,0.9512044986,0.9529438586,0.9880570376,0.9511970242,0.953338931,0.989101239,0.9891034956
uk-2002,18520486,566785284,0,5668000,5668000,0.01000025964,30344.92,16144.92,15714.12,5336.8,573.16,558.08,262.06,115.94,117.34,92.28,93.66,0.9805714202,0.9431148594,0.9457004628,0.9799408258,0.9428563804,0.9446710944,0.9793265814,0.9434866614,0.9458063982,0.9803373414,0.9803446284
uk-2002,18520486,566785284,0,56680000,56680000,0.1000025964,77587.48,50810.7,37414.1,9411.5,2373.64,2181.42,548.16,1137.74,1135.5,689.3,685.28,0.9011316006,0.8683739502,0.8677486208,0.900127459,0.8682430094,0.869108998,0.8994151182,0.8685186182,0.8706520612,0.9002823536,0.9003206328