graph,order,size,batch_deletions_size,batch_insertions_size,batch_size,batch_fraction,ompstal-t,ompstar-t,ompstars-t,ompfrol-t,ompfror-t,ompfrors-t,ompfrolr-t,ompfrolrs-t,ompstal-m,ompstar-m,ompstars-m,ompfrol-m,ompfror-m,ompfrors-m,ompfrolr-m,ompfrolrs-m
uk-2005,39459925,1729332281,86,86,172,0.0000001,13314.68,1842.3,1803.38,361.12,23.08,22.6,20.26,17.38,0.9819401868,0.9571155408,0.9566361952,0.9811429098,0.9571385102,0.956733704,0.9822550986,0.9822550986
uk-2005,39459925,1729332281,864,864,1728,0.000001,13002.46,1330.64,1317.88,284.06,48.52,48.16,45.36,48.44,0.9824573894,0.9575004002,0.9570604984,0.9815453018,0.9574931198,0.957082803,0.9826622034,0.9826621908
uk-2005,39459925,1729332281,8646,8646,17292,0.00001,18019.88,1389.38,1507.02,460.9,204.54,205.48,206,202.38,0.9815581614,0.9571823752,0.9566294182,0.9811149594,0.9571795412,0.9567498116,0.9821819738,0.9821820008
uk-2005,39459925,1729332281,86470,86470,172940,0.0001,23861.44,1698,1671.08,574.12,260.66,259.38,233.44,232.26,0.9810430384,0.956851171,0.9561748902,0.9809410978,0.9571755594,0.9566794826,0.9820128512,0.9820127134
uk-2005,39459925,1729332281,864700,864700,1729400,0.001,23783.04,1527.84,1618.7,583.26,340.18,347.5,292.44,268.34,0.9771421664,0.9546067432,0.9541569234,0.9801876698,0.9565798942,0.956106183,0.9812315132,0.9812287978
uk-2005,39459925,1729332281,8647000,8647000,17294000,0.01,28150.18,2008.94,2171.56,781.08,752.48,753.58,667.22,649.82,0.9619918788,0.943303662,0.9439565732,0.9744982836,0.9492655386,0.9492663952,0.9746519766,0.9746570128
uk-2005,39459925,1729332281,86470000,86470000,172940000,0.1,38129.72,4884.46,5441.8,1837.68,5707.46,5277.8,4280.52,4185.16,0.8826235486,0.8977725432,0.8980048456,0.9270621384,0.9024504544,0.903438021,0.9235679186,0.9240192934