graph,order,size,batch_deletions_size,batch_insertions_size,batch_size,batch_fraction,seqstal-t,seqstar-t,seqstars-t,ompstal-t,ompstar-t,ompstars-t,ompfrol-t,ompfror-t,ompfrors-t,ompfrolr-t,ompfrolrs-t,seqstal-m,seqstar-m,seqstars-m,ompstal-m,ompstar-m,ompstars-m,ompfrol-m,ompfror-m,ompfrors-m,ompfrolr-m,ompfrolrs-m
uk-2005,39459925,1729332281,0,1728,1728,0.000000999229598,52865.44,25414.68,25191.8,11760.22,1514.46,1432.6,316.18,18.98,22.68,15,11.62,0.9820597838,0.9568749602,0.9566406466,0.9817859486,0.9570212846,0.9565778704,0.9808745224,0.9570734056,0.9567152186,0.9817511212,0.9817511186
uk-2005,39459925,1729332281,0,17290,17290,0.000009998078559,54389.62,25585.9,24444.42,12595.9,1435.16,1434.48,254.16,16.2,23.78,15.56,15.34,0.9820499436,0.956866099,0.9566318744,0.9817090672,0.9569237308,0.956425415,0.9808657288,0.9570694172,0.9567123488,0.9817434362,0.9817436272
uk-2005,39459925,1729332281,0,172900,172900,0.00009998078559,54392.18,25427.42,24584.2,12830.04,1471.48,1446.1,248.02,20.04,29.56,20.68,27.7,0.981957948,0.9567858962,0.9565550922,0.9813895696,0.9568812126,0.9564461886,0.9807771178,0.957035735,0.9566636622,0.9816595286,0.9816594154
uk-2005,39459925,1729332281,0,1729000,1729000,0.0009998078559,60310.66,28441.54,27357.14,13070.34,1570.6,1621.6,336.32,67.36,74.36,70.26,68.46,0.9810969842,0.955932138,0.9557283154,0.9803105376,0.9560071856,0.955492251,0.979899349,0.9564458866,0.9561378414,0.9807895792,0.9807917356
uk-2005,39459925,1729332281,0,17290000,17290000,0.009998078559,88012.8,50077.12,47701.66,16747.36,2466.38,2920.78,910.14,605.26,574.38,379.74,363.3,0.9723659028,0.9475244776,0.947180359,0.9711085374,0.9476847352,0.9471837944,0.9712074738,0.948449956,0.948437062,0.9721075136,0.9721079718
uk-2005,39459925,1729332281,0,172900000,172900000,0.09998078559,224391.16,139455.18,100884.08,34007.88,8179.54,6984.74,1792.32,4486.92,4323.4,2578.58,2519.38,0.893980695,0.8714781258,0.8664580888,0.8933875986,0.868197873,0.8685119262,0.891948928,0.8718983106,0.8722550206,0.892925216,0.89293969