graph,batch_deletions_fraction,batch_insertions_fraction,batch_fraction,lousta-t,raksta-t,loufro-t,rakfro-t,hybfro-t,lousta-m,raksta-m,loufro-m,rakfro-m,hybfro-m
uk-2002,0.00000005,0.00000005,0.0000001,970.38,381.38,165.16,9.44,7.48,0.9904231198,0.948665775,0.990439806,0.948615463,0.990439806
uk-2002,0.0000005,0.0000005,0.000001,906.7,365.42,161.64,12.4,8.96,0.9904344246,0.9485006954,0.990439376,0.9486151044,0.9904393764
uk-2002,0.000005,0.000005,0.00001,898.02,368.14,151.94,13.12,7.56,0.9904216872,0.9486364904,0.990435191,0.9486130168,0.990436115
uk-2002,0.00005,0.00005,0.0001,950.26,383.46,157.82,16.32,14.18,0.9903520104,0.9483638956,0.9903934302,0.9486021696,0.990394439
uk-2002,0.0005,0.0005,0.001,1019.28,410.86,184.4,49.8,44.04,0.9899346088,0.9481212256,0.9899650978,0.9484107636,0.9899669974
uk-2002,0.005,0.005,0.01,1392.1,542.96,312.08,206.28,165.96,0.9855511536,0.9442728538,0.9856438182,0.9452375304,0.9856491172
uk-2002,0.05,0.05,0.1,3068.18,1323.06,645.8,1263.34,990.22,0.9449922214,0.907287062,0.9449654844,0.9102662708,0.9451857256