graph,order,size,batch_deletions_size,batch_insertions_size,batch_size,batch_fraction,seqstal-t,seqstar-t,seqstars-t,ompstal-t,ompstar-t,ompstars-t,ompfrol-t,ompfror-t,ompfrors-t,ompfrolr-t,ompfrolrs-t,seqstal-m,seqstar-m,seqstars-m,ompstal-m,ompstar-m,ompstars-m,ompfrol-m,ompfror-m,ompfrors-m,ompfrolr-m,ompfrolrs-m
webbase-2001,118142155,1889691191,188,188,188,0.0000001,143928.27,42625.91,40271.38,68965.66,2610.93,2476.55,707.19,47.68,45.62,36.07,33.39,0.9834740522,0.9303143473,0.9354517447,0.982973771,0.9310315553,0.9345580933,0.9806167395,0.9307353568,0.9346731023,0.9828461893,0.9828461896
webbase-2001,118142155,1889691191,1888,1888,1888,0.000001,144243.54,42517.99,40301.86,67716.27,2066.7,2065.07,635.97,49.73,49.65,36.23,36.25,0.983486608,0.9303283634,0.9354609919,0.9829155081,0.9309119479,0.9345232458,0.9806260582,0.9307496614,0.9346877694,0.9828568537,0.9828563363
webbase-2001,118142155,1889691191,18900,18900,18900,0.00001,147651.08,42158.67,40082.63,69840.75,2079.3,2050.79,636.39,54.42,68.8,43.33,39.85,0.9835175881,0.9303958182,0.9354954754,0.9828609795,0.9309271016,0.9345511357,0.9806614117,0.930834825,0.9347643533,0.9828954108,0.9828956347
webbase-2001,118142155,1889691191,189000,189000,189000,0.0001,153219.27,42007.88,40160.27,70731.33,1905.72,1988.04,671.37,92.84,113.2,68.31,62.84,0.9834591856,0.9302622198,0.9352188091,0.9819779076,0.9308302743,0.9343025053,0.9806329205,0.9308987733,0.9347793044,0.9828630007,0.9828630202
webbase-2001,118142155,1889691191,1890000,1890000,1890000,0.001,178112.47,44895.44,42102,67808.35,2073.72,2075.69,742.8,168.07,172.96,118.74,129.48,0.9828665789,0.9287164403,0.933353163,0.9813218466,0.9293740781,0.9323924829,0.9801088891,0.9302719093,0.9340322857,0.9823514538,0.982349808
webbase-2001,118142155,1889691191,18900000,18900000,18900000,0.01,278649.21,62593.79,59495.04,66097.4,2483.32,2337,1038.36,390.24,402.23,315.21,314.02,0.9778794222,0.9220439843,0.9269247334,0.975490534,0.9226128885,0.9259259783,0.9758603865,0.9266779557,0.9303449723,0.9780979885,0.9780964471
webbase-2001,118142155,1889691191,189000000,189000000,189000000,0.1,599431.86,170547.23,135026.44,98829.84,5962.24,6248.53,1968.53,3022.42,3246.01,2157.19,2121.51,0.9350375947,0.8825085424,0.8855077975,0.9342276843,0.8831146898,0.885937025,0.936540422,0.8932338921,0.8967814224,0.9387869641,0.9389166838