graph,order,size,batch_deletions_size,batch_insertions_size,batch_size,batch_fraction,seqstal-t,seqstar-t,seqstars-t,ompstal-t,ompstar-t,ompstars-t,ompfrol-t,ompfror-t,ompfrors-t,ompfrolr-t,ompfrolrs-t,seqstal-m,seqstar-m,seqstars-m,ompstal-m,ompstar-m,ompstars-m,ompfrol-m,ompfror-m,ompfrors-m,ompfrolr-m,ompfrolrs-m
webbase-2001,118142155,1889691191,0,1888,1888,0.0000009991050437,144215.66,42007.9,39208.72,66645.58,2023.8,1906.92,739.3,46.68,46,37.64,36.14,0.983472647,0.930311953,0.935450249,0.9826122572,0.9309999292,0.9345447008,0.9807542468,0.9310427526,0.9346286034,0.982571108,0.9825710936
webbase-2001,118142155,1889691191,0,18900,18900,0.00001000163418,143574.98,42050.16,39211.9,68857.3,2012.74,2005.16,653.42,51.68,49.42,32.42,29.26,0.983464706,0.9303015374,0.9354426446,0.9828478914,0.930913289,0.9345415278,0.9807456248,0.9310376276,0.9346219722,0.9825653072,0.9825678842
webbase-2001,118142155,1889691191,0,189000,189000,0.0001000163418,145237.16,41742.72,40250.76,71518.72,2069.56,2200.56,693.26,110.96,105.96,70.44,69.32,0.983382484,0.9302214622,0.9353611794,0.9828443044,0.9307964654,0.934447945,0.980658676,0.9309779342,0.9345661868,0.9824909968,0.9824908364
webbase-2001,118142155,1889691191,0,1890000,1890000,0.001000163418,129766.08,44894.08,42307.76,69810.28,2130.88,2238.5,769.5,201.78,199.9,140.9,142.04,0.9825571922,0.9294127198,0.9346046194,0.982129856,0.9301940892,0.9336426038,0.9798021786,0.930322404,0.9339178364,0.981685279,0.9816883888
webbase-2001,118142155,1889691191,0,18900000,18900000,0.01000163418,186040.18,73895.26,70471.18,52828.94,2540.64,2404.12,1209.28,478.48,492.96,421.04,444.3,0.9740391088,0.9214954696,0.9267255546,0.9734255386,0.9221895498,0.9258979224,0.9712129278,0.9230979176,0.9267383322,0.97333839,0.97336271
webbase-2001,118142155,1889691191,0,189000000,189000000,0.1000163418,493867.28,261213.82,191602.56,67418.4,10183.46,10043.7,3003.5,5594.8,5535.76,3615.44,3606.94,0.895184732,0.8508956238,0.8522490126,0.8947916492,0.8515353396,0.8544377798,0.892549822,0.853092365,0.8562845536,0.8953438902,0.8955413724