graph,order,size,batch_deletions_size,batch_insertions_size,batch_size,batch_fraction,seqsta-t,ompsta-t,ompnai-t,ompdel-t,ompfro-t,seqsta-m,ompsta-m,ompnai-m,ompdel-m,ompfro-m
arabic-2005,22744080,1209320581,0,12,12,0.000000009922927128,29523.4,6677.68,464.02,238.06,214.96,0.9898119126,0.9898632516,0.988237124,0.9882371732,0.9882371732
arabic-2005,22744080,1209320581,0,120,120,0.00000009922927128,29442.6,6342.42,458.02,298.88,195.38,0.9898118878,0.9898802618,0.9882370354,0.9882370754,0.9882370854
arabic-2005,22744080,1209320581,0,1208,1208,0.0000009989079976,29572.4,6037.3,444.78,389.82,200.58,0.9898109174,0.9898228822,0.9882361478,0.9882361776,0.9882361976
arabic-2005,22744080,1209320581,0,12090,12090,0.000009997349082,29639.3,6270.42,511,490.06,195.46,0.9898022376,0.9899180396,0.9882272768,0.9882272868,0.9882273262
arabic-2005,22744080,1209320581,0,120900,120900,0.00009997349082,30162.76,6477.64,549.86,543.18,208.42,0.9897131688,0.9898079692,0.9881385334,0.9881385334,0.988138583
arabic-2005,22744080,1209320581,0,1209000,1209000,0.0009997349082,32263.88,6459.78,563.04,546.62,281.54,0.9888116238,0.9888807672,0.9872611966,0.9872611966,0.9872612462
arabic-2005,22744080,1209320581,0,12090000,12090000,0.009997349082,47860.92,7056.96,559.06,586.42,468.7,0.9799169128,0.9789873654,0.978575107,0.9785751072,0.978575145
arabic-2005,22744080,1209320581,0,120900000,120900000,0.09997349082,106897.82,13011.48,958.22,1048.12,974.92,0.9008125596,0.9003685016,0.898454488,0.8984584166,0.8984586046