graph,order,size,batch_deletions_size,batch_insertions_size,batch_size,batch_fraction,ompsta-t,ompnai-t,ompdel-t,ompfro-t,ompsta-m,ompnai-m,ompdel-m,ompfro-m
arabic-2005,22744080,1209320581,60,60,120,0.0000001,6570.34,457.24,291.3,179.38,0.9898017878,0.988125963,0.9881259342,0.9881258676
arabic-2005,22744080,1209320581,604,604,1208,0.000001,6129.36,439.1,368.88,210.12,0.9898933646,0.9881637592,0.9881637528,0.9881636634
arabic-2005,22744080,1209320581,6046,6046,12092,0.00001,8728.1,424.72,501.56,192.82,0.9900306282,0.9883804678,0.9883804678,0.9883803722
arabic-2005,22744080,1209320581,60470,60470,120940,0.0001,12326.78,499.18,538.44,226,0.989664924,0.98812803,0.98812803,0.9881279316
arabic-2005,22744080,1209320581,604700,604700,1209400,0.001,12912.8,502.66,689.12,282.88,0.9886263132,0.987484435,0.987484435,0.9874843364
arabic-2005,22744080,1209320581,6047000,6047000,12094000,0.01,15841.24,589.28,1128.34,483.58,0.9721527588,0.9827682462,0.9827682462,0.982766201
arabic-2005,22744080,1209320581,60470000,60470000,120940000,0.1,18773.84,771.82,2695.16,1053.56,0.9223537782,0.9356814928,0.935682804,0.9356877648