graph,batch_deletions_fraction,batch_insertions_fraction,batch_fraction,lousta-t,lounai-t,loudel-t,loufro-t,lousta-m,lounai-m,loudel-m,loufro-m
arabic-2005,0,0.0000001,0.0000001,1856.5,568.06,127.1,67.02,0.989683093,0.9899312264,0.9898230504,0.989751524
arabic-2005,0,0.000001,0.000001,1783.14,570.96,219.04,65.64,0.9896473168,0.9899307598,0.9899083558,0.9897510542
arabic-2005,0,0.00001,0.00001,1790.34,559.44,310.94,71.62,0.9896749422,0.9899260756,0.9899245196,0.989751963
arabic-2005,0,0.0001,0.0001,1780.86,553.98,327.98,76.42,0.9895916028,0.9898794478,0.9898794176,0.9897365566
arabic-2005,0,0.001,0.001,1892.5,574.08,368.02,119.28,0.9891848316,0.98941296,0.9894129608,0.9892949694
arabic-2005,0,0.01,0.01,2445.16,667.04,728.68,346.74,0.9844066312,0.9847880826,0.9847878446,0.9847246142
arabic-2005,0,0.1,0.1,5537.66,818.26,2679.46,1933.48,0.94138801,0.9416524288,0.941644452,0.9416420432