graph,order,size,batch_deletions_size,batch_insertions_size,batch_size,batch_fraction,seqsta-t,ompsta-t,ompnai-t,ompdel-t,ompfro-t,seqsta-m,ompsta-m,ompnai-m,ompdel-m,ompfro-m
arabic-2005,22744080,1209320581,120,120,120,0.0000001,29899.8,6565.67,486.91,299.24,197.92,0.9898219661,0.9898892664,0.9884439932,0.9884440102,0.9884440032
arabic-2005,22744080,1209320581,1208,1208,1208,0.000001,30006.9,6488.01,446.89,360.58,180.93,0.9898361115,0.9898296363,0.9884787246,0.9884787395,0.9884787345
arabic-2005,22744080,1209320581,12090,12090,12090,0.00001,33409.77,8662.06,483.51,445.06,185.57,0.9898426058,0.9899520407,0.9885030191,0.9885030241,0.9885030287
arabic-2005,22744080,1209320581,120900,120900,120900,0.0001,34068.3,9546.19,490.66,481.58,208.38,0.9897101663,0.9897601823,0.9883855585,0.9883855585,0.9883855692
arabic-2005,22744080,1209320581,1209000,1209000,1209000,0.001,40370.67,9694.9,533.08,525.99,285.68,0.9890971654,0.9891468604,0.9878780529,0.9878780529,0.9878776393
arabic-2005,22744080,1209320581,12090000,12090000,12090000,0.01,67388.57,12252.55,532.42,528.03,418.84,0.9831654713,0.9818555034,0.9835322495,0.9835355897,0.9835317343
arabic-2005,22744080,1209320581,120900000,120900000,120900000,0.1,101928.25,17379.75,799.49,841.52,800.85,0.9446761379,0.9444416939,0.9435035304,0.9435054947,0.9435055887