graph,order,size,batch_deletions_size,batch_insertions_size,batch_size,batch_fraction,seqsta-t,ompsta-t,ompnai-t,ompdel-t,ompfro-t,seqsta-m,ompsta-m,ompnai-m,ompdel-m,ompfro-m
arabic-2005,2.27E+07,1.21E+09,0.00E+00,1.21E+03,1.21E+03,9.99E-07,29427.52,6539.6,534.72,452.9,229.32,0.9898111558,0.9898510832,0.9887655552,0.988765755,0.9887657382
arabic-2005,2.27E+07,1.21E+09,0.00E+00,1.21E+04,1.21E+04,1.00E-05,29939.02,6705.66,533.28,519.4,203,0.989801769,0.9898278592,0.9887566782,0.988756758,0.9887568612
arabic-2005,2.27E+07,1.21E+09,0.00E+00,1.21E+05,1.21E+05,1.00E-04,30119.22,6206.2,489.74,488.96,200.44,0.9897130738,0.9897445296,0.9886705762,0.9886705762,0.9886707592
arabic-2005,2.27E+07,1.21E+09,0.00E+00,1.21E+06,1.21E+06,1.00E-03,32466.6,5651.04,450.58,458.22,249.9,0.9888249394,0.9887695636,0.987793445,0.987793445,0.9877936284
arabic-2005,2.27E+07,1.21E+09,0.00E+00,1.21E+07,1.21E+07,1.00E-02,47421.34,7373.56,628.22,665.38,521.34,0.9798877386,0.978726665,0.9790222846,0.9790222846,0.979022278
arabic-2005,2.27E+07,1.21E+09,0.00E+00,1.21E+08,1.21E+08,1.00E-01,105002.86,14066.82,1002.36,1031.96,957.68,0.9008443218,0.9006007884,0.8990552676,0.8990549252,0.899047201