graph,batch_deletions_fraction,batch_insertions_fraction,batch_fraction,lousta-t,lounai-t,loudel-t,loufro-t,lousta-m,lounai-m,loudel-m,loufro-m
asia_osm,0.00000005,0.00000005,0.0000001,557.46,34.46,14.56,10.16,0.9987563906,0.9987635868,0.998758269,0.998758269
asia_osm,0.0000005,0.0000005,0.000001,503.38,31.32,32.46,8.88,0.9987551644,0.9987631194,0.9987631054,0.998757797
asia_osm,0.000005,0.000005,0.00001,518.98,29.44,34.86,10.8,0.9987518752,0.9987586158,0.9987586422,0.9987533124
asia_osm,0.00005,0.00005,0.0001,543.54,30.96,31.72,10.76,0.9986995488,0.9987142232,0.9987142064,0.9987084718
asia_osm,0.0005,0.0005,0.001,521.08,54.16,32.34,21.64,0.9982165534,0.9982686382,0.9982686012,0.998259735
asia_osm,0.005,0.005,0.01,544.92,40.14,46.88,38.16,0.9942348844,0.9938075436,0.9938075636,0.9937759792
asia_osm,0.05,0.05,0.1,775,116.94,145.02,135,0.9647954702,0.950331966,0.9503321576,0.9501875236