graph,batch_deletions_fraction,batch_insertions_fraction,batch_fraction,lousta-t,lounai-t,loudel-t,loufro-t,lousta-m,lounai-m,loudel-m,loufro-m
asia_osm,0.0000001,0,0.0000001,657.38,75.92,34.42,51.62,0.9987537688,0.9987643254,0.998757999,0.998757999
asia_osm,0.000001,0,0.000001,644.7,72.14,33.08,29.38,0.9987544752,0.9987644134,0.9987580138,0.998757999
asia_osm,0.00001,0,0.00001,590.28,82.86,35,33.2,0.9987553732,0.9987643984,0.9987586678,0.9987580038
asia_osm,0.0001,0,0.0001,585.38,75.52,54.7,31.26,0.9987604906,0.9987646334,0.9987624724,0.9987580118
asia_osm,0.001,0,0.001,623.24,85.86,59.94,31.5,0.9987813082,0.9987662766,0.9987662856,0.998758147
asia_osm,0.01,0,0.01,600.34,66.04,57.72,36.64,0.998790797,0.9987777526,0.9987777248,0.9987596392
asia_osm,0.1,0,0.1,620.22,83.48,98.16,76.48,0.9988575416,0.9988170198,0.9988171168,0.9987756814