graph,order,size,batch_deletions_size,batch_insertions_size,batch_size,batch_fraction,seqsta-t,ompsta-t,ompnai-t,ompdel-t,ompfro-t,seqsta-m,ompsta-m,ompnai-m,ompdel-m,ompfro-m
asia_osm,1.20E+07,2.54E+07,0.00E+00,2.40E+01,2.40E+01,9.44E-07,19740.06,7827.3,69.46,30.4,30.56,0.998767222,0.9987673788,0.998677125,0.9986776774,0.9986776774
asia_osm,1.20E+07,2.54E+07,0.00E+00,2.54E+02,2.54E+02,9.99E-06,18647.96,7691.46,53.26,30.72,25.48,0.9987557176,0.9987562742,0.9986680838,0.9986680184,0.9986686362
asia_osm,1.20E+07,2.54E+07,0.00E+00,2.54E+03,2.54E+03,1.00E-04,18671.46,7772.16,49.96,42.72,26.56,0.9986380256,0.9986384634,0.9985782838,0.9985780178,0.998578798
asia_osm,1.20E+07,2.54E+07,0.00E+00,2.54E+04,2.54E+04,1.00E-03,19386.22,7840.52,54.9,53.62,29,0.997511857,0.9975090196,0.9976802156,0.9976801742,0.9976807444
asia_osm,1.20E+07,2.54E+07,0.00E+00,2.54E+05,2.54E+05,1.00E-02,25488.46,7416.16,79,73.24,31.8,0.9871409458,0.9871258618,0.9887899538,0.9887900098,0.9887906604
asia_osm,1.20E+07,2.54E+07,0.00E+00,2.54E+06,2.54E+06,1.00E-01,50266.06,9965.64,109.96,94.84,64.36,0.899931893,0.8994458708,0.9078868866,0.9078869874,0.907887406