graph,order,size,batch_deletions_size,batch_insertions_size,batch_size,batch_fraction,ompsta-t,ompnai-t,ompdel-t,ompfro-t,ompsta-m,ompnai-m,ompdel-m,ompfro-m
asia_osm,11950757,25423206,0,0,0,0.0000001,7918.22,60.14,183.7,27.4,0.9987681222,0.998665783,0.998664723,0.998664723
asia_osm,11950757,25423206,12,12,24,0.000001,7883.96,58.56,118.8,24.56,0.9987686024,0.9986652544,0.998664251,0.998664251
asia_osm,11950757,25423206,126,126,252,0.00001,7500.56,50.12,40.5,25.68,0.9987627232,0.998660872,0.9986593464,0.9986597656
asia_osm,11950757,25423206,1270,1270,2540,0.0001,6046.34,49.56,46,24.62,0.9987131934,0.9986158874,0.9986158318,0.998614878
asia_osm,11950757,25423206,12710,12710,25420,0.001,5878.08,46.48,47.5,22.7,0.9982207288,0.9981660666,0.9981659658,0.9981652988
asia_osm,11950757,25423206,127100,127100,254200,0.01,5362.48,54.98,76.94,30.98,0.9942534884,0.9936568934,0.9936569148,0.99365679
asia_osm,11950757,25423206,1271000,1271000,2542000,0.1,6660.44,67.92,275.7,58.82,0.9666678912,0.9474973008,0.947497249,0.9475045104