graph,order,size,batch_deletions_size,batch_insertions_size,batch_size,batch_fraction,seqsta-t,ompsta-t,ompnai-t,ompdel-t,ompfro-t,seqsta-m,ompsta-m,ompnai-m,ompdel-m,ompfro-m
asia_osm,11950757,25423206,2,2,2,0.0000001,19406.6,8136.43,63.96,29.59,31.74,0.9987683834,0.9987678398,0.9986718451,0.9986688825,0.9986689195
asia_osm,11950757,25423206,24,24,24,0.000001,19096.75,8271.39,69.75,32.27,33.09,0.9987679715,0.9987674707,0.9986716372,0.9986685019,0.9986684869
asia_osm,11950757,25423206,254,254,254,0.00001,19153.42,7999.38,51.74,30.21,27.88,0.9987635294,0.9987629499,0.9986666551,0.9986640257,0.9986639689
asia_osm,11950757,25423206,2542,2542,2542,0.0001,18578.42,8331.94,52.16,45.26,28.55,0.9987106829,0.9987112318,0.998621725,0.9986215313,0.9986189858
asia_osm,11950757,25423206,25420,25420,25420,0.001,19194.6,7878.37,53.96,50.52,28.95,0.9982064885,0.9982064424,0.9981727107,0.9981726939,0.9981702163
asia_osm,11950757,25423206,254200,254200,254200,0.01,22489.87,7888.3,74.88,68.22,42.77,0.9932423662,0.9932304806,0.9937262786,0.9937262541,0.9937243583
asia_osm,11950757,25423206,2542000,2542000,2542000,0.1,38961.84,11374.79,92.82,81.94,59.49,0.9498968345,0.9496333825,0.9532738216,0.9532737567,0.9532727512