graph,order,size,batch_deletions_size,batch_insertions_size,batch_size,batch_fraction,seqsta-t,ompsta-t,ompnai-t,ompdel-t,ompfro-t,seqsta-m,ompsta-m,ompnai-m,ompdel-m,ompfro-m
asia_osm,11950757,25423206,0,0,0,0,19942.2,8407.26,70.7,28.02,28.4,0.998768495,0.998769277,0.998675736,0.998674103,0.998674103
asia_osm,11950757,25423206,0,2,2,0.0000000786682844,18988.88,8150.68,64.18,31.16,33.74,0.9987683834,0.9987681126,0.9986753852,0.99867395,0.998674024
asia_osm,11950757,25423206,0,24,24,0.0000009440194128,18965.18,8230.68,74.96,33.68,36.94,0.9987673446,0.9987667664,0.9986751442,0.9986731896,0.9986731596
asia_osm,11950757,25423206,0,254,254,0.000009990872119,18921.92,7957.26,50.98,31.3,27.62,0.9987563046,0.9987555354,0.9986651432,0.9986638364,0.9986641338
asia_osm,11950757,25423206,0,2542,2542,0.00009998738947,18256.62,8117.26,59.96,51.44,32.56,0.9986375828,0.998638113,0.9985755158,0.9985763092,0.998574234
asia_osm,11950757,25423206,0,25420,25420,0.0009998738947,19171.86,7811.3,51.14,45.4,25.4,0.9975083634,0.9975071274,0.9976772998,0.99767731,0.9976765958
asia_osm,11950757,25423206,0,254200,254200,0.009998738947,23752.38,7725.82,85.72,77.96,50.94,0.9871533446,0.9871292684,0.9887867396,0.9887866906,0.9887855802
asia_osm,11950757,25423206,0,2542000,2542000,0.09998738947,47850.34,10123.2,109.14,96.78,79.52,0.8999372302,0.8994102972,0.9078867694,0.9078866634,0.9078854824