graph,batch_deletions_fraction,batch_insertions_fraction,batch_fraction,lousta-t,lounai-t,loudel-t,loufro-t,lousta-m,lounai-m,loudel-m,loufro-m
com-Orkut,0.00000005,0.00000005,0.0000001,2449.08,220.76,207.64,146.78,0.6540037398,0.6609972226,0.6599813554,0.6572732314
com-Orkut,0.0000005,0.0000005,0.000001,2226.96,189.52,194.62,127.56,0.658397835,0.6609973412,0.6609530276,0.6572733214
com-Orkut,0.000005,0.000005,0.00001,2354.44,183.02,183.5,129.58,0.6591188114,0.6609939052,0.6609865558,0.6573218472
com-Orkut,0.00005,0.00005,0.0001,2588.36,175.68,179.18,136.1,0.6540460704,0.6609637338,0.660965815,0.658328117
com-Orkut,0.0005,0.0005,0.001,2226.56,176.96,203.22,150.3,0.6588892696,0.6606679518,0.6606750458,0.6590461658
com-Orkut,0.005,0.005,0.01,2303.2,215.54,357.58,203.3,0.6533760198,0.657783824,0.6577859108,0.6571597572
com-Orkut,0.05,0.05,0.1,3571.26,245.34,850.74,275.26,0.6130363382,0.629583622,0.6295819076,0.6295759842