graph,order,size,batch_deletions_size,batch_insertions_size,batch_size,batch_fraction,seqsta-t,ompsta-t,ompnai-t,ompdel-t,ompfro-t,seqsta-m,ompsta-m,ompnai-m,ompdel-m,ompfro-m
com-LiveJournal,3997962,69362378,6,6,6,0.0000001,5376.39,1790.29,121.78,77.93,59.79,0.7101046541,0.7514892839,0.729079985,0.729079985,0.729079985
com-LiveJournal,3997962,69362378,68,68,68,0.000001,5235.52,1780.43,131.68,118.72,62.11,0.7101025232,0.7509364287,0.7290796625,0.7290796625,0.7290796625
com-LiveJournal,3997962,69362378,692,692,692,0.00001,5707.36,2101.44,128.59,121.78,65.95,0.7101133703,0.7530162286,0.7290805997,0.7290806377,0.7290805239
com-LiveJournal,3997962,69362378,6936,6936,6936,0.0001,6150.5,2432.37,114.89,114.69,64.34,0.7100594557,0.7456494001,0.7290797871,0.7290797871,0.7290796734
com-LiveJournal,3997962,69362378,69360,69360,69360,0.001,6180.99,2618.01,117.18,117.34,76.41,0.7095342318,0.74606251,0.7293221921,0.7293221921,0.7293220789
com-LiveJournal,3997962,69362378,693600,693600,693600,0.01,7737.46,3118.01,123.47,124.13,98.91,0.7032157884,0.6994610182,0.7282530747,0.7282531114,0.7285714948
com-LiveJournal,3997962,69362378,6936000,6936000,6936000,0.1,12413.4,4181.08,163.2,158.35,155.44,0.6735770567,0.633312371,0.7007769931,0.7007638073,0.7009144024