graph,order,size,batch_deletions_size,batch_insertions_size,batch_size,batch_fraction,seqsta-t,ompsta-t,ompnai-t,ompdel-t,ompfro-t,seqsta-m,ompsta-m,ompnai-m,ompdel-m,ompfro-m
com-Orkut,3072441,234370166,0,2,2,0.000000008533509338,9758.48,2162.78,225.64,113.46,98.14,0.6476595406,0.6775751974,0.671236056,0.671236056,0.671236056
com-Orkut,3072441,234370166,0,22,22,0.00000009386860271,10299.22,2256.04,205.82,159.66,95.08,0.6476594882,0.6779077534,0.671236001,0.671236001,0.671236001
com-Orkut,3072441,234370166,0,234,234,0.0000009984205925,10204.08,1995.96,165.56,176.16,86.14,0.6476597214,0.6772050718,0.671235424,0.671235424,0.671235424
com-Orkut,3072441,234370166,0,2342,2342,0.000009992739434,10088.12,1970.8,167,175.06,103.34,0.6476523964,0.6802733888,0.6712295806,0.6712295806,0.6712295806
com-Orkut,3072441,234370166,0,23440,23440,0.0001000127294,10524.58,1901.3,169.94,163.56,123.48,0.6476229686,0.677673549,0.67117089,0.67117089,0.67117089
com-Orkut,3072441,234370166,0,234400,234400,0.001000127294,10023.56,2080.26,174.04,174.88,139.5,0.6473331342,0.6741939494,0.6705856908,0.6705856908,0.6705856908
com-Orkut,3072441,234370166,0,2344000,2344000,0.01000127294,11045.4,2508.92,232.86,209.1,217.26,0.6418720808,0.6682826594,0.664788709,0.664788709,0.664788709
com-Orkut,3072441,234370166,0,23440000,23440000,0.1000127294,13775.28,2495.06,253.4,225.38,232.1,0.590577103,0.6136941026,0.610827504,0.610729114,0.610729114