graph,batch_deletions_fraction,batch_insertions_fraction,batch_fraction,lousta-t,lounai-t,loudel-t,loufro-t,lousta-m,lounai-m,loudel-m,loufro-m
com-LiveJournal,0.00000005,0.00000005,0.0000001,947.15,980.05,25.9,4.1,0.720244512,0.7163983375,0.719980009,0.71971267
com-LiveJournal,0.0000005,0.0000005,0.000001,1012.7,945.95,42,5.6,0.7184095125,0.721955016,0.7204680805,0.719712308
com-LiveJournal,0.000005,0.000005,0.00001,1007.5,919.65,39.3,7.6,0.723254345,0.720130808,0.720151138,0.7197088175
com-LiveJournal,0.00005,0.00005,0.0001,927.9,930.35,29.65,12.45,0.723388827,0.7226219915,0.7200489925,0.7196661015
com-LiveJournal,0.0005,0.0005,0.001,895.35,940,37.25,11.4,0.71884526,0.7193826645,0.719728405,0.719351722
com-LiveJournal,0.005,0.005,0.01,707.75,829.35,116.85,82.4,0.7073664575,0.7117272825,0.7193803595,0.717366677
com-LiveJournal,0.05,0.05,0.1,1003.25,780.15,1453.55,1348.7,0.6746411745,0.6887881255,0.6952119715,0.694975076