graph,batch_deletions_fraction,batch_insertions_fraction,batch_fraction,lousta-t,lounai-t,loudel-t,loufro-t,lousta-m,lounai-m,loudel-m,loufro-m
com-LiveJournal,0.00000005,0.00000005,0.0000001,904.02,110.42,120.24,72.6,0.715261103,0.7152282418,0.7110725802,0.7100459344
com-LiveJournal,0.0000005,0.0000005,0.000001,981.62,110.68,127.4,70.74,0.7197131414,0.7152238086,0.7150273388,0.7100456604
com-LiveJournal,0.000005,0.000005,0.00001,903.94,102.38,105.9,71.4,0.7220707444,0.715211089,0.7151789622,0.7100453078
com-LiveJournal,0.00005,0.00005,0.0001,887.94,100.66,97.92,72.78,0.7171962292,0.7151784144,0.715188804,0.7100388274
com-LiveJournal,0.0005,0.0005,0.001,1006.58,100.84,101.38,74.52,0.7210654282,0.714883625,0.7148773954,0.7104243756
com-LiveJournal,0.005,0.005,0.01,1013.68,114.36,129.92,95.46,0.716289682,0.7118662742,0.711869938,0.7090438122
com-LiveJournal,0.05,0.05,0.1,1027.82,1751.08,1877.64,1744.76,0.668184214,0.6893643396,0.6893643094,0.6889945684