graph,order,size,batch_deletions_size,batch_insertions_size,batch_size,batch_fraction,seqsta-t,ompsta-t,ompnai-t,ompdel-t,ompfro-t,seqsta-m,ompsta-m,ompnai-m,ompdel-m,ompfro-m
com-Orkut,3.07E+06,2.34E+08,0.00E+00,2.34E+02,2.34E+02,9.98E-07,10002.92,2131.2,184.08,180.28,80.32,0.6476892936,0.6743394566,0.665625227,0.665625227,0.665625227
com-Orkut,3.07E+06,2.34E+08,0.00E+00,2.34E+03,2.34E+03,9.99E-06,10012.48,2028.12,170.72,168.62,103.18,0.647687662,0.6784978792,0.6656193616,0.6656193616,0.6656193616
com-Orkut,3.07E+06,2.34E+08,0.00E+00,2.34E+04,2.34E+04,1.00E-04,9781.7,2160.02,185.32,181.38,123.4,0.6475951182,0.6771015188,0.6655616814,0.6655616814,0.6655616814
com-Orkut,3.07E+06,2.34E+08,0.00E+00,2.34E+05,2.34E+05,1.00E-03,9870.98,2089.86,180.98,173.4,134.1,0.6480877322,0.6754208788,0.6649815248,0.6649815248,0.6649815248
com-Orkut,3.07E+06,2.34E+08,0.00E+00,2.34E+06,2.34E+06,1.00E-02,10940.18,2473.06,212.8,205.7,197.98,0.6442825026,0.670983315,0.6592363542,0.6592363542,0.6592363542
com-Orkut,3.07E+06,2.34E+08,0.00E+00,2.34E+07,2.34E+07,1.00E-01,14279.34,2499.44,224.28,253.88,233.08,0.589810274,0.6124293208,0.6018321058,0.6017940382,0.6018321058