graph,order,size,batch_deletions_size,batch_insertions_size,batch_size,batch_fraction,seqsta-t,ompsta-t,ompnai-t,ompdel-t,ompfro-t,seqsta-m,ompsta-m,ompnai-m,ompdel-m,ompfro-m
com-LiveJournal,4.00E+06,6.94E+07,0.00E+00,6.80E+01,6.80E+01,9.80E-07,5320.04,1829.9,117.8,101.52,55.1,0.7101041986,0.7511082434,0.7350009802,0.735001157,0.73500045
com-LiveJournal,4.00E+06,6.94E+07,0.00E+00,6.92E+02,6.92E+02,9.98E-06,5236.52,1678.34,112.2,111.52,58.58,0.7100996646,0.7536949368,0.7349947462,0.7349947462,0.734993862
com-LiveJournal,4.00E+06,6.94E+07,0.00E+00,6.94E+03,6.94E+03,1.00E-04,5588.54,1713.16,113.92,113.34,65.98,0.7100274496,0.7529946822,0.7349292204,0.7349292204,0.7349283372
com-LiveJournal,4.00E+06,6.94E+07,0.00E+00,6.94E+04,6.94E+04,1.00E-03,5335.44,1790.86,117.52,114.22,73.72,0.7094700126,0.7493909118,0.7342731066,0.7342731066,0.7342722208
com-LiveJournal,4.00E+06,6.94E+07,0.00E+00,6.94E+05,6.94E+05,1.00E-02,5758.54,1958.58,124.3,120.46,100.42,0.7025259426,0.7444121644,0.7277791442,0.7277791442,0.7277782534
com-LiveJournal,4.00E+06,6.94E+07,0.00E+00,6.94E+06,6.94E+06,1.00E-01,8922.8,2441.82,163.52,166.72,165.48,0.6433144434,0.6817212662,0.6686615338,0.668661524,0.668660928