graph,order,size,batch_deletions_size,batch_insertions_size,batch_size,batch_fraction,seqsta-t,ompsta-t,ompnai-t,ompdel-t,ompfro-t,seqsta-m,ompsta-m,ompnai-m,ompdel-m,ompfro-m
com-LiveJournal,3997962,69362378,0,0,0,0,5112.54,1955.94,131.26,62.24,59.32,0.710104725,0.7531549866,0.7131604128,0.713160337,0.713160337
com-LiveJournal,3997962,69362378,0,6,6,0.00000008650222459,5373.08,1778.88,122.88,84.1,59.88,0.7101046672,0.753219009,0.7131602794,0.7131602794,0.7131602794
com-LiveJournal,3997962,69362378,0,68,68,0.0000009803585454,5240.6,1754.4,124.12,115.66,61.92,0.7101041584,0.7511208674,0.713159611,0.713159611,0.713159611
com-LiveJournal,3997962,69362378,0,692,692,0.000009976589903,5378.86,1804.48,132.96,123.98,67.34,0.7100955368,0.7532216298,0.7131534292,0.7131535052,0.7131532776
com-LiveJournal,3997962,69362378,0,6936,6936,0.00009999657163,5518.42,1733.18,115.8,115.46,64.92,0.710043924,0.7524361924,0.7130899054,0.7130899054,0.713089678
com-LiveJournal,3997962,69362378,0,69360,69360,0.0009999657163,5525.46,1768.68,120.34,118.86,79.06,0.7097341364,0.7510088362,0.7136181578,0.7136181578,0.7136179118
com-LiveJournal,3997962,69362378,0,693600,693600,0.009999657163,5966.54,1935.32,123.36,125.28,99.18,0.7032756776,0.7433751332,0.7134591428,0.7134592142,0.7134589078
com-LiveJournal,3997962,69362378,0,6936000,6936000,0.09999657163,9036.6,2339.1,181.44,176.04,172.76,0.6456099144,0.6776746786,0.666572771,0.6665727538,0.6668507594