graph,batch_deletions_fraction,batch_insertions_fraction,batch_fraction,lousta-t,lounai-t,loudel-t,loufro-t,lousta-m,lounai-m,loudel-m,loufro-m
com-LiveJournal,0.00000005,0.00000005,0.0000001,910.72,30.7,30.2,0.56,0.7219241222,0.7186703718,0.7186702098,0.7143218278
com-LiveJournal,0.0000005,0.0000005,0.000001,889.64,32.06,31.68,0.56,0.7173352472,0.718674417,0.718674216,0.7143215336
com-LiveJournal,0.000005,0.000005,0.00001,907.26,28.1,30.24,0.92,0.7219496922,0.7186637412,0.7186651948,0.7143204436
com-LiveJournal,0.00005,0.00005,0.0001,927.58,27.68,29.58,2.16,0.7236331942,0.7186338974,0.7186382922,0.714341733
com-LiveJournal,0.0005,0.0005,0.001,889.76,30.16,34,7.32,0.7174700624,0.7183249412,0.718323473,0.7144118272
com-LiveJournal,0.005,0.005,0.01,962.8,52.98,65.78,35.34,0.7176873914,0.7152714404,0.715274215,0.7126623512
com-LiveJournal,0.05,0.05,0.1,839.36,1611.5,1665.26,1586.18,0.6858172162,0.691511605,0.6915192228,0.6900563548