graph,batch_deletions_fraction,batch_insertions_fraction,batch_fraction,lousta-t,lounai-t,loudel-t,loufro-t,lousta-m,lounai-m,loudel-m,loufro-m
com-Orkut,0.00000005,0.00000005,0.0000001,2416.3,2409.25,66.35,4.85,0.659587191,0.652902241,0.663959865,0.6621667255
com-Orkut,0.0000005,0.0000005,0.000001,2354.35,2484.5,89.3,5.25,0.657240679,0.6530174695,0.663467993,0.6621679685
com-Orkut,0.000005,0.000005,0.00001,2327.45,2282.3,84.9,20.15,0.6568934385,0.6570409805,0.662862565,0.661748804
com-Orkut,0.00005,0.00005,0.0001,2477.05,2385.4,80.7,45.4,0.661183087,0.663751252,0.6628234735,0.661746404
com-Orkut,0.0005,0.0005,0.001,2239.9,2091.6,94.45,56.85,0.650047133,0.6472361075,0.662532582,0.661888715
com-Orkut,0.005,0.005,0.01,2121.75,2157.6,370.75,216.05,0.654288,0.646181796,0.6626523435,0.662000024
com-Orkut,0.05,0.05,0.1,3087.35,3090.5,975.15,255.95,0.617920636,0.6202859495,0.6341384385,0.634131675