graph,order,size,batch_deletions_size,batch_insertions_size,batch_size,batch_fraction,ompsta-t,ompnai-t,ompdel-t,ompfro-t,ompsta-m,ompnai-m,ompdel-m,ompfro-m
com-Orkut,3072441,234370166,10,10,20,0.0000001,2132.5,184.06,134.36,77.62,0.6757805046,0.673105255,0.673105255,0.673105255
com-Orkut,3072441,234370166,116,116,232,0.000001,2057.5,194.08,179.26,79.58,0.678493278,0.6731065458,0.6731065458,0.6731065458
com-Orkut,3072441,234370166,1170,1170,2340,0.00001,2111.76,164.48,185.04,92.82,0.6768205654,0.6731293206,0.6731293206,0.6731293206
com-Orkut,3072441,234370166,11720,11720,23440,0.0001,3172.38,169.52,177.58,112.08,0.678813826,0.673367529,0.673367529,0.673367529
com-Orkut,3072441,234370166,117200,117200,234400,0.001,3400.76,170.82,201.94,138.6,0.6756338338,0.6731770532,0.6731770532,0.6731770532
com-Orkut,3072441,234370166,1172000,1172000,2344000,0.01,3999.54,179.14,315.26,156.42,0.5919233824,0.667895599,0.667895591,0.667895591
com-Orkut,3072441,234370166,11720000,11720000,23440000,0.1,3779.78,195.88,712.68,243.28,0.6365042992,0.6377380524,0.6377380524,0.6377380524