graph,batch_deletions_fraction,batch_insertions_fraction,batch_fraction,lousta-t,lounai-t,loudel-t,loufro-t,lousta-m,lounai-m,loudel-m,loufro-m
com-Orkut,0.00000005,0.00000005,0.0000001,2164.4,59.9,56.76,0.3,0.656353314,0.665815596,0.6658172518,0.662913837
com-Orkut,0.0000005,0.0000005,0.000001,2255.18,49.48,52.12,0.56,0.6553834322,0.6658176226,0.6658133808,0.6629135958
com-Orkut,0.000005,0.000005,0.00001,2371.68,49.1,51.14,4.48,0.6527233618,0.6658140126,0.6658134914,0.6629365638
com-Orkut,0.00005,0.00005,0.0001,2289.82,50.46,54.96,13.86,0.6567541362,0.665788111,0.6657812064,0.6634021742
com-Orkut,0.0005,0.0005,0.001,2083.76,54.32,79.48,29.4,0.6535992548,0.6654913928,0.6654942316,0.664041304
com-Orkut,0.005,0.005,0.01,1805.66,98.1,184.66,82.22,0.6493289588,0.6625940358,0.6625944536,0.6619468986
com-Orkut,0.05,0.05,0.1,2977.1,467.24,797.98,397.86,0.6200491378,0.634248421,0.6342473464,0.6341850666