graph,batch_deletions_fraction,batch_insertions_fraction,batch_fraction,lousta-t,lounai-t,loudel-t,loufro-t,lousta-m,lounai-m,loudel-m,loufro-m
europe_osm,0.00000005,0.00000005,0.0000001,3608.4,3290.45,202.55,141,0.9989328825,0.9989323845,0.998931515,0.998931497
europe_osm,0.0000005,0.0000005,0.000001,3278.1,3459.2,185.25,157.9,0.9989312955,0.9989313185,0.998931062,0.998931034
europe_osm,0.000005,0.000005,0.00001,3578.3,3594.55,217,159.1,0.9989244585,0.9989240035,0.9989269185,0.998926539
europe_osm,0.00005,0.00005,0.0001,3709.15,3358.9,244.75,164,0.998858593,0.998857417,0.9988830465,0.9988816865
europe_osm,0.0005,0.0005,0.001,3655.85,3524.5,269.75,175.15,0.9982087295,0.998206971,0.998434029,0.9984325775
europe_osm,0.005,0.005,0.01,3425.55,3393.35,348,242.3,0.9930928285,0.993095409,0.993969507,0.993949242
europe_osm,0.05,0.05,0.1,4507.35,4149,656.05,343.15,0.9600584285,0.9600478685,0.950297543,0.950235715