graph,batch_deletions_fraction,batch_insertions_fraction,batch_fraction,lousta-t,lounai-t,loudel-t,loufro-t,lousta-m,lounai-m,loudel-m,loufro-m
europe_osm,0.00000005,0.00000005,0.0000001,3235.64,354.98,739.9,149.06,0.9989320494,0.9989357368,0.9989318838,0.998931872
europe_osm,0.0000005,0.0000005,0.000001,3426.62,219.04,756.78,143.88,0.9989325202,0.9989352778,0.9989315806,0.99893141
europe_osm,0.000005,0.000005,0.00001,3443.32,256.34,775.42,158.42,0.9989242044,0.9989308186,0.9989281742,0.9989269256
europe_osm,0.00005,0.00005,0.0001,3405.24,273.74,825.14,165.34,0.9988555362,0.998886144,0.9988860208,0.9988820614
europe_osm,0.0005,0.0005,0.001,3442.78,229.1,837.72,139.26,0.9982093182,0.9984391014,0.9984391206,0.9984330946
europe_osm,0.005,0.005,0.01,3590.72,240.22,875.72,156.66,0.9931066054,0.993970029,0.9939700362,0.9939495972
europe_osm,0.05,0.05,0.1,4378.18,321.3,1232.78,287.3,0.9600285382,0.950286299,0.950286402,0.9502256812