graph,order,size,batch_deletions_size,batch_insertions_size,batch_size,batch_fraction,seqsta-t,ompsta-t,ompnai-t,ompdel-t,ompfro-t,seqsta-m,ompsta-m,ompnai-m,ompdel-m,ompfro-m
europe_osm,50912018,108109320,10,10,10,0.0000001,98581.55,37665.99,309.74,147.2,149.08,0.9989448992,0.9989434065,0.998882906,0.998881506,0.998881506
europe_osm,50912018,108109320,108,108,108,0.000001,101279.88,36642.98,240.86,133.93,124.93,0.9989442025,0.9989424619,0.998882462,0.9988811087,0.998881053
europe_osm,50912018,108109320,1080,1080,1080,0.00001,103099.69,35280.03,198.89,139.95,108.97,0.998937242,0.99893548,0.9988779641,0.9988768863,0.9988765643
europe_osm,50912018,108109320,10810,10810,10810,0.0001,101982.18,35843.73,216.55,205.94,121.46,0.9988700598,0.9988683898,0.9988329883,0.9988328598,0.9988316253
europe_osm,50912018,108109320,108100,108100,108100,0.001,106322.84,34028.17,204.63,207.98,116.95,0.9982197287,0.9982164449,0.9983838678,0.9983838689,0.998382565
europe_osm,50912018,108109320,1081000,1081000,1081000,0.01,114815.37,36913,331.32,313.28,157.54,0.9926144709,0.9925988091,0.9939372251,0.9939372163,0.9939360107
europe_osm,50912018,108109320,10810000,10810000,10810000,0.1,206254.01,55683.61,432.22,434.37,272.99,0.947723791,0.9475951793,0.9534763957,0.9534763914,0.9534757515