graph,order,size,batch_deletions_size,batch_insertions_size,batch_size,batch_fraction,seqsta-t,ompsta-t,ompnai-t,ompdel-t,ompfro-t,seqsta-m,ompsta-m,ompnai-m,ompdel-m,ompfro-m
europe_osm,5.09E+07,1.08E+08,0.00E+00,1.08E+02,1.08E+02,9.99E-07,100228.9,36905.5,272.56,164.94,150.2,0.9989434436,0.9989425674,0.998876531,0.9988747402,0.99887441
europe_osm,5.09E+07,1.08E+08,0.00E+00,1.08E+03,1.08E+03,9.99E-06,99167.4,37518.56,258.66,199.82,150.5,0.998929029,0.9989285872,0.9988675208,0.9988661756,0.998865425
europe_osm,5.09E+07,1.08E+08,0.00E+00,1.08E+04,1.08E+04,1.00E-04,99347.06,36681.66,263.5,258.76,151.78,0.9987873836,0.9987855174,0.998777648,0.99877762,0.9987755242
europe_osm,5.09E+07,1.08E+08,0.00E+00,1.08E+05,1.08E+05,1.00E-03,102979.24,33694.6,257.66,265.54,146.6,0.9974275516,0.997423525,0.9978792642,0.9978792618,0.997877559
europe_osm,5.09E+07,1.08E+08,0.00E+00,1.08E+06,1.08E+06,1.00E-02,122368.84,36075.02,368.06,348.32,173.44,0.9858564706,0.9858302322,0.9889874306,0.988987399,0.988985702
europe_osm,5.09E+07,1.08E+08,0.00E+00,1.08E+07,1.08E+07,1.00E-01,249233.02,53150.4,522.98,508.02,332.84,0.8954808258,0.8952540562,0.908068626,0.9080686966,0.908067706