graph,order,size,batch_deletions_size,batch_insertions_size,batch_size,batch_fraction,ompsta-t,ompnai-t,ompdel-t,ompfro-t,ompsta-m,ompnai-m,ompdel-m,ompfro-m
europe_osm,50912018,108109320,4,4,8,0.0000001,35891.96,252.18,658.38,124.7,0.9989444062,0.998872561,0.99887065,0.99887065
europe_osm,50912018,108109320,54,54,108,0.000001,34944.74,229.26,431.26,114.12,0.9989444348,0.9988721528,0.998870262,0.998870188
europe_osm,50912018,108109320,540,540,1080,0.00001,35074.2,214.88,243.86,113.96,0.998935908,0.998867258,0.998866173,0.9988656942
europe_osm,50912018,108109320,5404,5404,10808,0.0001,34432.18,216.22,231.86,113.56,0.9988686252,0.9988226824,0.9988226246,0.9988207138
europe_osm,50912018,108109320,54050,54050,108100,0.001,30607.56,239.66,248.08,136.26,0.9982198852,0.9983730206,0.9983729934,0.9983711444
europe_osm,50912018,108109320,540500,540500,1081000,0.01,26434.32,259.02,804.48,178.04,0.9931553038,0.9938636092,0.9938634884,0.9938621884
europe_osm,50912018,108109320,5405000,5405000,10810000,0.1,37754.32,391.84,1224.3,296.1,0.9627158292,0.9476965834,0.9476965212,0.9476997452