graph,order,size,batch_deletions_size,batch_insertions_size,batch_size,batch_fraction,seqsta-t,ompsta-t,ompnai-t,ompdel-t,ompfro-t,seqsta-m,ompsta-m,ompnai-m,ompdel-m,ompfro-m
europe_osm,50912018,108109320,0,0,0,0,99406.18,38110.4,334.38,165.56,169.36,0.998944921,0.9989436594,0.998878247,0.998876695,0.998876695
europe_osm,50912018,108109320,0,10,10,0.00000009249896309,96049.74,38329.98,335.38,167.48,168.7,0.9989447902,0.9989428696,0.9988781726,0.998876602,0.998876602
europe_osm,50912018,108109320,0,108,108,0.0000009989888013,99132.22,36463.3,244.12,153.64,132.98,0.9989433514,0.9989416678,0.9988772842,0.9988757386,0.998875696
europe_osm,50912018,108109320,0,1080,1080,0.000009989888013,102792.46,34996.46,194.3,146.4,104.18,0.9989286918,0.9989276568,0.9988683118,0.9988670034,0.9988667144
europe_osm,50912018,108109320,0,10810,10810,0.0000999913791,101446.14,35643.1,231.78,240.08,136.96,0.9987877364,0.998785619,0.9987783448,0.9987783274,0.9987768358
europe_osm,50912018,108109320,0,108100,108100,0.000999913791,105341.02,32861,219.34,237.2,124.3,0.997427557,0.9974220844,0.9978803016,0.9978803038,0.9978787652
europe_osm,50912018,108109320,0,1081000,1081000,0.00999913791,122447.98,35893.24,386.38,371.16,177.82,0.9858564022,0.985825385,0.9889876088,0.9889875912,0.9889862314
europe_osm,50912018,108109320,0,10810000,10810000,0.0999913791,250326.96,53791.8,512.34,500.14,344.5,0.8954892224,0.8952318008,0.9080708032,0.9080707946,0.9080698814