graph,order,size,batch_deletions_size,batch_insertions_size,batch_size,batch_fraction,seqsta-t,ompsta-t,ompnai-t,ompdel-t,ompfro-t,seqsta-m,ompsta-m,ompnai-m,ompdel-m,ompfro-m
indochina-2004,7.41E+06,3.41E+08,0.00E+00,3.40E+02,3.40E+02,9.97E-07,8694.84,4514.32,408.24,246.4,114.9,0.9490041426,0.9488109218,0.9455696974,0.9455696974,0.9455690722
indochina-2004,7.41E+06,3.41E+08,0.00E+00,3.41E+03,3.41E+03,1.00E-05,8748.16,4077,402.62,378.82,131,0.9489957454,0.9488197472,0.945561613,0.945561613,0.9455609878
indochina-2004,7.41E+06,3.41E+08,0.00E+00,3.41E+04,3.41E+04,1.00E-04,8834.22,3848.28,372.86,372.58,108.86,0.9489156496,0.9486924842,0.945480839,0.945480839,0.9454802138
indochina-2004,7.41E+06,3.41E+08,0.00E+00,3.41E+05,3.41E+05,1.00E-03,9413.92,3077.18,413.48,405.54,142.64,0.9481118276,0.9478308528,0.9447042756,0.9447042756,0.9447036632
indochina-2004,7.41E+06,3.41E+08,0.00E+00,3.41E+06,3.41E+06,1.00E-02,14145.86,3014.8,418.8,399.74,241.86,0.9399966822,0.9382384274,0.9367786872,0.9367786474,0.9367782028
indochina-2004,7.41E+06,3.41E+08,0.00E+00,3.41E+07,3.41E+07,1.00E-01,30314.44,3981.02,466.44,460.44,463.52,0.872378598,0.870678038,0.8636020124,0.8635419252,0.8635990204