graph,order,size,batch_deletions_size,batch_insertions_size,batch_size,batch_fraction,ompsta-t,ompnai-t,ompdel-t,ompfro-t,ompsta-m,ompnai-m,ompdel-m,ompfro-m
indochina-2004,7414866,341157189,16,16,32,0.0000001,3979.26,397.68,134.64,116.14,0.9488183552,0.9467782112,0.9467771322,0.9467755156
indochina-2004,7414866,341157189,170,170,340,0.000001,4288.64,418.14,207.5,121.08,0.9487765566,0.9467734838,0.9467734832,0.9467707874
indochina-2004,7414866,341157189,1704,1704,3408,0.00001,4921.38,417.92,411.68,121.58,0.9487017318,0.9466550434,0.9466550434,0.9466523378
indochina-2004,7414866,341157189,17060,17060,34120,0.0001,5307.96,434.46,435,131.4,0.9476583932,0.9457121102,0.9457121102,0.9457093756
indochina-2004,7414866,341157189,170600,170600,341200,0.001,5277.3,395.94,421.7,140.74,0.945479905,0.9439955172,0.9439955172,0.9439927674
indochina-2004,7414866,341157189,1706000,1706000,3412000,0.01,5843.18,356.52,517.28,214.88,0.9290108046,0.9436744104,0.9436744198,0.9435474942
indochina-2004,7414866,341157189,17060000,17060000,34120000,0.1,6419.66,389.08,911.7,432.6,0.880714477,0.8974217828,0.8974228356,0.897421824