graph,batch_deletions_fraction,batch_insertions_fraction,batch_fraction,lousta-t,lounai-t,loudel-t,loufro-t,lousta-m,lounai-m,loudel-m,loufro-m
indochina-2004,0.00000005,0.00000005,0.0000001,902.54,298.64,241.74,120.36,0.9488916696,0.948851747,0.9487842012,0.9487508404
indochina-2004,0.0000005,0.0000005,0.000001,857.22,247.24,258.96,121.82,0.9488961168,0.9488512964,0.9488326802,0.948750397
indochina-2004,0.000005,0.000005,0.00001,855.28,238.9,331.72,111.68,0.948846007,0.9488468648,0.9488456922,0.9487592426
indochina-2004,0.00005,0.00005,0.0001,823.1,242.5,325.34,129.68,0.9488376038,0.9488024198,0.9488022438,0.948724644
indochina-2004,0.0005,0.0005,0.001,847.54,256.14,370.42,140.22,0.9482955092,0.9483596456,0.9483596314,0.9483300432
indochina-2004,0.005,0.005,0.01,1024.06,271,456.44,211.64,0.9437218838,0.9440728148,0.9440728592,0.9440579266
indochina-2004,0.05,0.05,0.1,1771.52,354.78,1228.5,374.04,0.9063077496,0.904957893,0.9049578154,0.9049571664