graph,order,size,batch_deletions_size,batch_insertions_size,batch_size,batch_fraction,seqsta-t,ompsta-t,ompnai-t,ompdel-t,ompfro-t,seqsta-m,ompsta-m,ompnai-m,ompdel-m,ompfro-m
indochina-2004,7414866,341157189,0,2,2,0.000000005862400279,8734.84,4137.16,386.06,116.88,108.18,0.949005063,0.948849409,0.9471905436,0.9471912526,0.947191233
indochina-2004,7414866,341157189,0,34,34,0.00000009966080474,8591.06,4238.58,389.82,186.92,120.42,0.9490049836,0.9488459092,0.9471904574,0.9471912138,0.9471911474
indochina-2004,7414866,341157189,0,340,340,0.0000009966080474,8624.6,3970.32,394.2,155.34,113.2,0.9490042122,0.9488389442,0.9471896486,0.9471903084,0.9471903368
indochina-2004,7414866,341157189,0,3410,3410,0.000009995392476,8682.18,4186.12,385.1,382.8,108.62,0.9489950214,0.9488038108,0.9471815274,0.9471816928,0.947182218
indochina-2004,7414866,341157189,0,34110,34110,0.00009998323676,8716.48,3928.32,382.34,369.66,115.16,0.9489150836,0.9487485274,0.9471002296,0.9471002296,0.9471009196
indochina-2004,7414866,341157189,0,341200,341200,0.001000125488,9432.72,3072.22,372.58,379.14,121.1,0.9481103328,0.9479150512,0.9463127278,0.9463127256,0.9463132538
indochina-2004,7414866,341157189,0,3412000,3412000,0.01000125488,14002.48,3101.68,402.72,382.22,227.2,0.9399930328,0.9378572828,0.9382658486,0.9382658486,0.9382661898
indochina-2004,7414866,341157189,0,34120000,34120000,0.1000125488,31478.9,3758.88,445.52,436.6,449.08,0.872431185,0.871013234,0.8649380008,0.86493747,0.8649515576