graph,order,size,batch_deletions_size,batch_insertions_size,batch_size,batch_fraction,seqsta-t,ompsta-t,ompnai-t,ompdel-t,ompfro-t,seqsta-m,ompsta-m,ompnai-m,ompdel-m,ompfro-m
indochina-2004,7414866,341157189,34,34,34,0.0000001,8595.34,4433.76,391.26,161.1,119.45,0.949003435,0.9488276398,0.9471675705,0.9471677587,0.9471677108
indochina-2004,7414866,341157189,340,340,340,0.000001,9266.02,4058.14,400.61,178.52,112.77,0.9489822173,0.9488126464,0.9471531221,0.9471533441,0.9471532618
indochina-2004,7414866,341157189,3410,3410,3410,0.00001,9765.54,4587.68,393.54,384.81,114.75,0.9488666878,0.9486939905,0.9470309752,0.9470310579,0.9470311166
indochina-2004,7414866,341157189,34110,34110,34110,0.0001,9981.11,4576.02,382.98,373.17,117.07,0.948067824,0.9479120829,0.9462994173,0.9462994173,0.946299518
indochina-2004,7414866,341157189,341200,341200,341200,0.001,11619.69,4260.38,377.95,392.76,132.25,0.9477323074,0.9475465923,0.945977533,0.9459775319,0.9459781736
indochina-2004,7414866,341157189,3412000,3412000,3412000,0.01,19807.32,4778.45,377.89,363.33,205.12,0.9453833494,0.9442219797,0.9446201498,0.9446201511,0.9446202179
indochina-2004,7414866,341157189,34120000,34120000,34120000,0.1,30126.59,5893.15,427.59,416.48,423.57,0.9061483362,0.9047558467,0.9022978431,0.902297578,0.9023045935