graph,order,size,batch_deletions_size,batch_insertions_size,batch_size,batch_fraction,ompsta-t,ompnai-t,ompdel-t,ompfro-t,ompsta-m,ompnai-m,ompdel-m,ompfro-m
it-2004,41291594,2186144594,108,108,216,0.0000001,14836.68,1373.96,1071.68,690.52,0.9775956728,0.975715028,0.9757140916,0.9757104124
it-2004,41291594,2186144594,1092,1092,2184,0.000001,16200.5,1447.04,1256.48,622.2,0.9778238596,0.9760053014,0.9760053016,0.9760006952
it-2004,41291594,2186144594,10930,10930,21860,0.00001,20068.3,1341.3,1301.54,568.02,0.9779803974,0.9762367952,0.9762367952,0.976232375
it-2004,41291594,2186144594,109300,109300,218600,0.0001,22601.76,1027.54,1080.52,478.56,0.9765929954,0.9752724488,0.9752724488,0.975267354
it-2004,41291594,2186144594,1093000,1093000,2186000,0.001,26087.24,1094.46,1603.44,549.26,0.975051536,0.9745935772,0.9745935772,0.9745887868
it-2004,41291594,2186144594,10930000,10930000,21860000,0.01,30530.38,1175.22,2187.9,907.12,0.9625164358,0.9704041448,0.970404078,0.9703971296
it-2004,41291594,2186144594,109300000,109300000,218600000,0.1,36230.7,1519.92,5121.9,2138.66,0.9120907984,0.9233566048,0.9233627104,0.923362237