graph,order,size,batch_deletions_size,batch_insertions_size,batch_size,batch_fraction,seqsta-t,ompsta-t,ompnai-t,ompdel-t,ompfro-t,seqsta-m,ompsta-m,ompnai-m,ompdel-m,ompfro-m
it-2004,41291594,2186144594,0,20,20,0.000000009148525699,48940.48,15150.76,1419.68,646.16,579.36,0.977563711,0.9774844506,0.976801421,0.976801443,0.976801443
it-2004,41291594,2186144594,0,218,218,0.00000009971893012,48773.28,14738.58,1267.4,816.4,487.48,0.9775637038,0.9774127492,0.976801339,0.976801363,0.9768013542
it-2004,41291594,2186144594,0,2186,2186,0.0000009999338589,48574.9,14218.66,1047.74,856.72,402.54,0.9775672862,0.9775233316,0.9768004704,0.9768005036,0.97680048
it-2004,41291594,2186144594,0,21860,21860,0.000009999338589,48620.16,15441.46,1199.28,1250.64,407.34,0.9775563576,0.9775049036,0.9767917106,0.9767917254,0.9767917324
it-2004,41291594,2186144594,0,218600,218600,0.00009999338589,49803.7,14103.28,1169.3,1153.3,445.08,0.9774704532,0.977424438,0.9767041992,0.9767041992,0.9767042208
it-2004,41291594,2186144594,0,2186000,2186000,0.0009999338589,55133.46,13134.5,1214.66,1127.58,555.84,0.9765941196,0.9761874802,0.9758304916,0.9758304914,0.9758305132
it-2004,41291594,2186144594,0,21860000,21860000,0.009999338589,85011.5,15365.02,1344.16,1283.3,989.3,0.9678189538,0.9671773558,0.9671889308,0.9671888784,0.9671889168
it-2004,41291594,2186144594,0,218600000,218600000,0.09999338589,206004.74,25394.42,1872.5,1896.5,1790.6,0.8914964882,0.8909032436,0.888391388,0.8883916302,0.8883910624