graph,batch_deletions_fraction,batch_insertions_fraction,batch_fraction,lousta-t,lounai-t,loudel-t,loufro-t,lousta-m,lounai-m,loudel-m,loufro-m
it-2004,0.00000005,0.00000005,0.0000001,3555.15,3446.5,341.05,146.75,0.9775540375,0.9775440105,0.9775868105,0.9775635035
it-2004,0.0000005,0.0000005,0.000001,3176.05,3103.7,500.85,143.65,0.97754292,0.977551177,0.977613423,0.977563086
it-2004,0.000005,0.000005,0.00001,3594.25,3494.1,605,214.1,0.97751344,0.977559104,0.9776169565,0.9775586275
it-2004,0.00005,0.00005,0.0001,3544.3,3466.45,651.4,250.55,0.977527504,0.977525083,0.9775729305,0.977516482
it-2004,0.0005,0.0005,0.001,3431.65,3716.45,884.25,444.9,0.9769294155,0.9769588995,0.977130026,0.9770831365
it-2004,0.005,0.005,0.01,4907.45,4936.85,2148.05,1111.4,0.972640187,0.972628826,0.9728118945,0.972784567
it-2004,0.05,0.05,0.1,11816.9,11673.95,4423.8,2007.15,0.9331152485,0.9328114205,0.9322172045,0.932216517