graph,batch_deletions_fraction,batch_insertions_fraction,batch_fraction,lousta-t,lounai-t,loudel-t,loufro-t,lousta-m,lounai-m,loudel-m,loufro-m
it-2004,0.00000005,0.00000005,0.0000001,4208.38,1223.82,1318.02,615.94,0.9775515884,0.9775888222,0.9775519148,0.9775266764
it-2004,0.0000005,0.0000005,0.000001,4297.96,1226.04,1515.3,641.16,0.9775318874,0.9775883756,0.9775793138,0.9775262472
it-2004,0.000005,0.000005,0.00001,3830.16,1130.82,1585.44,673.94,0.9775428926,0.9775839346,0.9775834736,0.9775223992
it-2004,0.00005,0.00005,0.0001,3124.78,980.06,1475.74,601.54,0.9775198284,0.9775394862,0.97753948,0.9774797816
it-2004,0.0005,0.0005,0.001,2905.16,856.32,1475.86,588.8,0.976889047,0.9770964084,0.9770964098,0.977047238
it-2004,0.005,0.005,0.01,3716.94,828.58,1843.8,774.32,0.9725336334,0.972772057,0.9727720584,0.9727439866
it-2004,0.05,0.05,0.1,12272.9,1591.32,5342.12,2043.28,0.932670166,0.9320051856,0.9320051798,0.9320044136