graph,order,size,batch_deletions_size,batch_insertions_size,batch_size,batch_fraction,seqsta-t,ompsta-t,ompnai-t,ompdel-t,ompfro-t,seqsta-m,ompsta-m,ompnai-m,ompdel-m,ompfro-m
it-2004,41291594,2186144594,218,218,218,0.0000001,48850.16,14394.19,1211.77,771.4,445.18,0.9776131719,0.9775143569,0.9764062227,0.9764066824,0.9764063869
it-2004,41291594,2186144594,2186,2186,2186,0.000001,53124.42,14525.74,1094.61,928.76,399.86,0.9780091014,0.9779634901,0.9767843992,0.9767849304,0.9767845601
it-2004,41291594,2186144594,21860,21860,21860,0.00001,60071.43,19569.2,1193.06,1216.74,454.19,0.9777793581,0.9776715528,0.9765652264,0.9765652338,0.9765653923
it-2004,41291594,2186144594,218600,218600,218600,0.0001,63444,19954.84,1150.54,1135.48,454.9,0.9772862144,0.9771606602,0.9761120341,0.9761120341,0.9761120314
it-2004,41291594,2186144594,2186000,2186000,2186000,0.001,76539.87,19400.33,1195.36,1110.93,569.43,0.9767974321,0.9763277915,0.9757176315,0.9757176314,0.9757176342
it-2004,41291594,2186144594,21860000,21860000,21860000,0.01,125178.45,23505.4,1246,1201.41,928.29,0.971205647,0.9692678835,0.9715045201,0.9715044808,0.9715041771
it-2004,41291594,2186144594,218600000,218600000,218600000,0.1,202153.37,33378.09,1615.69,1644.98,1594.54,0.9335372552,0.9329766736,0.9316918192,0.9316919384,0.9316900269