graph,order,size,batch_deletions_size,batch_insertions_size,batch_size,batch_fraction,seqsta-t,ompsta-t,ompnai-t,ompdel-t,ompfro-t,seqsta-m,ompsta-m,ompnai-m,ompdel-m,ompfro-m
it-2004,4.13E+07,2.19E+09,0.00E+00,2.19E+03,2.19E+03,1.00E-06,48729.56,14053.48,1110.4,925.28,397.66,0.9775666638,0.9775044096,0.9761552752,0.9761551458,0.976152017
it-2004,4.13E+07,2.19E+09,0.00E+00,2.19E+04,2.19E+04,1.00E-05,48745.04,13997.54,1138.7,1060.4,398.9,0.9775566306,0.9774008758,0.9761460504,0.9761460504,0.976143273
it-2004,4.13E+07,2.19E+09,0.00E+00,2.19E+05,2.19E+05,1.00E-04,49663.76,12993.92,961.26,959.22,370.18,0.9774716146,0.9772896712,0.9760586972,0.9760590176,0.976055921
it-2004,4.13E+07,2.19E+09,0.00E+00,2.19E+06,2.19E+06,1.00E-03,55451.3,11893.06,886.5,920.12,451.72,0.9766023612,0.9763362222,0.9751853072,0.9751857882,0.9751822138
it-2004,4.13E+07,2.19E+09,0.00E+00,2.19E+07,2.19E+07,1.00E-02,87390.64,14072.44,1162.46,1164.52,857.48,0.967811806,0.966894784,0.966549793,0.9665500166,0.9665483392
it-2004,4.13E+07,2.19E+09,0.00E+00,2.19E+08,2.19E+08,1.00E-01,202230.26,30613.16,2187.42,2208.36,2238.92,0.8915063574,0.8909305776,0.8878108866,0.887810997,0.887811067