graph,batch_deletions_fraction,batch_insertions_fraction,batch_fraction,lousta-t,lounai-t,loudel-t,loufro-t,lousta-m,lounai-m,loudel-m,loufro-m
kmer_V1r,0.00000005,0.00000005,0.0000001,22844.4,1813.26,3979.96,1231.2,0.9471003872,0.9487171556,0.9481105444,0.9477998526
kmer_V1r,0.0000005,0.0000005,0.000001,21406.36,1766.12,4116.04,1309.3,0.9461070286,0.9487167632,0.9485827916,0.947799453
kmer_V1r,0.000005,0.000005,0.00001,22287.26,1741.56,4029.92,1292.7,0.9450711954,0.9487127684,0.9486914668,0.9477954542
kmer_V1r,0.00005,0.00005,0.0001,22667.68,2056.58,4010.88,1540.08,0.946788046,0.948672426,0.948671073,0.947755169
kmer_V1r,0.0005,0.0005,0.001,21402.5,1836.76,4350.88,1373.06,0.9460155674,0.9482706522,0.9482706454,0.9473535828
kmer_V1r,0.005,0.005,0.01,23893.26,1759,4181.82,1403.16,0.9441318918,0.9442481414,0.944248145,0.9433346986
kmer_V1r,0.05,0.05,0.1,26478.92,2213.54,6127.92,2224.06,0.9238009158,0.9043416046,0.9043416522,0.9034801702