graph,batch_deletions_fraction,batch_insertions_fraction,batch_fraction,lousta-t,lounai-t,loudel-t,loufro-t,lousta-m,lounai-m,loudel-m,loufro-m
kmer_V1r,0.00000005,0.00000005,0.0000001,20588.15,21416.65,895.7,669.7,0.947518284,0.9472887905,0.947475864,0.947428381
kmer_V1r,0.0000005,0.0000005,0.000001,19705.9,20325.7,1295.5,625.8,0.946773024,0.9470008255,0.947610318,0.947427962
kmer_V1r,0.000005,0.000005,0.00001,19691.75,21133.05,1416.95,650.7,0.946298964,0.9464011215,0.9476975925,0.9474239725
kmer_V1r,0.00005,0.00005,0.0001,17804.4,21406.95,1370.8,631.4,0.946723764,0.945880635,0.9476847,0.947383834
kmer_V1r,0.0005,0.0005,0.001,18845.7,19356,1374.85,765.35,0.9449564675,0.946057362,0.947283336,0.9469805495
kmer_V1r,0.005,0.005,0.01,19460.75,19456.75,2693,1864.3,0.944228939,0.9440382085,0.9439923835,0.942966694
kmer_V1r,0.05,0.05,0.1,25271.1,23759.2,3677.4,2435.05,0.9238607045,0.92364037,0.904108671,0.9031606705