graph,order,size,batch_deletions_size,batch_insertions_size,batch_size,batch_fraction,seqsta-t,ompsta-t,ompnai-t,ompdel-t,ompfro-t,seqsta-m,ompsta-m,ompnai-m,ompdel-m,ompfro-m
kmer_A2a,1.71E+08,3.61E+08,0.00E+00,3.60E+02,3.60E+02,9.98E-07,655817.32,150051.44,1351.14,1025.48,737.96,0.9744490492,0.9743828618,0.9740420118,0.9740386958,0.9740117164
kmer_A2a,1.71E+08,3.61E+08,0.00E+00,3.60E+03,3.60E+03,9.99E-06,638447.1,158545.86,1338.48,1193.06,765.96,0.9744408244,0.974407127,0.97403304,0.9740319486,0.974002951
kmer_A2a,1.71E+08,3.61E+08,0.00E+00,3.61E+04,3.61E+04,1.00E-04,638220.58,158625.22,1247.06,1245.68,761.02,0.9743296352,0.9743338278,0.9739456448,0.9739454592,0.9739152978
kmer_A2a,1.71E+08,3.61E+08,0.00E+00,3.61E+05,3.61E+05,1.00E-03,662989.38,160048.36,1301.5,1338.28,783.3,0.9733440504,0.9732964384,0.9730693538,0.973069533,0.9730396404
kmer_A2a,1.71E+08,3.61E+08,0.00E+00,3.61E+06,3.61E+06,1.00E-02,712071.4,173800.86,1786.92,1737.2,946.68,0.9635661436,0.9634305858,0.9643985876,0.9643984346,0.9643699992
kmer_A2a,1.71E+08,3.61E+08,0.00E+00,3.61E+07,3.61E+07,1.00E-01,1061628.5,232271.26,2291.16,2218.2,1523.34,0.8775536446,0.8772133226,0.8854947576,0.8854947592,0.8854721916