graph,batch_deletions_fraction,batch_insertions_fraction,batch_fraction,lousta-t,lounai-t,loudel-t,loufro-t,lousta-m,lounai-m,loudel-m,loufro-m
kmer_V1r,0.00000005,0.00000005,0.0000001,20907.52,814.52,818.2,123.38,0.9466748608,0.9480958966,0.9480959026,0.9470591038
kmer_V1r,0.0000005,0.0000005,0.000001,19872.4,990.72,931.76,124.3,0.94587396,0.9480955192,0.9480955118,0.9470586924
kmer_V1r,0.000005,0.000005,0.00001,21044.08,871.76,993.58,127.66,0.9465465678,0.9480915108,0.9480915112,0.9470546826
kmer_V1r,0.00005,0.00005,0.0001,20186.48,912.04,1285.96,157.1,0.946568422,0.9480513194,0.9480513574,0.9470143532
kmer_V1r,0.0005,0.0005,0.001,21364.14,941.18,1939.88,169.16,0.9455831344,0.9476492526,0.9476492568,0.9466110622
kmer_V1r,0.005,0.005,0.01,21815.66,1256.68,3035.32,711.38,0.9441352068,0.9436308736,0.9436308672,0.94257922
kmer_V1r,0.05,0.05,0.1,27186.92,2277.4,3400.82,2175.12,0.9235871376,0.903778394,0.9037784218,0.9025961306