graph,order,size,batch_deletions_size,batch_insertions_size,batch_size,batch_fraction,seqsta-t,ompsta-t,ompnai-t,ompdel-t,ompfro-t,seqsta-m,ompsta-m,ompnai-m,ompdel-m,ompfro-m
kmer_A2a,170728175,360585172,36,36,36,0.0000001,653467.22,156636.64,1464.55,852.63,750.11,0.9744432346,0.9743193883,0.9742139397,0.974190901,0.9741845474
kmer_A2a,170728175,360585172,360,360,360,0.000001,651168.17,153794.03,1329.01,953.99,764.76,0.9744469456,0.9743848071,0.9742133394,0.9742056646,0.9741841108
kmer_A2a,170728175,360585172,3604,3604,3604,0.00001,659587.69,152502.33,1240.25,1051.85,739.93,0.9744449802,0.9743164701,0.9742087222,0.974210826,0.9741797585
kmer_A2a,170728175,360585172,36060,36060,36060,0.0001,654298.22,146507.41,1212.7,1157.95,753.88,0.9744259576,0.9742778085,0.9741646029,0.9741619175,0.974135966
kmer_A2a,170728175,360585172,360600,360600,360600,0.001,658913.16,155728.74,1235.21,1303.51,757.6,0.9741447224,0.9740300484,0.9737285386,0.9737269889,0.9736991249
kmer_A2a,170728175,360585172,3606000,3606000,3606000,0.01,738224.09,172731.71,1700.97,1644.24,861.57,0.971145224,0.9708690693,0.9694022036,0.9694015811,0.9693737505
kmer_A2a,170728175,360585172,36060000,36060000,36060000,0.1,1253184.97,227845.89,2059.32,2004.65,1303.24,0.935615904,0.9353719955,0.9299724887,0.9299713406,0.9299469642