graph,batch_deletions_fraction,batch_insertions_fraction,batch_fraction,lousta-t,lounai-t,loudel-t,loufro-t,lousta-m,lounai-m,loudel-m,loufro-m
kmer_A2a,0.00000005,0.00000005,0.0000001,18858.56,852.98,830.98,105.5,0.9726799798,0.973221379,0.973221431,0.9727307934
kmer_A2a,0.0000005,0.0000005,0.000001,18357.58,962.16,793.18,103.28,0.9724743234,0.9732209948,0.9732209916,0.972730365
kmer_A2a,0.000005,0.000005,0.00001,18672.04,1151.84,710.5,106.88,0.9723916902,0.9732167032,0.9732167636,0.972726136
kmer_A2a,0.00005,0.00005,0.0001,18541.88,845.46,881.92,182.34,0.9731425102,0.9731741538,0.97317418,0.9726834606
kmer_A2a,0.0005,0.0005,0.001,17524.48,1182.84,1804.44,313.56,0.9719767308,0.9727490244,0.9727490928,0.9722576536
kmer_A2a,0.005,0.005,0.01,17473.06,1073.1,1930.9,441.96,0.9694283816,0.9684968674,0.9684968746,0.9679982246
kmer_A2a,0.05,0.05,0.1,21268.04,2140.92,3114.28,1830.96,0.946653919,0.9264102088,0.9264101968,0.9258361104