graph,order,size,batch_deletions_size,batch_insertions_size,batch_size,batch_fraction,seqsta-t,ompsta-t,ompnai-t,ompdel-t,ompfro-t,seqsta-m,ompsta-m,ompnai-m,ompdel-m,ompfro-m
kmer_V1r,214005017,465410904,46,46,46,0.0000001,776058.05,197259.84,1762.49,1120.11,972.56,0.9493232481,0.9491475676,0.9465284828,0.9459699763,0.945630686
kmer_V1r,214005017,465410904,464,464,464,0.000001,796596.14,199892.05,1532.33,1318.57,977.42,0.9493239373,0.9491866829,0.9465907356,0.9466044941,0.9456302759
kmer_V1r,214005017,465410904,4654,4654,4654,0.00001,796519.4,191627.14,1480.2,1443.69,968.2,0.9493320563,0.9491708413,0.9466080307,0.9466463406,0.9456259389
kmer_V1r,214005017,465410904,46540,46540,46540,0.0001,794374.49,196023.66,1566.53,1559.47,997.61,0.9493036982,0.9491354461,0.9466026641,0.9465703212,0.9455836257
kmer_V1r,214005017,465410904,465400,465400,465400,0.001,800833.85,201023.87,1590.7,1549.27,981.6,0.9490710193,0.9488209811,0.9461494292,0.9461405718,0.9451882834
kmer_V1r,214005017,465410904,4654000,4654000,4654000,0.01,875901.97,218404.51,2115.18,2009.47,1153.37,0.9466252282,0.9461554171,0.9418940033,0.9419462187,0.9410421227
kmer_V1r,214005017,465410904,46540000,46540000,46540000,0.1,1472237.23,287876.24,2616.42,2487.3,1674.05,0.9169677173,0.9167692445,0.9036695266,0.9036636458,0.9029525608