graph,batch_deletions_fraction,batch_insertions_fraction,batch_fraction,lousta-t,lounai-t,loudel-t,loufro-t,lousta-m,lounai-m,loudel-m,loufro-m
kmer_A2a,0.00000005,0.00000005,0.0000001,21324.02,1454.36,2983.32,948.06,0.973302049,0.9736976322,0.973398821,0.9733069258
kmer_A2a,0.0000005,0.0000005,0.000001,19338,1525.3,3108.78,1068.56,0.9721815348,0.973697205,0.9736495958,0.9733065068
kmer_A2a,0.000005,0.000005,0.00001,18293.64,1594.06,3368.36,1006.64,0.9730470826,0.9736929106,0.9736822488,0.9733022754
kmer_A2a,0.00005,0.00005,0.0001,18286.92,1568.74,3308.86,1050.68,0.9730418706,0.9736503296,0.9736495796,0.973259712
kmer_A2a,0.0005,0.0005,0.001,18275.8,1495.14,3285.8,1081.62,0.9726181678,0.973225053,0.973225079,0.9728343362
kmer_A2a,0.005,0.005,0.01,18417.9,1517.84,3462.84,1161.62,0.9698444098,0.9689725142,0.9689725466,0.968582637
kmer_A2a,0.05,0.05,0.1,22556.72,2191,5004.6,1650.16,0.9466833914,0.9268424066,0.9268424796,0.9264694458