graph,batch_deletions_fraction,batch_insertions_fraction,batch_fraction,lousta-t,lounai-t,loudel-t,loufro-t,lousta-m,lounai-m,loudel-m,loufro-m
kmer_V1r,0.0000001,0,0.0000001,23842.54,1994.84,1496.08,1159.82,0.946735381,0.9484929892,0.947732689,0.9474921178
kmer_V1r,0.000001,0,0.000001,22467.5,2030,1788.32,1147.48,0.9462971296,0.9484929868,0.9483250646,0.9474921236
kmer_V1r,0.00001,0,0.00001,23224.64,2197.08,2641.98,1133.7,0.9466548428,0.948493085,0.9484610928,0.9474922034
kmer_V1r,0.0001,0,0.0001,21925.76,2223.04,2041.6,1151.52,0.9472916288,0.9484938146,0.9484910526,0.9474929778
kmer_V1r,0.001,0,0.001,22254.58,2427.58,2063.24,1164.92,0.946907732,0.9485014384,0.9485014336,0.947500673
kmer_V1r,0.01,0,0.01,23822.46,2554.38,2080.02,1402.76,0.948034879,0.948576534,0.9485765218,0.9475783156
kmer_V1r,0.1,0,0.1,22801.12,2358.24,2659.2,2017.74,0.9551304988,0.9492817064,0.9492807008,0.9483173526