graph,order,size,batch_deletions_size,batch_insertions_size,batch_size,batch_fraction,seqsta-t,ompsta-t,ompnai-t,ompdel-t,ompfro-t,seqsta-m,ompsta-m,ompnai-m,ompdel-m,ompfro-m
kmer_A2a,170728175,360585172,0,2,2,0.000000005546539778,651417.6,159308.2,1569.54,818.3,805.5,0.9744434184,0.9744039136,0.9742526356,0.9742366556,0.974236361
kmer_A2a,170728175,360585172,0,36,36,0.00000009983771601,646078.16,158337.68,1423.72,856.04,723.82,0.9744437016,0.9743623304,0.9742526448,0.9742402246,0.9742362712
kmer_A2a,170728175,360585172,0,360,360,0.0000009983771601,644641.56,149381.32,1361.76,972.52,765.32,0.9744460442,0.9744195502,0.9742520984,0.9742460766,0.9742353934
kmer_A2a,170728175,360585172,0,3604,3604,0.000009994864681,645358.12,156026.22,1272.7,1094.06,736.7,0.9744379808,0.9742418552,0.9742430706,0.9742420072,0.9742266352
kmer_A2a,170728175,360585172,0,36060,36060,0.0001000041122,662659,155947.96,1197.16,1147.7,765.04,0.974343845,0.974251301,0.974155656,0.9741556152,0.9741389416
kmer_A2a,170728175,360585172,0,360600,360600,0.001000041122,668121.82,156025.9,1185.26,1267.48,717.56,0.9733433998,0.9732785508,0.973279288,0.9732785662,0.9732631408
kmer_A2a,170728175,360585172,0,3606000,3606000,0.01000041122,724539.66,170194.72,1691.36,1661.98,876.84,0.9635599016,0.9633052482,0.9646083748,0.9646084246,0.964592131
kmer_A2a,170728175,360585172,0,36060000,36060000,0.1000041122,1081014.04,220905.26,2370.56,2326.7,1583.9,0.8775304684,0.877047846,0.8856884462,0.8856877694,0.8856761676