graph,order,size,batch_deletions_size,batch_insertions_size,batch_size,batch_fraction,seqsta-t,ompsta-t,ompnai-t,ompdel-t,ompfro-t,seqsta-m,ompsta-m,ompnai-m,ompdel-m,ompfro-m
kmer_V1r,214005017,465410904,0,4,4,0.000000008594555834,776740.44,210999.8,1769.24,926.12,904.54,0.9493175702,0.949128785,0.94449869,0.942919017,0.942917017
kmer_V1r,214005017,465410904,0,46,46,0.00000009883739209,773285.06,194589.14,1702.62,1150.56,966.14,0.9493213988,0.9492073314,0.9445475236,0.943505877,0.9429169306
kmer_V1r,214005017,465410904,0,464,464,0.0000009969684767,805171.04,194986.52,1445.26,1303.64,952.62,0.9493171706,0.949243739,0.9446414998,0.9446728608,0.9429160872
kmer_V1r,214005017,465410904,0,4654,4654,0.000009999765712,788832.72,191188.54,1426.62,1419.42,939.44,0.9493359168,0.9491317614,0.9446760344,0.944752497,0.9429074628
kmer_V1r,214005017,465410904,0,46540,46540,0.00009999765712,791397.94,190877.38,1471.94,1483.88,944.08,0.9492112156,0.949059528,0.9446720258,0.944610662,0.9428227134
kmer_V1r,214005017,465410904,0,465400,465400,0.0009999765712,797293.6,198322.24,1568.86,1562.74,971.92,0.9482035184,0.9478978176,0.9437570842,0.943738125,0.942028526
kmer_V1r,214005017,465410904,0,4654000,4654000,0.009999765712,870041.64,211101.14,2076.62,1958.84,1219.64,0.9381798822,0.9379703838,0.9352179342,0.9353227048,0.933703131
kmer_V1r,214005017,465410904,0,46540000,46540000,0.09999765712,1306057.6,281281.7,2860.62,2710.48,2045.32,0.8520391564,0.8516098144,0.8587102992,0.85870502,0.8574152178