graph,order,size,batch_deletions_size,batch_insertions_size,batch_size,batch_fraction,ompsta-t,ompnai-t,ompdel-t,ompfro-t,ompsta-m,ompnai-m,ompdel-m,ompfro-m
kmer_V1r,214005017,465410904,22,22,44,0.0000001,178129.58,1485.5,3355.78,886.6,0.9491186918,0.948738783,0.9487051348,0.9486722872
kmer_V1r,214005017,465410904,232,232,464,0.000001,175702.8,1392.02,1885.24,888.64,0.9491796786,0.9487462434,0.9487459944,0.9486718648
kmer_V1r,214005017,465410904,2326,2326,4652,0.00001,153454.3,1284.7,1483.06,844.82,0.9490056758,0.9487468634,0.948758367,0.9486676214
kmer_V1r,214005017,465410904,23270,23270,46540,0.0001,146373.86,1354.6,1383.18,854.32,0.9492020094,0.9487087184,0.9487040404,0.9486251038
kmer_V1r,214005017,465410904,232700,232700,465400,0.001,146585.18,1346.58,2871.7,905.82,0.9487243324,0.9482789276,0.9482810214,0.9481996376
kmer_V1r,214005017,465410904,2327000,2327000,4654000,0.01,152143.78,1761.7,4945.78,997.86,0.9467386786,0.9440135902,0.944014257,0.943933707
kmer_V1r,214005017,465410904,23270000,23270000,46540000,0.1,229647.64,2119.12,6106.94,1582.74,0.9264994078,0.900175936,0.9001907758,0.900125837