graph,order,size,batch_deletions_size,batch_insertions_size,batch_size,batch_fraction,seqsta-t,ompsta-t,ompnai-t,ompdel-t,ompfro-t,seqsta-m,ompsta-m,ompnai-m,ompdel-m,ompfro-m
kmer_V1r,2.14E+08,4.65E+08,0.00E+00,4.64E+02,4.64E+02,9.97E-07,782253.2,180614.68,1642.64,1404.46,1012.3,0.9493361632,0.9491131506,0.9481842204,0.9481700358,0.948035099
kmer_V1r,2.14E+08,4.65E+08,0.00E+00,4.65E+03,4.65E+03,1.00E-05,775683.9,193104.12,1671.98,1738.66,1047.34,0.9493134544,0.9491494164,0.9481756696,0.948168231,0.9480265704
kmer_V1r,2.14E+08,4.65E+08,0.00E+00,4.65E+04,4.65E+04,1.00E-04,781857.14,195996.44,1600.26,1545.02,1032.08,0.9492295644,0.9490099084,0.9480842516,0.948087923,0.9479411862
kmer_V1r,2.14E+08,4.65E+08,0.00E+00,4.65E+05,4.65E+05,1.00E-03,787809.92,196576.38,1702.32,1670.08,1093.36,0.9482200154,0.9479786966,0.9472262262,0.94722914,0.9470893174
kmer_V1r,2.14E+08,4.65E+08,0.00E+00,4.65E+06,4.65E+06,1.00E-02,866793.92,204570.4,2135.48,2158.04,1209.02,0.938104448,0.937883601,0.9387885154,0.9387871944,0.9386558656
kmer_V1r,2.14E+08,4.65E+08,0.00E+00,4.65E+07,4.65E+07,1.00E-01,1334926.68,269088.42,2855.38,2863.92,1983.7,0.8520450086,0.8515431738,0.8619897168,0.8619889288,0.8618782976