graph,order,size,batch_deletions_size,batch_insertions_size,batch_size,batch_fraction,ompsta-t,ompnai-t,ompdel-t,ompfro-t,ompsta-m,ompnai-m,ompdel-m,ompfro-m
kmer_A2a,170728175,360585172,18,18,36,0.0000001,150883.48,1279.56,2684.12,687.7,0.9744281234,0.9741690488,0.9741579162,0.9741425432
kmer_A2a,170728175,360585172,180,180,360,0.000001,139235.52,1214.8,2046.76,691.02,0.974326615,0.9741738748,0.9741679372,0.9741421144
kmer_A2a,170728175,360585172,1802,1802,3604,0.00001,131208.18,1091.04,1611.92,657.26,0.9743545578,0.974168464,0.9741682636,0.9741377368
kmer_A2a,170728175,360585172,18030,18030,36060,0.0001,132540.94,1138.96,1186.32,703.88,0.9743023966,0.974121967,0.9741190806,0.9740941676
kmer_A2a,170728175,360585172,180300,180300,360600,0.001,120591.46,1026.44,2021.18,731.18,0.9741091096,0.973680686,0.9736776924,0.9736566446
kmer_A2a,170728175,360585172,1803000,1803000,3606000,0.01,124500.82,1423.1,3834.28,783.32,0.9714205208,0.969298003,0.96929956,0.9692727824
kmer_A2a,170728175,360585172,18030000,18030000,36060000,0.1,181958.46,1668.52,4880.36,1265.82,0.949699976,0.9243543408,0.9243374052,0.9243119674