graph,order,size,batch_deletions_size,batch_insertions_size,batch_size,batch_fraction,ompsta-t,ompnai-t,ompdel-t,ompfro-t,ompsta-m,ompnai-m,ompdel-m,ompfro-m
sk-2005,50636154,3801606919,190,190,380,0.0000001,21527.16,1496.64,1299.86,655.68,0.9771858502,0.9681832284,0.9681256502,0.9678956346
sk-2005,50636154,3801606919,1900,1900,3800,0.000001,27253.12,1544.04,1388.84,591.5,0.977214355,0.9680458578,0.9680458578,0.9677592084
sk-2005,50636154,3801606919,19010,19010,38020,0.00001,28239.2,1257.68,1309.04,610.46,0.9772241962,0.9679811608,0.9679811608,0.9676883804
sk-2005,50636154,3801606919,190100,190100,380200,0.0001,28195.56,1163.22,1375.28,665.5,0.9767506116,0.9672704472,0.9672704472,0.9669723328
sk-2005,50636154,3801606919,1901000,1901000,3802000,0.001,29727.04,1258.34,2037.9,809.74,0.9757562174,0.9670086064,0.9670086064,0.966735353
sk-2005,50636154,3801606919,19010000,19010000,38020000,0.01,40687.52,1468.98,2704.36,1253.4,0.8883736882,0.9635059704,0.9635215462,0.9633857342
sk-2005,50636154,3801606919,190100000,190100000,380200000,0.1,44390.54,1927.24,8982.7,2999.44,0.9197727382,0.9205528028,0.9205332236,0.9205332288