graph,order,size,batch_deletions_size,batch_insertions_size,batch_size,batch_fraction,seqsta-t,ompsta-t,ompnai-t,ompdel-t,ompfro-t,seqsta-m,ompsta-m,ompnai-m,ompdel-m,ompfro-m
sk-2005,50636154,3801606919,0,38,38,0.000000009995773053,86380.8,18081.7,1325.66,939.02,610.72,0.976780099,0.9768548848,0.9713035946,0.9711934388,0.971120002
sk-2005,50636154,3801606919,0,380,380,0.00000009995773053,86714.18,21186.9,1243.16,1112.16,569.96,0.976780012,0.9769177238,0.9713035076,0.9713035076,0.9711199154
sk-2005,50636154,3801606919,0,3800,3800,0.0000009995773053,85105.36,19197.12,1530.92,1438.24,567.94,0.9767847704,0.9772343708,0.9713026384,0.9713026384,0.9711190462
sk-2005,50636154,3801606919,0,38020,38020,0.00001000103399,85740.28,19574.96,1478.44,1457.16,585.28,0.9767853574,0.9770403268,0.9712939228,0.9712939228,0.971110332
sk-2005,50636154,3801606919,0,380200,380200,0.0001000103399,87231.4,19279.12,1390.84,1339.86,636.86,0.9767038264,0.9770331908,0.9712067522,0.9712067522,0.97102318
sk-2005,50636154,3801606919,0,3802000,3802000,0.001000103399,95487.72,15036.84,1330.14,1395.44,743.84,0.9758025454,0.9762368722,0.970352004,0.9703520042,0.970168629
sk-2005,50636154,3801606919,0,38020000,38020000,0.01000103399,138162.06,18379.92,1723.6,1494.1,1261.6,0.9664685832,0.9669586196,0.961837312,0.9618363624,0.9617653962
sk-2005,50636154,3801606919,0,380200000,380200000,0.1000103399,280152.96,29732.84,2847.36,2569.84,2539.08,0.8883737904,0.8877341892,0.8834361184,0.8834397032,0.8833722366