graph,order,size,batch_deletions_size,batch_insertions_size,batch_size,batch_fraction,seqsta-t,ompsta-t,ompnai-t,ompdel-t,ompfro-t,seqsta-m,ompsta-m,ompnai-m,ompdel-m,ompfro-m
sk-2005,50636154,3801606919,380,380,380,0.0000001,87675.66,22074.4,1460.73,1214.67,580.04,0.976877113,0.9771564152,0.9701950821,0.9701948455,0.9701000349
sk-2005,50636154,3801606919,3800,3800,3800,0.000001,92247.1,22648.18,1547.58,1356.96,561.22,0.9769983169,0.977405998,0.970340433,0.9703405503,0.9702455529
sk-2005,50636154,3801606919,38020,38020,38020,0.00001,93087.95,24575.88,1462.34,1428.76,628.05,0.976560372,0.9770551458,0.969958702,0.969958702,0.9698635965
sk-2005,50636154,3801606919,380200,380200,380200,0.0001,94358.66,24338.98,1396.35,1375.29,686.89,0.9765098998,0.9769014608,0.9697421952,0.9697420828,0.9696471929
sk-2005,50636154,3801606919,3802000,3802000,3802000,0.001,110532.11,23150.54,1295.45,1282.22,802.81,0.9756346769,0.9760672167,0.9694209921,0.9694209922,0.9693264356
sk-2005,50636154,3801606919,38020000,38020000,38020000,0.01,177009.45,30759.67,1439.1,1371.19,1194.85,0.9687042863,0.9616080389,0.9652039788,0.9652033832,0.9651666858
sk-2005,50636154,3801606919,380200000,380200000,380200000,0.1,242994.7,37991.18,2217.9,1993.33,2001.29,0.9320151155,0.9317576589,0.9259351977,0.9259369901,0.9259032567