graph,batch_deletions_fraction,batch_insertions_fraction,batch_fraction,lousta-t,lounai-t,loudel-t,loufro-t,lousta-m,lounai-m,loudel-m,loufro-m
sk-2005,0.00000005,0.00000005,0.0000001,7634.1,2095.6,2416.96,1168.9,0.9757371468,0.9760207774,0.9759999952,0.9757839096
sk-2005,0.0000005,0.0000005,0.000001,7647.46,2036.36,2672.98,1141.26,0.976076226,0.9760203214,0.9760195318,0.97578347
sk-2005,0.000005,0.000005,0.00001,6886.8,1716.34,2318.98,1016.12,0.9760589692,0.9760159842,0.976015919,0.9758386492
sk-2005,0.00005,0.00005,0.0001,6630.9,1529.38,2235.98,1047.5,0.9758856524,0.9759721292,0.9759721266,0.975874319
sk-2005,0.0005,0.0005,0.001,6747.68,1441.06,2323.94,1114.32,0.9740054558,0.9755347908,0.9755347714,0.9754796594
sk-2005,0.005,0.005,0.01,7857.88,1436.38,3174.92,1404.5,0.9700173246,0.97125584,0.9712558154,0.9712373036
sk-2005,0.05,0.05,0.1,20234.26,2582.82,8976.26,3596.78,0.9296676482,0.9298662012,0.9298661894,0.9298660896