graph,batch_deletions_fraction,batch_insertions_fraction,batch_fraction,lousta-t,lounai-t,loudel-t,loufro-t,lousta-m,lounai-m,loudel-m,loufro-m
sk-2005,0.00000005,0.00000005,0.0000001,7797.9,1012.58,1054.34,55.38,0.9760236084,0.9760503892,0.9760504394,0.9757815612
sk-2005,0.0000005,0.0000005,0.000001,7128.92,932.96,946.74,80.16,0.9759800214,0.9760500402,0.976050004,0.9758013208
sk-2005,0.000005,0.000005,0.00001,6688.2,808.4,926.88,167.34,0.9758835186,0.976045652,0.9760456036,0.9758825784
sk-2005,0.00005,0.00005,0.0001,6454.28,707.68,837.86,261.18,0.9759194072,0.9760017946,0.9760017708,0.9759016406
sk-2005,0.0005,0.0005,0.001,6543.4,889.42,1144.52,548.98,0.97452064,0.9755646196,0.975564577,0.9754987424
sk-2005,0.005,0.005,0.01,7726.22,1406.4,1968.76,1140.38,0.9701959054,0.9712894226,0.971289388,0.9712567714
sk-2005,0.05,0.05,0.1,18585.8,7147.52,9255.78,7013.42,0.9298172262,0.930100655,0.9301006608,0.9300895282