graph,batch_deletions_fraction,batch_insertions_fraction,batch_fraction,lousta-t,lounai-t,loudel-t,loufro-t,lousta-m,lounai-m,loudel-m,loufro-m
sk-2005,0.00000005,0.00000005,0.0000001,7657.4,7687.25,768.7,156.15,0.975371662,0.9754596295,0.9758876055,0.975675654
sk-2005,0.0000005,0.0000005,0.000001,8093.9,7518.65,994.55,193.65,0.975761284,0.9753182065,0.975899512,0.975675216
sk-2005,0.000005,0.000005,0.00001,7546.15,7767.35,1171.3,284.05,0.975669599,0.975536851,0.9758956005,0.975738368
sk-2005,0.00005,0.00005,0.0001,7310.8,7240.15,1095.95,395.05,0.9762025055,0.976297895,0.9758516285,0.975786761
sk-2005,0.0005,0.0005,0.001,6684.25,6676.85,1344.25,667.8,0.9749716995,0.9747253485,0.975413359,0.9753736135
sk-2005,0.005,0.005,0.01,7649.6,7657.65,2350.2,1502.35,0.970199893,0.9699662425,0.971149352,0.9711335165
sk-2005,0.05,0.05,0.1,18493.4,18848.6,5625.65,2526.7,0.9290438795,0.926159075,0.929951721,0.9299516005