graph,order,size,batch_deletions_size,batch_insertions_size,batch_size,batch_fraction,seqsta-t,ompsta-t,ompnai-t,ompdel-t,ompfro-t,seqsta-m,ompsta-m,ompnai-m,ompdel-m,ompfro-m
uk-2002,18520486,566785284,56,56,56,0.0000001,19100.29,5180.55,269.7,158.86,131.38,0.9904310133,0.9902564136,0.9894986758,0.989499162,0.9894986722
uk-2002,18520486,566785284,566,566,566,0.000001,19473.25,5039.25,246.9,175.16,122.72,0.990447591,0.9902544619,0.9895143873,0.9895153644,0.9895143836
uk-2002,18520486,566785284,5666,5666,5666,0.00001,21278.4,6246.22,237.67,223.15,106.58,0.9904715607,0.9902266795,0.9895380065,0.9895394767,0.9895380033
uk-2002,18520486,566785284,56680,56680,56680,0.0001,22641.83,7202.9,250.11,245.58,103.46,0.9904049575,0.9894810215,0.9894815375,0.9894820288,0.989481532
uk-2002,18520486,566785284,566800,566800,566800,0.001,27325.51,7610.33,250.5,239.17,116.23,0.9898414458,0.9889498265,0.9890050679,0.9890050717,0.9890035896
uk-2002,18520486,566785284,5668000,5668000,5668000,0.01,45899.01,9142.79,302.86,287.7,215.9,0.9844958731,0.9825619801,0.9846727645,0.9846727439,0.9846710221
uk-2002,18520486,566785284,56680000,56680000,56680000,0.1,83975.53,13478.62,407.7,429.56,452.89,0.9438006109,0.9420723747,0.9446199871,0.9446196,0.9446194633