graph,batch_deletions_fraction,batch_insertions_fraction,batch_fraction,lousta-t,lounai-t,loudel-t,loufro-t,lousta-m,lounai-m,loudel-m,loufro-m
uk-2002,0,0.0000001,0.0000001,1091.24,327.86,60.74,57.9,0.990435641,0.9905888888,0.9904660344,0.9904555498
uk-2002,0,0.000001,0.000001,1061.56,312.48,94.88,46.22,0.990430357,0.9905884262,0.9905145828,0.9904550814
uk-2002,0,0.00001,0.00001,1080.12,329.04,162.74,48.76,0.9904194014,0.9905836808,0.9905694638,0.9904509434
uk-2002,0,0.0001,0.0001,1052.7,331.66,197.56,49.9,0.9903682254,0.9905362846,0.9905359486,0.9904042796
uk-2002,0,0.001,0.001,1051.9,338.46,220.7,64.16,0.9899093328,0.9900627246,0.990062713,0.9899471714
uk-2002,0,0.01,0.01,1557.16,376.14,377.58,180.2,0.9851799772,0.9853625674,0.9853624794,0.9852792866
uk-2002,0,0.1,0.1,4134.42,531.8,1359.96,839.82,0.9414769134,0.9414483276,0.9414432848,0.94142958