graph,order,size,batch_deletions_size,batch_insertions_size,batch_size,batch_fraction,seqsta-t,ompsta-t,ompnai-t,ompdel-t,ompfro-t,seqsta-m,ompsta-m,ompnai-m,ompdel-m,ompfro-m
uk-2002,1.85E+07,5.67E+08,0.00E+00,5.66E+02,5.66E+02,9.99E-07,18916.26,5246.86,320.78,225.42,139.24,0.9904302014,0.9900547178,0.988906751,0.9889192984,0.9889186978
uk-2002,1.85E+07,5.67E+08,0.00E+00,5.67E+03,5.67E+03,1.00E-05,19093.48,5425.52,273.92,258.06,116.1,0.9904206742,0.9903129008,0.9888977558,0.9889002888,0.9889097028
uk-2002,1.85E+07,5.67E+08,0.00E+00,5.67E+04,5.67E+04,1.00E-04,18825.4,5042.6,271.7,273.3,122.44,0.9903305958,0.990089943,0.9888090598,0.9888090592,0.9888209992
uk-2002,1.85E+07,5.67E+08,0.00E+00,5.67E+05,5.67E+05,1.00E-03,20029.48,4851.32,251.88,248.98,124.4,0.9894405874,0.9891290316,0.9879271334,0.9879271426,0.9879390616
uk-2002,1.85E+07,5.67E+08,0.00E+00,5.67E+06,5.67E+06,1.00E-02,30367.5,5113.66,315.28,304.32,209.32,0.9805713936,0.9799929312,0.9791525804,0.9791525702,0.9791619666
uk-2002,1.85E+07,5.67E+08,0.00E+00,5.67E+07,5.67E+07,1.00E-01,76689.34,8380.9,464.34,489.24,465.52,0.9011067364,0.8998956496,0.8992288776,0.8992275072,0.8992283068