graph,order,size,batch_deletions_size,batch_insertions_size,batch_size,batch_fraction,seqsta-t,ompsta-t,ompnai-t,ompdel-t,ompfro-t,seqsta-m,ompsta-m,ompnai-m,ompdel-m,ompfro-m
uk-2005,39459925,1729332281,0,16,16,0.000000009252125908,53297.52,12379.96,989.6,561.4,385.06,0.9820609066,0.9816848866,0.9811597944,0.981154894,0.981154894
uk-2005,39459925,1729332281,0,172,172,0.00000009946035351,52638.6,12975,1106.56,837.3,377.08,0.9820608372,0.9816473916,0.981159672,0.981159478,0.9811548058
uk-2005,39459925,1729332281,0,1728,1728,0.000000999229598,52217.52,12465.8,947.9,879.14,368.7,0.9820598098,0.981707542,0.981158826,0.9811588084,0.9811539252
uk-2005,39459925,1729332281,0,17290,17290,0.000009998078559,51887.7,12402.14,987.42,939.72,329.54,0.982050742,0.9816800958,0.981150061,0.9811500608,0.9811451264
uk-2005,39459925,1729332281,0,172900,172900,0.00009998078559,53179.34,13546.46,989.04,976.14,368.7,0.9819609992,0.9813055524,0.9810620934,0.9810621274,0.9810571248
uk-2005,39459925,1729332281,0,1729000,1729000,0.0009998078559,58928.2,12925.78,932.62,917.1,398.46,0.9810966716,0.9803464154,0.9801833808,0.9801833808,0.9801785196
uk-2005,39459925,1729332281,0,17290000,17290000,0.009998078559,89696.12,17090.72,1142.16,1111.3,799.18,0.9723677476,0.9715857174,0.971485508,0.9714855346,0.971482473
uk-2005,39459925,1729332281,0,172900000,172900000,0.09998078559,229032.16,31965.78,1632.3,1823.56,1807.12,0.8939769,0.8928247354,0.892242479,0.89224371,0.8922423874