graph,batch_deletions_fraction,batch_insertions_fraction,batch_fraction,lousta-t,lounai-t,loudel-t,loufro-t,lousta-m,lounai-m,loudel-m,loufro-m
uk-2005,0.0000001,0,0.0000001,5194.16,1365.4,428.78,156.58,0.9820810704,0.9821679576,0.982078885,0.9820639074
uk-2005,0.000001,0,0.000001,5398.52,1272.8,580.8,138.96,0.9820747772,0.982167951,0.9821283074,0.9820639042
uk-2005,0.00001,0,0.00001,5257.2,1278.94,765.48,145.88,0.9820797602,0.9821679182,0.9821632754,0.982063904
uk-2005,0.0001,0,0.0001,5215.86,1277.92,764.7,147.48,0.9820821032,0.9821676054,0.9821674536,0.9820644696
uk-2005,0.001,0,0.001,4686.74,1207,843.14,185.6,0.9819108834,0.982164543,0.9821645426,0.9820665644
uk-2005,0.01,0,0.01,5021.22,1256.5,1092.02,474.96,0.9816705768,0.982134179,0.9821341768,0.9820532314
uk-2005,0.1,0,0.1,5329.14,1424.12,2576.56,2016.3,0.9743270968,0.981863119,0.9818638674,0.981829414