graph,order,size,batch_deletions_size,batch_insertions_size,batch_size,batch_fraction,seqsta-t,ompsta-t,ompnai-t,ompdel-t,ompfro-t,seqsta-m,ompsta-m,ompnai-m,ompdel-m,ompfro-m
uk-2005,3.95E+07,1.73E+09,0.00E+00,1.73E+03,1.73E+03,9.99E-07,51259.86,13123.58,1171.14,1038.62,492.56,0.9820597234,0.9817046674,0.9810653908,0.9810653898,0.98104889
uk-2005,3.95E+07,1.73E+09,0.00E+00,1.73E+04,1.73E+04,1.00E-05,52518.12,13100.46,1049.46,999.74,398.96,0.9820500014,0.981802578,0.9810565904,0.9810565906,0.9810400898
uk-2005,3.95E+07,1.73E+09,0.00E+00,1.73E+05,1.73E+05,1.00E-04,54103.1,11896.02,843.64,863.58,341.4,0.9819602528,0.9814516024,0.9809686392,0.9809686392,0.98095214
uk-2005,3.95E+07,1.73E+09,0.00E+00,1.73E+06,1.73E+06,1.00E-03,59270.5,11745.66,767.24,750.04,346.5,0.9810956776,0.9805514818,0.9800932466,0.9800932466,0.980076802
uk-2005,3.95E+07,1.73E+09,0.00E+00,1.73E+07,1.73E+07,1.00E-02,93171.66,14024.16,818.78,812.74,603.24,0.9723622536,0.9714496188,0.9713999032,0.9713998042,0.9713877378
uk-2005,3.95E+07,1.73E+09,0.00E+00,1.73E+08,1.73E+08,1.00E-01,237384.48,23036.76,1356.54,1397.98,1500.18,0.893978568,0.8930528664,0.892114877,0.8921138782,0.8921138974