graph,order,size,batch_deletions_size,batch_insertions_size,batch_size,batch_fraction,seqsta-t,ompsta-t,ompnai-t,ompdel-t,ompfro-t,seqsta-m,ompsta-m,ompnai-m,ompdel-m,ompfro-m
uk-2005,39459925,1729332281,172,172,172,0.0000001,52330.83,13097.77,1029.01,769.14,331.65,0.9821386059,0.9817471781,0.9811432268,0.9811428791,0.9811403645
uk-2005,39459925,1729332281,1728,1728,1728,0.000001,52265.43,12963.13,921.4,809.34,371.79,0.9824356494,0.9820504346,0.9814418684,0.9814418709,0.9814389852
uk-2005,39459925,1729332281,17290,17290,17290,0.00001,59655.08,17564.62,935.67,862.97,398.51,0.9820707123,0.9815698653,0.9810821421,0.981082142,0.9810792443
uk-2005,39459925,1729332281,172900,172900,172900,0.0001,62377.98,18239.94,915.1,901.56,435.78,0.9820019778,0.9810325876,0.9810279331,0.9810279501,0.9810250188
uk-2005,39459925,1729332281,1729000,1729000,1729000,0.001,76606.49,17981.81,908.7,874.06,469.45,0.9812456193,0.979664309,0.9803917507,0.9803917507,0.9803888648
uk-2005,39459925,1729332281,17290000,17290000,17290000,0.01,119570.16,23880.8,1056.53,1012.35,762.82,0.9755224395,0.9720468025,0.9756814221,0.9756814348,0.975678758
uk-2005,39459925,1729332281,172900000,172900000,172900000,0.1,209067.33,35682.55,1379.13,1451.75,1448.71,0.9372003993,0.9348144886,0.9364910689,0.9364917465,0.936490934