graph,batch_deletions_fraction,batch_insertions_fraction,batch_fraction,lousta-t,lounai-t,loudel-t,loufro-t,lousta-m,lounai-m,loudel-m,loufro-m
uk-2005,0.00000005,0.00000005,0.0000001,5240.44,1263.94,1357.58,600.66,0.9820819828,0.9821835936,0.9821021546,0.9820820354
uk-2005,0.0000005,0.0000005,0.000001,4678.26,1124.92,1492.68,646.46,0.9820826124,0.9821831498,0.9821541866,0.9820819226
uk-2005,0.000005,0.000005,0.00001,4774.24,1119.86,1556.98,718.94,0.9820800904,0.982178721,0.982175798,0.9820772558
uk-2005,0.00005,0.00005,0.0001,4919.76,1066.02,1561.96,715.08,0.9820191892,0.9821343664,0.9821343066,0.9820360884
uk-2005,0.0005,0.0005,0.001,4834.54,1025.24,1602.46,736.4,0.981538003,0.981691739,0.9816917422,0.9816045126
uk-2005,0.005,0.005,0.01,5726.04,926.84,1836.76,886.74,0.9772018824,0.9773476208,0.9773476214,0.9772950256
uk-2005,0.05,0.05,0.1,15158.78,1337.8,4540.9,1807.4,0.936366866,0.9362338762,0.9362338714,0.9362310592