graph,batch_deletions_fraction,batch_insertions_fraction,batch_fraction,lousta-t,lounai-t,loudel-t,loufro-t,lousta-m,lounai-m,loudel-m,loufro-m
uk-2002,0.00000005,0.00000005,0.0000001,1129.34,367.62,426.26,194.58,0.9904360126,0.9905673496,0.9904531856,0.9904367802
uk-2002,0.0000005,0.0000005,0.000001,889.18,296.96,421.92,176.96,0.9904303142,0.9905669208,0.9905059552,0.9904363416
uk-2002,0.000005,0.000005,0.00001,752.94,247.96,434.1,136.24,0.990423254,0.990562456,0.9905542936,0.990433339
uk-2002,0.00005,0.00005,0.0001,764.62,221.64,450.74,131.32,0.9903776424,0.9905179952,0.9905178622,0.9903961964
uk-2002,0.0005,0.0005,0.001,787.8,218.7,461.22,147.26,0.9899259404,0.9900743486,0.99007435,0.9899656614
uk-2002,0.005,0.005,0.01,1147.02,304.06,694.94,256.38,0.985496076,0.9857116488,0.985711646,0.9856397698
uk-2002,0.05,0.05,0.1,2880.58,515.52,2030.1,556.06,0.9449677914,0.9449688184,0.9449688192,0.9449608472