graph,order,size,batch_deletions_size,batch_insertions_size,batch_size,batch_fraction,ompsta-t,ompnai-t,ompdel-t,ompfro-t,ompsta-m,ompnai-m,ompdel-m,ompfro-m
uk-2005,39459925,1729332281,86,86,172,0.0000001,13359.56,1059.9,782.26,385,0.9817383404,0.9812227924,0.9812204614,0.9812131234
uk-2005,39459925,1729332281,864,864,1728,0.000001,13095.18,966.06,797.52,375.88,0.982357144,0.9819524794,0.981952356,0.9819427178
uk-2005,39459925,1729332281,8646,8646,17292,0.00001,17050.28,767.16,870.4,452.48,0.9816401258,0.9814358994,0.981435894,0.9814261938
uk-2005,39459925,1729332281,86470,86470,172940,0.0001,21305.72,684.5,891.24,477.1,0.9804885846,0.9811326418,0.9811326362,0.9811228696
uk-2005,39459925,1729332281,864700,864700,1729400,0.001,22852.32,807.48,1229.68,574.26,0.9778476164,0.980452123,0.980452119,0.9804438024
uk-2005,39459925,1729332281,8647000,8647000,17294000,0.01,31390.2,991.58,1934.38,865.84,0.961118707,0.974787645,0.9747876,0.9747781202
uk-2005,39459925,1729332281,86470000,86470000,172940000,0.1,42471.34,1368.86,4323.66,1864.62,0.8859185372,0.9270372476,0.9270309976,0.9270294846