graph,order,size,batch_deletions_size,batch_insertions_size,batch_size,batch_fraction,seqsta-t,ompsta-t,ompnai-t,ompdel-t,ompfro-t,seqsta-m,ompsta-m,ompnai-m,ompdel-m,ompfro-m
uk-2002,18520486,566785284,0,4,4,0.000000007057346252,19243.6,5260.66,293.32,144.18,135.68,0.990431176,0.9902918664,0.989375668,0.989375665,0.989375665
uk-2002,18520486,566785284,0,56,56,0.00000009880284753,18951.7,4978.08,253.48,140.54,118.06,0.9904310846,0.9903079208,0.9893755776,0.9893755748,0.9893755748
uk-2002,18520486,566785284,0,566,566,0.0000009986144947,18915.4,5255.74,244.72,178.92,115.98,0.9904302688,0.9901542066,0.9893746896,0.9893746878,0.9893746866
uk-2002,18520486,566785284,0,5666,5666,0.000009996730967,19580.5,4612.08,216.8,224.68,106,0.9904206224,0.9902063344,0.9893658098,0.9893658098,0.9893658076
uk-2002,18520486,566785284,0,56680,56680,0.0001000025964,19157.86,4805,234.56,224.5,102.96,0.9903292828,0.9900502556,0.9892769602,0.989276961,0.9892769538
uk-2002,18520486,566785284,0,566800,566800,0.001000025964,20304.42,4547.56,243.96,240.48,115.28,0.9894430426,0.9890708658,0.9884112152,0.9884112098,0.9884112118
uk-2002,18520486,566785284,0,5668000,5668000,0.01000025964,30171.82,5211.26,301.5,307.04,230.46,0.9805594916,0.979799607,0.9796625148,0.9796624736,0.9796625636
uk-2002,18520486,566785284,0,56680000,56680000,0.1000025964,77252.74,8458.38,449.38,501.08,558.34,0.901144389,0.8998145816,0.8997119738,0.8997111852,0.8997116524