graph,batch_deletions_fraction,batch_insertions_fraction,batch_fraction,lousta-t,lounai-t,loudel-t,loufro-t,lousta-m,lounai-m,loudel-m,loufro-m
webbase-2001,0.00000005,0.00000005,0.0000001,6481.74,1514.2,2340.92,847.6,0.9834061292,0.9839628456,0.983663902,0.983506502
webbase-2001,0.0000005,0.0000005,0.000001,6493.92,1416.32,2420.46,844.44,0.9833328442,0.9839624148,0.9838113068,0.9835060766
webbase-2001,0.000005,0.000005,0.00001,6115.7,1301.4,2601.44,961.34,0.9832944608,0.9839581372,0.9839287602,0.983508476
webbase-2001,0.00005,0.00005,0.0001,5832.84,1291.76,2612.8,762.12,0.9832772422,0.9839151838,0.9839134074,0.9834831536
webbase-2001,0.0005,0.0005,0.001,6197.14,1343.58,2776.48,856.76,0.9827995832,0.9834861674,0.9834860744,0.9830955838
webbase-2001,0.005,0.005,0.01,8730.64,1568.88,3619.42,1234.9,0.9785091998,0.9792554434,0.9792554448,0.9789626602
webbase-2001,0.05,0.05,0.1,21019.64,2640.6,7899.32,3132.2,0.9401111352,0.9404712912,0.9404713056,0.9403998268