graph,order,size,batch_deletions_size,batch_insertions_size,batch_size,batch_fraction,seqsta-t,ompsta-t,ompnai-t,ompdel-t,ompfro-t,seqsta-m,ompsta-m,ompnai-m,ompdel-m,ompfro-m
webbase-2001,118142155,1889691191,188,188,188,0.0000001,141217.01,67980.23,1427.96,967.36,781.41,0.9834741127,0.9828457825,0.9809384446,0.980946759,0.9809157838
webbase-2001,118142155,1889691191,1888,1888,1888,0.000001,141852.77,68512.78,1413.95,1116.11,757.17,0.9834925379,0.982922896,0.98095585,0.9809579678,0.9809323689
webbase-2001,118142155,1889691191,18900,18900,18900,0.00001,141998.2,66031.33,1329.01,1222.68,722.26,0.9835153081,0.9828649828,0.9809960497,0.9809974358,0.9809726475
webbase-2001,118142155,1889691191,189000,189000,189000,0.0001,150060.1,71846.85,1327.31,1252.65,677.4,0.9834840178,0.9825144648,0.9809536942,0.9809537599,0.9809309751
webbase-2001,118142155,1889691191,1890000,1890000,1890000,0.001,176334.05,63230.98,1224.7,1271.59,782.46,0.9829065166,0.9810280281,0.980424942,0.9804258656,0.9804006323
webbase-2001,118142155,1889691191,18900000,18900000,18900000,0.01,274799.23,62740.99,1516.02,1376.85,1014,0.9778912451,0.9762662317,0.9761672579,0.9761652282,0.9761285048
webbase-2001,118142155,1889691191,189000000,189000000,189000000,0.1,597773.38,96325.24,2345.18,2099.53,2030.92,0.9350301333,0.9345752444,0.9364882758,0.9364741159,0.9364693949