graph,order,size,batch_deletions_size,batch_insertions_size,batch_size,batch_fraction,seqsta-t,ompsta-t,ompnai-t,ompdel-t,ompfro-t,seqsta-m,ompsta-m,ompnai-m,ompdel-m,ompfro-m
webbase-2001,118142155,1889691191,0,18,18,0.000000009525365883,142951.38,70339.04,1492.96,907.24,826.54,0.9834735208,0.9828693854,0.9815325706,0.9815205976,0.9815035062
webbase-2001,118142155,1889691191,0,188,188,0.00000009948715478,139891.54,69908.78,1489.82,1006.96,806.06,0.9834733884,0.9828707812,0.9815324136,0.9815436814,0.981503419
webbase-2001,118142155,1889691191,0,1888,1888,0.0000009991050437,140536.06,66029.74,1325.66,1044.94,711.26,0.9834725262,0.982832679,0.9815315834,0.9815332176,0.9815025506
webbase-2001,118142155,1889691191,0,18900,18900,0.00001000163418,138888.08,65411.98,1387.22,1304.96,720.34,0.983463168,0.9829541988,0.981522857,0.981523916,0.9814938652
webbase-2001,118142155,1889691191,0,189000,189000,0.0001000163418,142978.92,69561.74,1328.44,1273.38,681.98,0.9833836692,0.982767962,0.9814361232,0.98143621,0.981407022
webbase-2001,118142155,1889691191,0,1890000,1890000,0.001000163418,138617.36,57890.78,1387.52,1302.48,798.18,0.982560732,0.9821237208,0.9805690348,0.9805692078,0.9805367156
webbase-2001,118142155,1889691191,0,18900000,18900000,0.01000163418,177791.58,44145.62,1591.84,1307.56,1034.48,0.9740406204,0.973499265,0.971980166,0.97197701,0.9719503154
webbase-2001,118142155,1889691191,0,189000000,189000000,0.1000163418,482686.8,62167.38,3060.66,2717.2,2740.16,0.895153792,0.8949448112,0.8931239464,0.8930993578,0.8930924962