graph,order,size,batch_deletions_size,batch_insertions_size,batch_size,batch_fraction,seqsta-t,ompsta-t,ompnai-t,ompdel-t,ompfro-t,seqsta-m,ompsta-m,ompnai-m,ompdel-m,ompfro-m
webbase-2001,1.18E+08,1.89E+09,0.00E+00,1.89E+03,1.89E+03,9.99E-07,139985.18,67234.5,1322.08,1116.48,788.74,0.9834725694,0.9828031002,0.9807547768,0.9807548108,0.9805738106
webbase-2001,1.18E+08,1.89E+09,0.00E+00,1.89E+04,1.89E+04,1.00E-05,140162.26,69144.58,1427.82,1294.8,715.5,0.9834636742,0.9827007364,0.9807460732,0.9807461122,0.9805651128
webbase-2001,1.18E+08,1.89E+09,0.00E+00,1.89E+05,1.89E+05,1.00E-04,144118.7,69388.5,1415.86,1393.9,740.46,0.9833847042,0.9824545482,0.9806593426,0.9806593822,0.980478295
webbase-2001,1.18E+08,1.89E+09,0.00E+00,1.89E+06,1.89E+06,1.00E-03,136391.56,64631.2,1550.22,1481.6,859.6,0.9825549076,0.981946877,0.979801743,0.9798018454,0.9796207814
webbase-2001,1.18E+08,1.89E+09,0.00E+00,1.89E+07,1.89E+07,1.00E-02,177193.92,49152.42,1689.34,1576.7,1245.72,0.9740507612,0.9735712064,0.971753101,0.9717547944,0.971646788
webbase-2001,1.18E+08,1.89E+09,0.00E+00,1.89E+08,1.89E+08,1.00E-01,491821.3,78252.02,2767.78,3033.64,3299.32,0.8951479824,0.8948420652,0.892917775,0.8929212676,0.8928988138