graph,batch_deletions_fraction,batch_insertions_fraction,batch_fraction,lousta-t,lounai-t,loudel-t,loufro-t,lousta-m,lounai-m,loudel-m,loufro-m
webbase-2001,0.0000001,0,0.0000001,6293.74,1793.58,505.78,379.92,0.9833077492,0.9838939738,0.983588119,0.9834490704
webbase-2001,0.000001,0,0.000001,5826.78,1582.24,676.36,386.78,0.98341369,0.9838939544,0.9837201434,0.9834490698
webbase-2001,0.00001,0,0.00001,6096.64,1729.46,933.16,377.68,0.9833591528,0.9838939504,0.983851622,0.9834510056
webbase-2001,0.0001,0,0.0001,5845.66,1551.98,1071.58,387.12,0.983174089,0.9838938338,0.9838904006,0.9834642514
webbase-2001,0.001,0,0.001,5346.8,1408.42,1067.52,463.72,0.983061979,0.983892575,0.9838923668,0.9834892252
webbase-2001,0.01,0,0.01,6099.88,1644.66,1412.82,998.96,0.9824465234,0.9838802576,0.9838802816,0.9835293132
webbase-2001,0.1,0,0.1,7021.62,1843.1,3253.38,2265.46,0.974823166,0.9837827196,0.98378341,0.9835703208