graph,order,size,batch_deletions_size,batch_insertions_size,batch_size,batch_fraction,ompsta-t,ompnai-t,ompdel-t,ompfro-t,ompsta-m,ompnai-m,ompdel-m,ompfro-m
webbase-2001,118142155,1889691191,94,94,188,0.0000001,65151.58,1301.24,991.28,727.1,0.9826666248,0.980512856,0.9805131754,0.9805057904
webbase-2001,118142155,1889691191,944,944,1888,0.000001,60204.46,1287.34,1011.08,661.62,0.9830920358,0.9805207416,0.9805211512,0.9805137286
webbase-2001,118142155,1889691191,9448,9448,18896,0.00001,64054.8,1323.12,1164.6,645.94,0.9829835618,0.9805626616,0.9805626944,0.9805556168
webbase-2001,118142155,1889691191,94480,94480,188960,0.0001,63573.34,1113.26,1203.82,605.36,0.9823922948,0.9806006492,0.9806006448,0.9805934622
webbase-2001,118142155,1889691191,944800,944800,1889600,0.001,66006.6,1212.9,1993.1,743.82,0.9798096816,0.9800302828,0.9800303636,0.9800229342
webbase-2001,118142155,1889691191,9448000,9448000,18896000,0.01,82800.84,1335.52,3173.3,1005.12,0.9686735458,0.975348105,0.9753473332,0.975329178
webbase-2001,118142155,1889691191,94480000,94480000,188960000,0.1,150813.08,64908.44,84834.98,62005.16,0.877333867,0.9255816758,0.9253719096,0.9254464048