graph,num_threads,lousta-t,raksta-t,loufro-t,rakfro-t,hybfro-t,lousta-t1,raksta-t1,loufro-t1,rakfro-t1,hybfro-t1,lousta-m,raksta-m,loufro-m,rakfro-m,hybfro-m
asia_osm,1,4658.4,732.68,168.48,44.12,40.52,4658.4,732.68,168.48,44.12,40.52,0.9982207044,0.952954326,0.9982578072,0.9500844216,0.9982577516
asia_osm,2,2971.32,425.04,104.04,27.02,25.58,4658.4,732.68,168.48,44.12,40.52,0.998220409,0.9517770518,0.998257807,0.9500839652,0.9982577518
asia_osm,4,1544.58,218.26,66.12,14.62,13.62,4658.4,732.68,168.48,44.12,40.52,0.9982193604,0.9511689888,0.998257807,0.9500838234,0.9982577518
asia_osm,8,984.34,135.5,55.9,22.16,12.84,4658.4,732.68,168.48,44.12,40.52,0.9982187054,0.9506680198,0.998257807,0.9500836346,0.9982577518
asia_osm,16,642.68,76.58,42.7,11.1,7.58,4658.4,732.68,168.48,44.12,40.52,0.9982200992,0.9502066948,0.998257807,0.950083446,0.9982577518
asia_osm,32,568.82,65.78,44.54,11.96,7.86,4658.4,732.68,168.48,44.12,40.52,0.9982182578,0.9497497192,0.998257807,0.9500832886,0.9982577518
asia_osm,64,610,74.26,37.48,12.6,10.86,4658.4,732.68,168.48,44.12,40.52,0.9982191514,0.9498652092,0.998257807,0.95008332,0.9982577518
asia_osm,128,788.76,99.4,63.22,25.26,17.86,4658.4,732.68,168.48,44.12,40.52,0.9982183246,0.9491983356,0.998257807,0.9500831468,0.9982577526