graph,num_threads,lousta-t,raksta-t,loufro-t,rakfro-t,hybfro-t,lousta-t1,raksta-t1,loufro-t1,rakfro-t1,hybfro-t1,lousta-m,raksta-m,loufro-m,rakfro-m,hybfro-m
com-LiveJournal,1,4423.32,1677.4,195.86,137.72,163.66,4423.32,1677.4,195.86,137.72,163.66,0.7097693126,0.0004757954,0.7204790226,0.6250620994,0.720374049
com-LiveJournal,2,2929.88,979.2,134.74,77.26,97.8,4423.32,1677.4,195.86,137.72,163.66,0.7064516926,0.0156897874,0.720452472,0.6249990628,0.720371731
com-LiveJournal,4,1876.14,513.64,100.18,39.08,46.88,4423.32,1677.4,195.86,137.72,163.66,0.7137298232,0.2125715136,0.7204300386,0.6250056618,0.7203491476
com-LiveJournal,8,1423.66,288.12,94.38,24.58,29.74,4423.32,1677.4,195.86,137.72,163.66,0.7158827362,0.2358388154,0.720418281,0.6249015718,0.7203154242
com-LiveJournal,16,1166.26,193.34,84.82,14.38,48.64,4423.32,1677.4,195.86,137.72,163.66,0.7208836992,0.3363712406,0.7204217146,0.6248686998,0.7202905014
com-LiveJournal,32,988.24,163.36,76.84,12.24,11.16,4423.32,1677.4,195.86,137.72,163.66,0.7210686578,0.5966122326,0.7203936552,0.6249477904,0.7202786118
com-LiveJournal,64,911.26,158.08,81.76,14.26,10.3,4423.32,1677.4,195.86,137.72,163.66,0.7167112302,0.5676370082,0.7203580828,0.6248293794,0.7201903752
com-LiveJournal,128,1248.2,201.72,134.64,27.92,21.18,4423.32,1677.4,195.86,137.72,163.66,0.7157237494,0.6195408622,0.7203347224,0.6247311108,0.7201371834