graph,num_threads,lousta-t,raksta-t,loufro-t,rakfro-t,hybfro-t,lousta-t1,raksta-t1,loufro-t1,rakfro-t1,hybfro-t1,lousta-m,raksta-m,loufro-m,rakfro-m,hybfro-m
com-Orkut,1,10962.98,4733.98,909.38,190.64,809.56,10962.98,4733.98,909.38,190.64,809.56,0.6484585228,0.0000000308,0.6524115226,0.0048787364,0.649868952
com-Orkut,2,7382.04,3063.68,539.1,130.6,482.62,10962.98,4733.98,909.38,190.64,809.56,0.6449489098,0.00003217,0.6524281796,0.0048031666,0.6498692708
com-Orkut,4,4764.14,1512.5,375.52,67.1,228.5,10962.98,4733.98,909.38,190.64,809.56,0.65223559,0.0014059266,0.652422077,0.0047960168,0.6498724782
com-Orkut,8,3531.38,833,246.24,39.4,133.46,10962.98,4733.98,909.38,190.64,809.56,0.6483029622,0.0020007442,0.6524203718,0.0048047584,0.6498616196
com-Orkut,16,2760.78,540.08,191.38,24.76,70.06,10962.98,4733.98,909.38,190.64,809.56,0.646598229,0.003675869,0.6524054674,0.004851066,0.6498858232
com-Orkut,32,2666.54,498.86,169.42,17.06,48.38,10962.98,4733.98,909.38,190.64,809.56,0.6544984266,0.4699655478,0.6523976882,0.004879756,0.6498792618
com-Orkut,64,2348.36,403.02,162.3,15.72,39.64,10962.98,4733.98,909.38,190.64,809.56,0.6551920272,0.4573845886,0.6524000044,0.0049088038,0.6498940426
com-Orkut,128,2890.82,570,186.9,22.88,49.62,10962.98,4733.98,909.38,190.64,809.56,0.6545680232,0.334877936,0.6523153768,0.0049873318,0.6499718604