graph,num_threads,lousta-t,raksta-t,loufro-t,rakfro-t,hybfro-t,lousta-t1,raksta-t1,loufro-t1,rakfro-t1,hybfro-t1,lousta-m,raksta-m,loufro-m,rakfro-m,hybfro-m
europe_osm,1,28242.48,4277.7,728.1,201.6,178.24,28242.48,4277.7,728.1,201.6,178.24,0.998211383,0.9427219362,0.9984301564,0.9403414962,0.9984301776
europe_osm,2,17522.98,2572.54,553.46,121.2,112.1,28242.48,4277.7,728.1,201.6,178.24,0.99821136,0.941867839,0.998430156,0.9403412002,0.9984301774
europe_osm,4,9907.42,1352.56,325.94,90.5,69.34,28242.48,4277.7,728.1,201.6,178.24,0.9982106898,0.9415040692,0.998430156,0.940341104,0.9984301774
europe_osm,8,5828.46,735.18,331.8,99.56,55.4,28242.48,4277.7,728.1,201.6,178.24,0.9982099638,0.9412161794,0.998430156,0.9403410374,0.9984301774
europe_osm,16,3808.68,452.46,209.54,59.16,60.3,28242.48,4277.7,728.1,201.6,178.24,0.9982108248,0.9409162034,0.9984301558,0.9403409818,0.9984301774
europe_osm,32,2843.36,316.86,136.32,47.62,51.68,28242.48,4277.7,728.1,201.6,178.24,0.9982112586,0.94057603,0.9984301594,0.9403408672,0.998430181
europe_osm,64,3078.16,326.28,156.18,44.62,47.42,28242.48,4277.7,728.1,201.6,178.24,0.9982129154,0.9401574392,0.9984301594,0.940340856,0.9984301774
europe_osm,128,4206.52,352.96,190.44,64.34,38.22,28242.48,4277.7,728.1,201.6,178.24,0.9982098372,0.9396222534,0.9984301594,0.940340782,0.998430181