graph,num_threads,lousta-t,raksta-t,loufro-t,rakfro-t,hybfro-t,lousta-t1,raksta-t1,loufro-t1,rakfro-t1,hybfro-t1,lousta-m,raksta-m,loufro-m,rakfro-m,hybfro-m
it-2004,1,48560.66,26258.58,5996.06,2882.4,2657.88,48560.66,26258.58,5996.06,2882.4,2657.88,0.9770775894,0.9448554414,0.9770954292,0.9329186148,0.9770953634
it-2004,2,30831.48,18083.34,4637.86,1942.28,1562.42,48560.66,26258.58,5996.06,2882.4,2657.88,0.9770619852,0.9397744432,0.9770954226,0.9329042062,0.9770953572
it-2004,4,17572.16,9040.46,3006.56,925.02,822.54,48560.66,26258.58,5996.06,2882.4,2657.88,0.977058513,0.935827771,0.9770954212,0.9328881936,0.9770953436
it-2004,8,9379.32,4762.48,1293.98,488.04,463.42,48560.66,26258.58,5996.06,2882.4,2657.88,0.9770719802,0.9333837212,0.9770953772,0.9328790456,0.9770953024
it-2004,16,5389.82,2618.06,909.7,300.08,252.26,48560.66,26258.58,5996.06,2882.4,2657.88,0.9769960464,0.9324838708,0.9770953524,0.932872653,0.9770952968
it-2004,32,3911.48,1745.36,754.28,250.18,235.14,48560.66,26258.58,5996.06,2882.4,2657.88,0.976898615,0.9321702726,0.9770953732,0.932870896,0.9770952956
it-2004,64,3743.52,1544.12,741.48,204.5,195.56,48560.66,26258.58,5996.06,2882.4,2657.88,0.9769700568,0.931688207,0.9770953656,0.932872719,0.9770953266
it-2004,128,3826.9,1837.28,918.48,272.66,291.94,48560.66,26258.58,5996.06,2882.4,2657.88,0.976938371,0.9307020824,0.9770954024,0.932860627,0.977095337