graph,num_threads,lousta-t,raksta-t,loufro-t,rakfro-t,hybfro-t,lousta-t1,raksta-t1,loufro-t1,rakfro-t1,hybfro-t1,lousta-m,raksta-m,loufro-m,rakfro-m,hybfro-m
kmer_A2a,1,216603.76,23414.14,2449.26,821.12,660.02,216603.76,23414.14,2449.26,821.12,660.02,0.9739530064,0.7255105756,0.9720678792,0.7253248996,0.9720670138
kmer_A2a,2,124345.38,14641.22,4029.72,632.36,561.16,216603.76,23414.14,2449.26,821.12,660.02,0.9739573968,0.7254933382,0.9720678792,0.725324895,0.972067014
kmer_A2a,4,76776.68,8952.66,2903.66,365.62,307.52,216603.76,23414.14,2449.26,821.12,660.02,0.9739459208,0.725445966,0.9720678792,0.7253248884,0.972067015
kmer_A2a,8,42729.28,5156,2048.72,277.76,230.16,216603.76,23414.14,2449.26,821.12,660.02,0.9735540764,0.725430318,0.9720678772,0.7253248852,0.972067015
kmer_A2a,16,27891.8,3736.2,1558.94,278.58,193.52,216603.76,23414.14,2449.26,821.12,660.02,0.973213965,0.7254233016,0.972067877,0.7253248784,0.9720670158
kmer_A2a,32,21672.42,3297.4,1394.88,243.88,160.86,216603.76,23414.14,2449.26,821.12,660.02,0.9723988974,0.7254119764,0.9720678754,0.7253248386,0.9720670152
kmer_A2a,64,21743.58,3039.92,1006.94,191.62,117.64,216603.76,23414.14,2449.26,821.12,660.02,0.9721695106,0.7253808354,0.9720678758,0.7253247988,0.9720670154
kmer_A2a,128,18478.78,2224.44,922.28,181.9,109.64,216603.76,23414.14,2449.26,821.12,660.02,0.9725697462,0.7253632438,0.9720678706,0.725324743,0.9720670146