graph,num_threads,lousta-t,raksta-t,loufro-t,rakfro-t,hybfro-t,lousta-t1,raksta-t1,loufro-t1,rakfro-t1,hybfro-t1,lousta-m,raksta-m,loufro-m,rakfro-m,hybfro-m
kmer_V1r,1,250099.66,22232.52,3214.88,1168.22,854.06,250099.66,22232.52,3214.88,1168.22,854.06,0.9486726406,0.7127131352,0.944806839,0.7126450474,0.9448044094
kmer_V1r,2,153579.5,14117.02,5075.44,719.08,617.94,250099.66,22232.52,3214.88,1168.22,854.06,0.948692415,0.712712582,0.944806839,0.7126450456,0.9448044084
kmer_V1r,4,87171.24,8667.76,3774.22,433.36,356.62,250099.66,22232.52,3214.88,1168.22,854.06,0.9486637068,0.7127120554,0.944806839,0.7126450432,0.9448044084
kmer_V1r,8,49643.64,4825.86,2628.28,355.74,260.44,250099.66,22232.52,3214.88,1168.22,854.06,0.9482924948,0.7127113608,0.9448068382,0.7126450424,0.9448044084
kmer_V1r,16,34341.26,3171.7,2091.76,290.6,260.64,250099.66,22232.52,3214.88,1168.22,854.06,0.9480216682,0.7127101708,0.9448068378,0.7126450398,0.9448044084
kmer_V1r,32,27657.88,2699,1955.2,363.64,255.28,250099.66,22232.52,3214.88,1168.22,854.06,0.9473586516,0.7127076364,0.9448068376,0.7126450352,0.9448044084
kmer_V1r,64,22247.92,2535.88,1660.96,232.72,197.72,250099.66,22232.52,3214.88,1168.22,854.06,0.946468167,0.7127016408,0.944806835,0.7126450268,0.9448044084
kmer_V1r,128,21202.88,1846.9,1514.84,247.42,185.98,250099.66,22232.52,3214.88,1168.22,854.06,0.9453244618,0.7126930624,0.9448068332,0.7126449984,0.9448044054