graph,num_threads,lousta-t,raksta-t,loufro-t,rakfro-t,hybfro-t,lousta-t1,raksta-t1,loufro-t1,rakfro-t1,hybfro-t1,lousta-m,raksta-m,loufro-m,rakfro-m,hybfro-m
sk-2005,1,80011.2,43714.16,11910.74,6486.62,6396.16,80011.2,43714.16,11910.74,6486.62,6396.16,0.9762512662,0.9375467292,0.9754341252,0.9264858934,0.9754312434
sk-2005,2,47057.02,27544.88,6161.06,3460.26,3545.72,80011.2,43714.16,11910.74,6486.62,6396.16,0.976263843,0.933165935,0.975433987,0.926500307,0.9754298814
sk-2005,4,28986.88,16046.9,4318.48,1942,1797.48,80011.2,43714.16,11910.74,6486.62,6396.16,0.9762831076,0.9317392818,0.9754342208,0.9264945138,0.9754295318
sk-2005,8,18802.48,9794.34,2040.88,1152.12,1046.08,80011.2,43714.16,11910.74,6486.62,6396.16,0.9763811524,0.928972318,0.9754337484,0.9264359668,0.9754296314
sk-2005,16,12877.58,6566.14,1578.14,654.7,615.04,80011.2,43714.16,11910.74,6486.62,6396.16,0.9757803632,0.9257771368,0.9754337308,0.9264338928,0.9754296836
sk-2005,32,8986.38,4288.98,1373.36,459.32,431.92,80011.2,43714.16,11910.74,6486.62,6396.16,0.9746736014,0.925165076,0.975434331,0.9264148908,0.9754297224
sk-2005,64,7024.8,3345.32,1293.4,419.18,415.88,80011.2,43714.16,11910.74,6486.62,6396.16,0.9740587954,0.9248797276,0.9754351618,0.926401873,0.9754302596
sk-2005,128,6099.18,3007.6,1331.6,471.66,474.92,80011.2,43714.16,11910.74,6486.62,6396.16,0.9730330242,0.9233031024,0.9754342976,0.9263428848,0.9754299392