graph,num_threads,lousta-t,raksta-t,loufro-t,rakfro-t,hybfro-t,lousta-t1,raksta-t1,loufro-t1,rakfro-t1,hybfro-t1,lousta-m,raksta-m,loufro-m,rakfro-m,hybfro-m
uk-2005,1,44551.2,22880.2,4547.76,1865.56,1715.6,44551.2,22880.2,4547.76,1865.56,1715.6,0.9815799326,0.9561844868,0.9816064582,0.951676468,0.9816064214
uk-2005,2,23998.28,12810,2413.2,992.14,925.48,44551.2,22880.2,4547.76,1865.56,1715.6,0.9815816684,0.9550424212,0.9816064558,0.9516764252,0.9816064162
uk-2005,4,13547.08,6911.62,1802.98,652.28,644.76,44551.2,22880.2,4547.76,1865.56,1715.6,0.9815903686,0.9544803236,0.9816064562,0.9516759364,0.9816064198
uk-2005,8,8719.42,3848.56,1012.34,476.92,443.24,44551.2,22880.2,4547.76,1865.56,1715.6,0.9815867082,0.9538895378,0.9816064548,0.9516755192,0.9816064144
uk-2005,16,5939.86,2398.82,858.82,389.74,346.72,44551.2,22880.2,4547.76,1865.56,1715.6,0.9813459874,0.952867032,0.9816064558,0.9516755842,0.9816064176
uk-2005,32,5082.38,1860.72,851.78,321.46,299.9,44551.2,22880.2,4547.76,1865.56,1715.6,0.9814508752,0.9518210908,0.9816064588,0.9516749614,0.9816064302
uk-2005,64,4902.58,1717.4,828.5,300.78,288.26,44551.2,22880.2,4547.76,1865.56,1715.6,0.981506848,0.9512231754,0.9816063922,0.9516747972,0.9816064174
uk-2005,128,5109.7,1923.72,945.16,328.7,297.14,44551.2,22880.2,4547.76,1865.56,1715.6,0.9812109944,0.9524639402,0.9816062944,0.9516757192,0.9816063226